Date,Open,High,Low,Close,Volume,Dividends,Stock Splits,Symbol
2010-01-04 00:00:00-05:00,18.625065018969437,18.906070833121433,18.484562111893442,18.90045166015625,5130400,0.0,0.0,PEG
2010-01-05 00:00:00-05:00,18.9116872654766,18.967887556229886,18.788044053134964,18.88358497619629,6568700,0.0,0.0,PEG
2010-01-06 00:00:00-05:00,18.90044130400523,18.962262892269337,18.64191446727324,18.78241729736328,2972700,0.0,0.0,PEG
2010-01-07 00:00:00-05:00,18.709365471019094,18.765565769830232,18.478940815647054,18.529521942138672,1923800,0.0,0.0,PEG
2010-01-08 00:00:00-05:00,18.42835983684812,18.552000924004336,18.332816755418687,18.478940963745117,1764000,0.0,0.0,PEG
2010-01-11 00:00:00-05:00,18.462075551145965,18.574478271608307,18.327194001714012,18.568859100341797,3397600,0.0,0.0,PEG
2010-01-12 00:00:00-05:00,18.25413278281853,18.630681592748758,18.181070689446333,18.450838088989258,4012200,0.0,0.0,PEG
2010-01-13 00:00:00-05:00,18.47893912872479,18.692501959834384,18.32157444739209,18.574480056762695,2749100,0.0,0.0,PEG
2010-01-14 00:00:00-05:00,18.490177169337237,18.53513696955125,18.34967430982526,18.445215225219727,2590000,0.0,0.0,PEG
2010-01-15 00:00:00-05:00,18.36091531748921,18.484558537858717,18.07990955767037,18.332815170288086,3169700,0.0,0.0,PEG
2010-01-19 00:00:00-05:00,18.299092938697104,18.512655738557704,18.220409537591998,18.501415252685547,2185300,0.0,0.0,PEG
2010-01-20 00:00:00-05:00,18.383393620392663,18.383393620392663,17.900064512693763,18.113628387451172,3719400,0.0,0.0,PEG
2010-01-21 00:00:00-05:00,18.124872117530643,18.32157529845392,17.71460395167361,17.8438663482666,3204500,0.0,0.0,PEG
2010-01-22 00:00:00-05:00,17.804519095628407,17.87758009682753,17.523513430790715,17.557233810424805,3298800,0.0,0.0,PEG
2010-01-25 00:00:00-05:00,17.579717844724613,17.77080181590273,17.495415273006476,17.669639587402344,2074900,0.0,0.0,PEG
2010-01-26 00:00:00-05:00,17.652783194824874,17.70898456579146,17.433599027202373,17.585342407226562,2382500,0.0,0.0,PEG
2010-01-27 00:00:00-05:00,17.540376856175076,17.540376856175076,17.079527638261414,17.343673706054688,2649300,0.0,0.0,PEG
2010-01-28 00:00:00-05:00,17.37177282570021,17.383013311316375,17.04018600368528,17.180688858032227,2994500,0.0,0.0,PEG
2010-01-29 00:00:00-05:00,17.326815315923568,17.411116830492645,17.146971798989018,17.191932678222656,3138100,0.0,0.0,PEG
2010-02-01 00:00:00-05:00,17.27060831586232,17.32118942249647,17.118864995959864,17.214406967163086,2192100,0.0,0.0,PEG
2010-02-02 00:00:00-05:00,17.225652038343394,17.39425612933898,17.08514916515633,17.36053466796875,2553900,0.0,0.0,PEG
2010-02-03 00:00:00-05:00,17.253753341779795,17.349295338899235,17.107630224305844,17.169450759887695,1914100,0.0,0.0,PEG
2010-02-04 00:00:00-05:00,17.040187999631193,17.08514887541049,16.635540117617516,16.65802001953125,2337500,0.0,0.0,PEG
2010-02-05 00:00:00-05:00,16.64115919492476,16.7142202109643,16.303952114234505,16.590578079223633,3041800,0.0,0.0,PEG
2010-02-08 00:00:00-05:00,16.573720219631586,16.877206966384986,16.506279434987682,16.568099975585938,2157200,0.0,0.0,PEG
2010-02-09 00:00:00-05:00,16.714229031938316,16.989614656117777,16.635547731301994,16.79853057861328,3132400,0.0,0.0,PEG
2010-02-10 00:00:00-05:00,16.77604398909255,16.8884456492695,16.51751813397696,16.82100486755371,3503200,0.0,0.0,PEG
2010-02-11 00:00:00-05:00,16.804141056103738,17.203169717266142,16.624297575222762,17.1582088470459,5261500,0.0,0.0,PEG
2010-02-12 00:00:00-05:00,17.017708448272273,17.057049081395576,16.804143479957425,16.955886840820312,4165100,0.0,0.0,PEG
2010-02-16 00:00:00-05:00,17.096393457465542,17.332438379834972,17.090773212652927,17.287477493286133,3017500,0.0,0.0,PEG
2010-02-17 00:00:00-05:00,17.37739591631625,17.48979864699505,17.16945118614603,17.276233673095703,2219700,0.0,0.0,PEG
2010-02-18 00:00:00-05:00,17.23127406948471,17.461698719659694,17.15821303950687,17.338056564331055,3440400,0.0,0.0,PEG
2010-02-19 00:00:00-05:00,17.253746729392912,17.53475236946803,17.130103561710932,17.52351188659668,2822900,0.0,0.0,PEG
2010-02-22 00:00:00-05:00,17.630298635113476,17.630298635113476,17.141348230327356,17.180688858032227,2305800,0.0,0.0,PEG
2010-02-23 00:00:00-05:00,17.11886889696639,17.18069050181846,16.83786316138689,16.950265884399414,3321100,0.0,0.0,PEG
2010-02-24 00:00:00-05:00,17.01208820469011,17.034568107066914,16.725462213710824,16.955886840820312,3771400,0.0,0.0,PEG
2010-02-25 00:00:00-05:00,16.747945859720815,16.849108122908664,16.506281763380183,16.815387725830078,4217700,0.0,0.0,PEG
2010-02-26 00:00:00-05:00,16.787288368164614,16.86596965572281,16.607443740678214,16.702985763549805,2599600,0.0,0.0,PEG
2010-03-01 00:00:00-05:00,16.764804298808762,17.203173688617454,16.764804298808762,17.10763168334961,2944500,0.0,0.0,PEG
2010-03-02 00:00:00-05:00,17.191927070854334,17.2762285579274,17.096385099651112,17.214406967163086,2401400,0.0,0.0,PEG
2010-03-03 00:00:00-05:00,17.231269971353264,17.27623084186622,17.141348230327356,17.180688858032227,2356400,0.0,0.0,PEG
2010-03-04 00:00:00-05:00,17.248133720604756,17.383016355766877,17.07390937889577,17.36615562438965,7348300,0.0,0.0,PEG
2010-03-05 00:00:00-05:00,17.697742301790036,17.697742301790036,17.399875815915152,17.534759521484375,5039300,0.0,0.0,PEG
2010-03-08 00:00:00-05:00,17.45690418225237,17.553508189712385,17.23528367026004,17.451221466064453,2415200,0.343,0.0,PEG
2010-03-09 00:00:00-05:00,17.439855090253708,17.473950299550516,17.331885662968805,17.36029815673828,2987200,0.0,0.0,PEG
2010-03-10 00:00:00-05:00,17.38871173437492,17.445537805781036,17.212551888496403,17.36029815673828,3263100,0.0,0.0,PEG
2010-03-11 00:00:00-05:00,17.292117225917817,17.451229012515203,17.280751788627217,17.428499221801758,2532000,0.0,0.0,PEG
2010-03-12 00:00:00-05:00,17.490995067834582,17.5648681876873,17.343247744262197,17.371660232543945,1916400,0.0,0.0,PEG
2010-03-15 00:00:00-04:00,17.34325546800909,17.530780792236328,17.34325546800909,17.530780792236328,2157400,0.0,0.0,PEG
2010-03-16 00:00:00-04:00,17.570554226486507,17.718301578012863,17.468267515132325,17.68988800048828,2360100,0.0,0.0,PEG
2010-03-17 00:00:00-04:00,17.718313710000654,17.797869613808256,17.491010353501856,17.59329605102539,3551500,0.0,0.0,PEG
2010-03-18 00:00:00-04:00,17.581927611896415,17.729675030266527,17.451227263886317,17.610340118408203,2269400,0.0,0.0,PEG
2010-03-19 00:00:00-04:00,17.570568084716797,17.809236904829994,17.417137896672312,17.570568084716797,3569000,0.0,0.0,PEG
2010-03-22 00:00:00-04:00,17.502365638967227,17.570557152515015,17.331888480898765,17.383031845092773,2010200,0.0,0.0,PEG
2010-03-23 00:00:00-04:00,17.38303320579036,17.587606678579853,17.252333968782594,17.34893798828125,2770200,0.0,0.0,PEG
2010-03-24 00:00:00-04:00,17.30347519613621,17.40576083600841,17.08753631627122,17.098901748657227,3384400,0.0,0.0,PEG
2010-03-25 00:00:00-04:00,17.098905657226616,17.167096099395458,16.581790287998142,16.678394317626953,5960600,0.0,0.0,PEG
2010-03-26 00:00:00-04:00,16.72953273247127,16.73521544827888,16.50222951950302,16.542007446289062,3177700,0.0,0.0,PEG
2010-03-29 00:00:00-04:00,16.655661188506173,16.769313355195322,16.564739888701805,16.75794792175293,2689700,0.0,0.0,PEG
2010-03-30 00:00:00-04:00,16.820460464844125,16.837507534933778,16.68407848478875,16.73522186279297,2444400,0.0,0.0,PEG
2010-03-31 00:00:00-04:00,16.809092930973243,16.843188150764842,16.542011722181964,16.77499771118164,3954100,0.0,0.0,PEG
2010-04-01 00:00:00-04:00,16.85455010926562,17.132996695183603,16.85455010926562,17.115949630737305,3110800,0.0,0.0,PEG
2010-04-05 00:00:00-04:00,17.189825625507623,17.542146495394913,17.17846019141216,17.51373291015625,3317600,0.0,0.0,PEG
2010-04-06 00:00:00-04:00,17.439856095048746,17.701254521163296,17.365981872804394,17.672842025756836,3975800,0.0,0.0,PEG
2010-04-07 00:00:00-04:00,17.598971860993835,17.598971860993835,17.275064569666874,17.43417739868164,5440700,0.0,0.0,PEG
2010-04-08 00:00:00-04:00,17.400086915840564,17.400086915840564,17.17846522155424,17.32052993774414,2602200,0.0,0.0,PEG
2010-04-09 00:00:00-04:00,17.343255370209665,17.4512237402483,17.17277711395787,17.43985939025879,2686600,0.0,0.0,PEG
2010-04-12 00:00:00-04:00,17.61033912104924,17.650117061459984,17.50805236921157,17.63306999206543,2048000,0.0,0.0,PEG
2010-04-13 00:00:00-04:00,17.650114596804826,17.689892531660995,17.422811337721424,17.530780792236328,2521900,0.0,0.0,PEG
2010-04-14 00:00:00-04:00,17.51941492478702,17.746718178245676,17.394398406351616,17.74103546142578,3131700,0.0,0.0,PEG
2010-04-15 00:00:00-04:00,17.684213930456448,17.71830915419759,17.445545196533203,17.445545196533203,3118200,0.0,0.0,PEG
2010-04-16 00:00:00-04:00,17.417134110760262,17.5023727243009,17.138687395131356,17.189830780029297,2908600,0.0,0.0,PEG
2010-04-19 00:00:00-04:00,17.115954981657673,17.269384028976855,17.087541392252184,17.195510864257812,1610200,0.0,0.0,PEG
2010-04-20 00:00:00-04:00,17.309158625836265,17.50804937777496,17.258016342523216,17.496685028076172,2127000,0.0,0.0,PEG
2010-04-21 00:00:00-04:00,17.47394854390357,17.53645732455662,17.383027272335713,17.5194091796875,1747000,0.0,0.0,PEG
2010-04-22 00:00:00-04:00,17.525100608341944,17.684213454632108,17.400084068743123,17.655799865722656,2338700,0.0,0.0,PEG
2010-04-23 00:00:00-04:00,17.627389487302008,17.928565979003906,17.530785441090444,17.928565979003906,2064300,0.0,0.0,PEG
2010-04-26 00:00:00-04:00,17.88310524070922,17.97970928651875,17.803549350231155,17.837644577026367,2478900,0.0,0.0,PEG
2010-04-27 00:00:00-04:00,17.792181840885256,17.92856381604786,17.6217046428989,17.655799865722656,3475200,0.0,0.0,PEG
2010-04-28 00:00:00-04:00,17.78081178367774,17.917193715078074,17.4853170570434,17.87741470336914,3518700,0.0,0.0,PEG
2010-04-29 00:00:00-04:00,17.956978914253305,18.224060169244975,17.956978914253305,18.093360900878906,2678900,0.0,0.0,PEG
2010-04-30 00:00:00-04:00,18.150188243507337,18.553652596643218,18.121774650262413,18.25815773010254,4937400,0.0,0.0,PEG
2010-05-03 00:00:00-04:00,18.371798926399546,18.678656878623958,18.337702634937184,18.6218318939209,2559700,0.0,0.0,PEG
2010-05-04 00:00:00-04:00,18.47408920771911,18.51386931065737,18.15586572609212,18.26951789855957,2741900,0.0,0.0,PEG
2010-05-05 00:00:00-04:00,18.05357661663644,18.303609629039634,17.939924459095135,18.121767044067383,3174900,0.0,0.0,PEG
2010-05-06 00:00:00-04:00,18.093353692902678,18.1672268331118,16.826137290285494,17.616016387939453,3644400,0.0,0.0,PEG
2010-05-07 00:00:00-04:00,17.621705117041337,17.83196026129061,17.19551102674037,17.445545196533203,4797900,0.0,0.0,PEG
2010-05-10 00:00:00-04:00,18.019485031031355,18.229742336170798,17.71262585961584,17.854690551757812,6063500,0.0,0.0,PEG
2010-05-11 00:00:00-04:00,17.689889865697722,18.059258825393197,17.689889865697722,17.88878059387207,4001900,0.0,0.0,PEG
2010-05-12 00:00:00-04:00,17.877418011933617,18.297930399742707,17.79786214152687,18.26951789855957,3551900,0.0,0.0,PEG
2010-05-13 00:00:00-04:00,18.417259333038306,18.593420262145948,18.184273416597524,18.241098403930664,3647400,0.0,0.0,PEG
2010-05-14 00:00:00-04:00,18.15018152798871,18.292245106179163,17.88309926964492,18.07630729675293,3619300,0.0,0.0,PEG
2010-05-17 00:00:00-04:00,18.229737937126618,18.320659231447724,17.803542879678854,18.110403060913086,5231000,0.0,0.0,PEG
2010-05-18 00:00:00-04:00,18.189961117327094,18.292247862842228,17.900150116857578,17.93992805480957,3671200,0.0,0.0,PEG
2010-05-19 00:00:00-04:00,17.89447349754907,17.96834776509272,17.64443926595714,17.86037826538086,3681400,0.0,0.0,PEG
2010-05-20 00:00:00-04:00,17.52510274041379,17.598975912830458,17.246656038431382,17.32621192932129,7311000,0.0,0.0,PEG
2010-05-21 00:00:00-04:00,17.087541392252184,17.26370131109576,16.91138147340861,17.195510864257812,4815300,0.0,0.0,PEG
2010-05-24 00:00:00-04:00,17.30348107269182,17.456910126540876,17.0875421194903,17.12163734436035,2486900,0.0,0.0,PEG
2010-05-25 00:00:00-04:00,16.780678202884133,17.076171875,16.490866163423746,17.076171875,4362600,0.0,0.0,PEG
2010-05-26 00:00:00-04:00,17.21823836318848,17.280747167703986,16.905696508345876,16.985252380371094,2880100,0.0,0.0,PEG
2010-05-27 00:00:00-04:00,17.20119231062333,17.400083086289246,17.093222846598827,17.388717651367188,2347000,0.0,0.0,PEG
2010-05-28 00:00:00-04:00,17.394397369654936,17.593287027160407,17.326205855747812,17.40576171875,2633600,0.0,0.0,PEG
2010-06-01 00:00:00-04:00,17.29779615809885,17.5250994348157,17.11595353672537,17.20687484741211,3910900,0.0,0.0,PEG
2010-06-02 00:00:00-04:00,17.32052167919182,17.68988954839468,17.14436181859364,17.684207916259766,4898400,0.0,0.0,PEG
2010-06-03 00:00:00-04:00,17.70125835471141,17.90583183431736,17.678528570237113,17.894466400146484,2023500,0.0,0.0,PEG
2010-06-04 00:00:00-04:00,17.661485266920288,17.90583674932942,17.36030768192591,17.428499221801758,3386000,0.0,0.0,PEG
2010-06-07 00:00:00-04:00,17.50492591712228,17.884219488018903,17.361254491947765,17.706066131591797,4980500,0.343,0.0,PEG
2010-06-08 00:00:00-04:00,17.72331125700413,18.1658196134717,17.61412064132842,18.148578643798828,4824300,0.0,0.0,PEG
2010-06-09 00:00:00-04:00,18.275006362390766,18.619819126814534,18.079613120226277,18.30948829650879,6026100,0.0,0.0,PEG
2010-06-10 00:00:00-04:00,18.516372387428543,18.648549824164625,18.418674686731222,18.52786636352539,3392400,0.0,0.0,PEG
2010-06-11 00:00:00-04:00,18.343970631591162,18.476149197578803,18.14283038399152,18.453161239624023,2917200,0.0,0.0,PEG
2010-06-14 00:00:00-04:00,18.60257494066381,18.820956113984852,18.53935916478783,18.573841094970703,2706800,0.0,0.0,PEG
2010-06-15 00:00:00-04:00,18.72900946537266,19.033592224121094,18.579592128699534,19.033592224121094,2682300,0.0,0.0,PEG
2010-06-16 00:00:00-04:00,18.895667694637027,19.154276715397756,18.70027445586804,19.079566955566406,2628500,0.0,0.0,PEG
2010-06-17 00:00:00-04:00,19.091061019551226,19.384149782901158,18.947389584286096,19.332427978515625,3113300,0.0,0.0,PEG
2010-06-18 00:00:00-04:00,19.315190309528287,19.424379823565452,19.17151885788616,19.32093620300293,3351300,0.0,0.0,PEG
2010-06-21 00:00:00-04:00,19.596784335589707,19.660000122519396,18.935897000079958,19.01060676574707,4271100,0.0,0.0,PEG
2010-06-22 00:00:00-04:00,18.993360257841545,19.17151359821256,18.435916669135437,18.499130249023438,5555200,0.0,0.0,PEG
2010-06-23 00:00:00-04:00,18.447416641546226,18.493392566147666,18.206049614146927,18.223289489746094,4480800,0.0,0.0,PEG
2010-06-24 00:00:00-04:00,18.20029258988814,18.58533197714488,18.177304640260502,18.286495208740234,3122700,0.0,0.0,PEG
2010-06-25 00:00:00-04:00,18.33821889499615,18.63705569429315,18.022142227822012,18.619815826416016,6229800,0.0,0.0,PEG
2010-06-28 00:00:00-04:00,18.660050032625467,18.751999679859196,18.412934944637474,18.637062072753906,2779500,0.0,0.0,PEG
2010-06-29 00:00:00-04:00,18.44166422671256,18.453158203799017,18.091105598457585,18.165815353393555,4139500,0.0,0.0,PEG
2010-06-30 00:00:00-04:00,18.25201883146608,18.424425207340043,17.98766282690975,18.00490379333496,4804100,0.0,0.0,PEG
2010-07-01 00:00:00-04:00,18.062373049979925,18.08535990967888,17.76928318996736,17.901460647583008,3695100,0.0,0.0,PEG
2010-07-02 00:00:00-04:00,17.90146243700884,18.177311357726435,17.889968457947397,18.033639907836914,2860400,0.0,0.0,PEG
2010-07-06 00:00:00-04:00,18.12559393834716,18.30374626167223,18.022150300246675,18.223289489746094,4111400,0.0,0.0,PEG
2010-07-07 00:00:00-04:00,18.229035415047672,18.878429966324227,18.1830605892593,18.803722381591797,6629900,0.0,0.0,PEG
2010-07-08 00:00:00-04:00,18.872678434278793,19.07381755193666,18.872678434278793,19.056577682495117,3598200,0.0,0.0,PEG
2010-07-09 00:00:00-04:00,18.98762312191743,19.21175027758413,18.918659233825533,19.1600284576416,2794700,0.0,0.0,PEG
2010-07-12 00:00:00-04:00,19.142788038474468,19.297953493898476,19.039344401525128,19.223243713378906,2576600,0.0,0.0,PEG
2010-07-13 00:00:00-04:00,19.372658860840883,19.441622739067995,19.148531737233945,19.2347354888916,3269600,0.0,0.0,PEG
2010-07-14 00:00:00-04:00,19.142776718311772,19.32667592141597,19.0335850592958,19.263460159301758,2047800,0.0,0.0,PEG
2010-07-15 00:00:00-04:00,19.11978777121483,19.45885232027565,19.10254790690284,19.389890670776367,2137800,0.0,0.0,PEG
2010-07-16 00:00:00-04:00,19.315192015282733,19.3726597241137,18.941645331123762,18.9473934173584,3187400,0.0,0.0,PEG
2010-07-19 00:00:00-04:00,19.056583512891606,19.274964759057116,18.95313988008966,19.137039184570312,2418900,0.0,0.0,PEG
2010-07-20 00:00:00-04:00,19.022095432584663,19.269210454281396,18.780728495440094,19.240476608276367,3059400,0.0,0.0,PEG
2010-07-21 00:00:00-04:00,19.297954743474925,19.297954743474925,18.84969822358482,18.964635848999023,2205400,0.0,0.0,PEG
2010-07-22 00:00:00-04:00,19.142779406772885,19.487589912956473,19.068069659940807,19.36115837097168,3581300,0.0,0.0,PEG
2010-07-23 00:00:00-04:00,19.32093128382716,19.447362830603087,19.171513976752554,19.407135009765625,2144500,0.0,0.0,PEG
2010-07-26 00:00:00-04:00,19.424380832763504,19.585294357694604,19.361165039996198,19.568052291870117,2072100,0.0,0.0,PEG
2010-07-27 00:00:00-04:00,19.637011148498832,20.01630585044209,19.608277299268874,19.98756980895996,2720300,0.0,0.0,PEG
2010-07-28 00:00:00-04:00,19.94160021757744,20.07377770520451,19.711724991637464,19.763446807861328,3851800,0.0,0.0,PEG
2010-07-29 00:00:00-04:00,19.90711715251909,19.970332945697525,19.246229751682037,19.435874938964844,4388400,0.0,0.0,PEG
2010-07-30 00:00:00-04:00,19.142786640464635,19.395647627733798,18.504884989947644,18.90716552734375,5140700,0.0,0.0,PEG
2010-08-02 00:00:00-04:00,19.05083637974072,19.160025899595873,18.809467188149736,19.142786026000977,5799500,0.0,0.0,PEG
2010-08-03 00:00:00-04:00,19.131289586414596,19.274961027239723,18.981870060295222,19.004858016967773,2353900,0.0,0.0,PEG
2010-08-04 00:00:00-04:00,19.016355050703773,19.03359492485205,18.562352698610276,18.90716552734375,3977500,0.0,0.0,PEG
2010-08-05 00:00:00-04:00,18.780727105940645,18.820954925821802,18.47614441476852,18.619815826416016,3294400,0.0,0.0,PEG
2010-08-06 00:00:00-04:00,18.550855141030432,18.872679947336266,18.504881421416535,18.81521224975586,3779800,0.0,0.0,PEG
2010-08-09 00:00:00-04:00,18.82096218884002,18.947393781400393,18.734758431684746,18.774986267089844,2599600,0.0,0.0,PEG
2010-08-10 00:00:00-04:00,18.660044079038478,18.83819523057171,18.51062457979894,18.688777923583984,2870400,0.0,0.0,PEG
2010-08-11 00:00:00-04:00,18.470396425231595,18.504878353414217,18.229028408582682,18.240522384643555,2726900,0.0,0.0,PEG
2010-08-12 00:00:00-04:00,18.09110442964207,18.424423166858563,17.918699168987807,18.1370792388916,4236300,0.0,0.0,PEG
2010-08-13 00:00:00-04:00,18.10260597604644,18.430176765947063,18.033643185270662,18.223289489746094,2645600,0.0,0.0,PEG
2010-08-16 00:00:00-04:00,18.14282542365673,18.286496833215146,17.98766003826343,18.125585556030273,2201700,0.0,0.0,PEG
2010-08-17 00:00:00-04:00,18.26352470887249,18.614082485586316,18.18306790925843,18.44167709350586,2635000,0.0,0.0,PEG
2010-08-18 00:00:00-04:00,18.39568950686914,18.573842874841304,18.286500005871297,18.49338722229004,2833100,0.0,0.0,PEG
2010-08-19 00:00:00-04:00,18.275009041060205,18.527872210484958,18.102603729703997,18.19455337524414,2281500,0.0,0.0,PEG
2010-08-20 00:00:00-04:00,18.062374064047525,18.280754176015268,18.033639117653,18.234779357910156,2326600,0.0,0.0,PEG
2010-08-23 00:00:00-04:00,18.27500008577441,18.59682478358761,18.27500008577441,18.50487518310547,3047700,0.0,0.0,PEG
2010-08-24 00:00:00-04:00,18.33822524230257,18.654302018878578,18.33822524230257,18.464656829833984,3381100,0.0,0.0,PEG
2010-08-25 00:00:00-04:00,18.211790298038746,18.34396774711614,17.97616924668305,18.24627113342285,8832900,0.0,0.0,PEG
2010-08-26 00:00:00-04:00,18.338219747763883,18.38994154605223,17.976168255871393,18.039382934570312,3413900,0.0,0.0,PEG
2010-08-27 00:00:00-04:00,18.12558546661472,18.47614405496819,17.96467309409778,18.43016815185547,2723000,0.0,0.0,PEG
2010-08-30 00:00:00-04:00,18.407186519508382,18.481896291588647,18.19455337524414,18.19455337524414,2079400,0.0,0.0,PEG
2010-08-31 00:00:00-04:00,18.17730667496491,18.407180716343717,18.022142382112897,18.366952896118164,3960300,0.0,0.0,PEG
2010-09-01 00:00:00-04:00,18.533613168803658,18.872677807488902,18.464651501075846,18.866931915283203,2665800,0.0,0.0,PEG
2010-09-02 00:00:00-04:00,18.872679809696645,18.935895591925338,18.654298614429923,18.746248245239258,2465600,0.0,0.0,PEG
2010-09-03 00:00:00-04:00,18.79222288128844,18.94164019911769,18.71176723382254,18.924400329589844,2371800,0.0,0.0,PEG
2010-09-07 00:00:00-04:00,18.8099908082048,19.01324922004744,18.798375851928675,18.86225700378418,2628700,0.343,0.0,PEG
2010-09-08 00:00:00-04:00,18.914531238505166,18.984218790454463,18.600933931742325,18.653200149536133,1916500,0.0,0.0,PEG
2010-09-09 00:00:00-04:00,18.86807196984236,18.92614455553391,18.79257583618164,18.79257583618164,1821900,0.0,0.0,PEG
2010-09-10 00:00:00-04:00,18.757732789012667,18.792577673029733,18.461559028513364,18.53705406188965,3606600,0.0,0.0,PEG
2010-09-13 00:00:00-04:00,18.624164517917507,18.68223711072369,18.478980820574634,18.583513259887695,2997700,0.0,0.0,PEG
2010-09-14 00:00:00-04:00,18.6067373777828,18.699654826478614,18.444131288733438,18.542856216430664,3248700,0.0,0.0,PEG
2010-09-15 00:00:00-04:00,18.525436700781743,18.525436700781743,18.153766847388265,18.26410675048828,3627100,0.0,0.0,PEG
2010-09-16 00:00:00-04:00,18.252491929256596,18.374445685453576,18.15957446520265,18.345409393310547,2698700,0.0,0.0,PEG
2010-09-17 00:00:00-04:00,18.449940593845717,18.508014281944376,18.357023135953256,18.502206802368164,3856900,0.0,0.0,PEG
2010-09-20 00:00:00-04:00,18.55447265259231,18.746113936589264,18.45574771703007,18.734498977661133,2804100,0.0,0.0,PEG
2010-09-21 00:00:00-04:00,18.792573599523916,18.990023468833048,18.60673868903613,18.839031219482422,4052200,0.0,0.0,PEG
2010-09-22 00:00:00-04:00,18.850640456347094,19.11197141218533,18.798374265179447,18.815797805786133,2650700,0.0,0.0,PEG
2010-09-23 00:00:00-04:00,18.676429293026413,18.9261454103678,18.595126783255218,18.618356704711914,2426400,0.0,0.0,PEG
2010-09-24 00:00:00-04:00,18.82161338273484,19.088750839233395,18.74031087122026,19.0887508392334,2745900,0.0,0.0,PEG
2010-09-27 00:00:00-04:00,19.141018057065804,19.297816715470656,19.059715541299006,19.199092864990234,2883700,0.0,0.0,PEG
2010-09-28 00:00:00-04:00,19.24553871154785,19.321034807958032,19.065512455534552,19.24553871154785,2292800,0.0,0.0,PEG
2010-09-29 00:00:00-04:00,19.141008377075195,19.20488952582239,18.96098210187086,19.141008377075195,1784800,0.0,0.0,PEG
2010-09-30 00:00:00-04:00,19.32684613262319,19.32684613262319,19.181662487479503,19.21070098876953,3332600,0.0,0.0,PEG
2010-10-01 00:00:00-04:00,19.37911233348798,19.384920919876635,19.12939628661471,19.21070098876953,2032100,0.0,0.0,PEG
2010-10-04 00:00:00-04:00,19.181662487479503,19.41395720584005,19.11778132916402,19.21070098876953,1935600,0.0,0.0,PEG
2010-10-05 00:00:00-04:00,19.402344690024254,19.54172198164546,19.309427234052414,19.495262145996094,1777900,0.0,0.0,PEG
2010-10-06 00:00:00-04:00,19.460421666126035,19.50688151227249,19.152632939051657,19.181669235229492,2152300,0.0,0.0,PEG
2010-10-07 00:00:00-04:00,19.27458371858108,19.408152432515944,19.24554742691299,19.39653968811035,1799900,0.0,0.0,PEG
2010-10-08 00:00:00-04:00,19.46622347288301,19.54171958890584,19.3442697422261,19.46041488647461,1777700,0.0,0.0,PEG
2010-10-11 00:00:00-04:00,19.501065551148457,19.582368026603657,19.321037058836005,19.408145904541016,1816000,0.0,0.0,PEG
2010-10-12 00:00:00-04:00,19.413966085998247,19.454617348006675,19.106177326412237,19.26297378540039,2025900,0.0,0.0,PEG
2010-10-13 00:00:00-04:00,19.32104616639347,19.45461489836385,19.222320102998715,19.39073371887207,2115200,0.0,0.0,PEG
2010-10-14 00:00:00-04:00,19.367503536314008,19.47203597129252,19.164247254593192,19.22812843322754,1818300,0.0,0.0,PEG
2010-10-15 00:00:00-04:00,19.332653359923587,19.39653451374821,19.14681848443001,19.309423446655273,6137600,0.0,0.0,PEG
2010-10-18 00:00:00-04:00,19.344273039108735,19.628831792472766,19.286198241760054,19.588180541992188,1606600,0.0,0.0,PEG
2010-10-19 00:00:00-04:00,19.367499913558934,19.582373331559378,19.268776085283246,19.350078582763672,2108200,0.0,0.0,PEG
2010-10-20 00:00:00-04:00,19.41396194989182,19.640448137208534,19.396540617121968,19.489458084106445,1518500,0.0,0.0,PEG
2010-10-21 00:00:00-04:00,19.57076688799449,19.727565579357005,19.472040801435337,19.62883949279785,3533400,0.0,0.0,PEG
2010-10-22 00:00:00-04:00,19.62882700045195,19.634635586432257,19.23392733619649,19.309423446655273,3579300,0.0,0.0,PEG
2010-10-25 00:00:00-04:00,19.448809661906886,19.53591855376368,19.280396036191945,19.355892181396484,2618000,0.0,0.0,PEG
2010-10-26 00:00:00-04:00,19.30362483210566,19.39654230718624,19.19909239572408,19.39073371887207,2958200,0.0,0.0,PEG
2010-10-27 00:00:00-04:00,19.233935870086405,19.233935870086405,18.699660919821966,18.949377059936523,5428800,0.0,0.0,PEG
2010-10-28 00:00:00-04:00,19.03068170418118,19.129405567418885,18.722892936054574,18.844846725463867,4623100,0.0,0.0,PEG
2010-10-29 00:00:00-04:00,18.84484316760385,18.931952051309825,18.74611710767769,18.780961990356445,2755600,0.0,0.0,PEG
2010-11-01 00:00:00-04:00,18.856457195988185,18.97841095634193,18.55447487368809,18.68804359436035,3089400,0.0,0.0,PEG
2010-11-02 00:00:00-04:00,18.809998421757427,19.106174388363154,18.77515575415249,19.0887508392334,2164600,0.0,0.0,PEG
2010-11-03 00:00:00-04:00,19.146831842927686,19.23394075546893,18.960996837779426,19.12360191345215,2808200,0.0,0.0,PEG
2010-11-04 00:00:00-04:00,19.28620455946291,19.419773314128328,19.245553295665946,19.31524085998535,2359800,0.0,0.0,PEG
2010-11-05 00:00:00-04:00,19.373305477664545,19.413956720061467,19.042286952245856,19.17585563659668,2333100,0.0,0.0,PEG
2010-11-08 00:00:00-05:00,19.013255381036313,19.123594178423733,18.746115730775173,18.879684448242188,2325600,0.0,0.0,PEG
2010-11-09 00:00:00-05:00,18.91453005501439,19.03648381712679,18.78676770499538,18.850648880004883,2616500,0.0,0.0,PEG
2010-11-10 00:00:00-05:00,18.769351903836032,18.897114291510547,18.61255321405217,18.728700637817383,2594500,0.0,0.0,PEG
2010-11-11 00:00:00-05:00,18.67062292032586,18.792576684982656,18.54286056764127,18.618356704711914,3004100,0.0,0.0,PEG
2010-11-12 00:00:00-05:00,18.618359346289473,18.62416571981384,18.322183344013173,18.386064529418945,3302400,0.0,0.0,PEG
2010-11-15 00:00:00-05:00,18.48478482514272,18.757729726058418,18.48478482514272,18.560279846191406,1714600,0.0,0.0,PEG
2010-11-16 00:00:00-05:00,18.496400007016653,18.55447369726359,18.10150024253369,18.258298873901367,2299200,0.0,0.0,PEG
2010-11-17 00:00:00-05:00,18.281532832185157,18.33960653878153,18.095697857207814,18.14215660095215,3245900,0.0,0.0,PEG
2010-11-18 00:00:00-05:00,18.27572489198622,18.339606078405012,18.043431179095776,18.0956974029541,4471100,0.0,0.0,PEG
2010-11-19 00:00:00-05:00,17.96793384735546,17.99116266185156,17.62530024914464,17.863401412963867,5191200,0.0,0.0,PEG
2010-11-22 00:00:00-05:00,17.875016043721242,17.944703593585405,17.718217395031424,17.898244857788086,2388600,0.0,0.0,PEG
2010-11-23 00:00:00-05:00,17.776289376664725,17.88662817124827,17.68337191403462,17.793710708618164,3195300,0.0,0.0,PEG
2010-11-24 00:00:00-05:00,17.898240800885414,17.99115825141893,17.851782075618654,17.962121963500977,2348400,0.0,0.0,PEG
2010-11-26 00:00:00-05:00,17.776287074105838,17.92727820823779,17.753057157625516,17.787900924682617,1196100,0.0,0.0,PEG
2010-11-29 00:00:00-05:00,17.712408811851684,17.962124916589207,17.677565039088922,17.90985870361328,3189400,0.0,0.0,PEG
2010-11-30 00:00:00-05:00,17.88662267072128,18.04342125606442,17.787897758578918,17.90404510498047,9312200,0.0,0.0,PEG
2010-12-01 00:00:00-05:00,18.14795328329524,18.298944387531836,17.915659702801694,18.269906997680664,8987000,0.0,0.0,PEG
2010-12-02 00:00:00-05:00,18.264107536482328,18.345410043495114,18.055042681119644,18.287336349487305,8879800,0.0,0.0,PEG
2010-12-03 00:00:00-05:00,18.25829427151234,18.461551582309564,18.188605639249804,18.432514190673828,2670100,0.0,0.0,PEG
2010-12-06 00:00:00-05:00,18.492993830540204,18.534089193223505,18.316870527679015,18.4577693939209,3062000,0.343,0.0,PEG
2010-12-07 00:00:00-05:00,18.586918257233766,18.598660104212676,18.29924972483543,18.35795783996582,3108500,0.0,0.0,PEG
2010-12-08 00:00:00-05:00,18.39318068553466,18.434276026676358,18.19357378304863,18.27576446533203,3905200,0.0,0.0,PEG
2010-12-09 00:00:00-05:00,18.316862287109043,18.504727357579636,18.105513522947554,18.369699478149414,5234700,0.0,0.0,PEG
2010-12-10 00:00:00-05:00,18.41079819696523,18.41666912146407,18.1466121933392,18.269899368286133,2529600,0.0,0.0,PEG
2010-12-13 00:00:00-05:00,18.416661935870223,18.416661935870223,18.175958604389958,18.305116653442383,1938100,0.0,0.0,PEG
2010-12-14 00:00:00-05:00,18.30512201181759,18.545824293993626,18.222931316371408,18.46950340270996,3121100,0.0,0.0,PEG
2010-12-15 00:00:00-05:00,18.357963291375494,18.463637706037453,18.240547026247874,18.310997009277344,2408300,0.0,0.0,PEG
2010-12-16 00:00:00-05:00,18.310994979361706,18.745433320549854,18.24054500414216,18.710208892822266,5069100,0.0,0.0,PEG
2010-12-17 00:00:00-05:00,18.674979697886016,18.73955873591052,18.534080894730497,18.575176239013672,4916700,0.0,0.0,PEG
2010-12-20 00:00:00-05:00,18.692597679123843,18.721951184719227,18.463637200139374,18.48124885559082,2543700,0.0,0.0,PEG
2010-12-21 00:00:00-05:00,18.575174795687495,18.604529410583247,18.24054002422437,18.340343475341797,2662400,0.0,0.0,PEG
2010-12-22 00:00:00-05:00,18.39318139518641,18.557563885859537,18.322731436393898,18.551692962646484,1516600,0.0,0.0,PEG
2010-12-23 00:00:00-05:00,18.487119189673145,18.51647381409459,18.340349426859195,18.451894760131836,1738900,0.0,0.0,PEG
2010-12-27 00:00:00-05:00,18.387315706169083,18.481248264788857,18.346220351743487,18.451894760131836,1089200,0.0,0.0,PEG
2010-12-28 00:00:00-05:00,18.5164737701416,18.539956349858592,18.352091233064986,18.5164737701416,925000,0.0,0.0,PEG
2010-12-29 00:00:00-05:00,18.53995601199002,18.563439711043472,18.381444402672447,18.410799026489258,951100,0.0,0.0,PEG
2010-12-30 00:00:00-05:00,18.428409576416016,18.516472322823567,18.399056074123056,18.428409576416016,1117300,0.0,0.0,PEG
2010-12-31 00:00:00-05:00,18.446019742707552,18.733688279627362,18.42253604838062,18.67498016357422,2023100,0.0,0.0,PEG
2011-01-03 00:00:00-05:00,18.792399220984844,18.8217549648203,18.528214322931905,18.669113159179688,2671200,0.0,0.0,PEG
2011-01-04 00:00:00-05:00,18.66911019794442,18.71020666512529,18.36970091826199,18.539953231811523,3440500,0.0,0.0,PEG
2011-01-05 00:00:00-05:00,18.46363282350477,18.575177014138262,18.33447474206612,18.387311935424805,3161100,0.0,0.0,PEG
2011-01-06 00:00:00-05:00,18.41667382338492,18.446027333608946,18.252291254742303,18.346223831176758,3401600,0.0,0.0,PEG
2011-01-07 00:00:00-05:00,18.38144532328673,18.545827865600586,18.146613919812975,18.545827865600586,4845700,0.0,0.0,PEG
2011-01-10 00:00:00-05:00,18.492984850280074,18.581046458947636,18.264024443791598,18.551692962646484,3082000,0.0,0.0,PEG
2011-01-11 00:00:00-05:00,18.5693040652632,18.757170243251903,18.463630809834903,18.727815628051758,2630800,0.0,0.0,PEG
2011-01-12 00:00:00-05:00,18.745434730237324,19.03897426282541,18.745434730237324,18.880462646484375,2220400,0.0,0.0,PEG
2011-01-13 00:00:00-05:00,18.833497594590952,18.90981626104379,18.492990659848434,18.545827865600586,2870900,0.0,0.0,PEG
2011-01-14 00:00:00-05:00,18.487113719680675,18.586917173654754,18.440147454267233,18.563434600830078,1731000,0.0,0.0,PEG
2011-01-18 00:00:00-05:00,18.592789785179225,18.698464171896592,18.33447474206612,18.387311935424805,3337500,0.0,0.0,PEG
2011-01-19 00:00:00-05:00,18.381443770893622,18.669112355824662,18.381443770893622,18.651500701904297,2363700,0.0,0.0,PEG
2011-01-20 00:00:00-05:00,18.65737409595583,18.968526420317293,18.65737409595583,18.886333465576172,2067900,0.0,0.0,PEG
2011-01-21 00:00:00-05:00,19.074201115275827,19.074201115275827,18.90981744292339,19.05658721923828,3530500,0.0,0.0,PEG
2011-01-24 00:00:00-05:00,19.009617968611373,19.244448216513046,18.997876120287003,19.19748306274414,2246100,0.0,0.0,PEG
2011-01-25 00:00:00-05:00,19.179870948975438,19.28554535416501,19.056584889430535,19.080068588256836,2619000,0.0,0.0,PEG
2011-01-26 00:00:00-05:00,19.09767871759973,19.168129808452882,19.033099670748644,19.12116241455078,1968800,0.0,0.0,PEG
2011-01-27 00:00:00-05:00,19.138775342798912,19.244449746591577,19.0741985311734,19.156389236450195,1967400,0.0,0.0,PEG
2011-01-28 00:00:00-05:00,19.174002681749915,19.226839888582138,18.93330034829844,19.03897476196289,2277500,0.0,0.0,PEG
2011-01-31 00:00:00-05:00,19.056586417730642,19.138777130685444,18.95678404900809,19.03897476196289,2136000,0.0,0.0,PEG
2011-02-01 00:00:00-05:00,19.14464625719663,19.444055557250977,18.94503931065086,19.444055557250977,2877500,0.0,0.0,PEG
2011-02-02 00:00:00-05:00,19.338382727808636,19.338382727808636,18.94504084686849,19.132905960083008,3733800,0.0,0.0,PEG
2011-02-03 00:00:00-05:00,19.138768716974322,19.267926774568455,19.02722454693356,19.226831436157227,2384200,0.0,0.0,PEG
2011-02-04 00:00:00-05:00,19.17987133986441,19.17987133986441,18.909815516444514,18.915687561035156,3299300,0.0,0.0,PEG
2011-02-07 00:00:00-05:00,18.980262403957486,19.144643783569336,18.921553168718727,19.144643783569336,1554700,0.0,0.0,PEG
2011-02-08 00:00:00-05:00,19.132897902538616,19.22683041958755,19.00961189382337,19.22096061706543,1628200,0.0,0.0,PEG
2011-02-09 00:00:00-05:00,19.16225862172334,19.44405627915707,19.033100522242947,19.38534927368164,2549900,0.0,0.0,PEG
2011-02-10 00:00:00-05:00,19.373603848610912,19.4088293891113,19.220964318832486,19.309024810791016,1612800,0.0,0.0,PEG
2011-02-11 00:00:00-05:00,19.244451687428263,19.4381888604298,19.220970226073,19.29728889465332,1130000,0.0,0.0,PEG
2011-02-14 00:00:00-05:00,19.273808736848043,19.32664370811752,19.027234339944826,19.127038955688477,1075100,0.0,0.0,PEG
2011-02-15 00:00:00-05:00,19.056588113430358,19.09768347356452,18.962655541762395,19.050718307495117,1709600,0.0,0.0,PEG
2011-02-16 00:00:00-05:00,19.033096870232313,19.144643294572642,18.716074846389642,18.85697364807129,2868300,0.0,0.0,PEG
2011-02-17 00:00:00-05:00,18.833493503507253,18.892200501799785,18.61040287884444,18.827621459960938,2275600,0.0,0.0,PEG
2011-02-18 00:00:00-05:00,18.856971992383453,18.856971992383453,18.616269754007693,18.633882522583008,3141000,0.0,0.0,PEG
2011-02-22 00:00:00-05:00,18.363828375534222,18.99787354206759,18.228799377657456,18.921552658081055,5709700,0.0,0.0,PEG
2011-02-23 00:00:00-05:00,18.95091035708653,19.056584761567063,18.739562667889857,18.9626522064209,4238600,0.0,0.0,PEG
2011-02-24 00:00:00-05:00,18.956778198273675,19.068322382924556,18.792394583569724,18.921552658081055,4264000,0.0,0.0,PEG
2011-02-25 00:00:00-05:00,18.94503582473613,19.04483815988093,18.815877753816313,19.033096313476562,2317800,0.0,0.0,PEG
2011-02-28 00:00:00-05:00,19.085936623426914,19.314899306459264,19.0037459246849,19.19748306274414,2862000,0.0,0.0,PEG
2011-03-01 00:00:00-05:00,19.132911941502545,19.215102674287646,18.72195603804755,18.73369789123535,4022800,0.0,0.0,PEG
2011-03-02 00:00:00-05:00,18.745434230473755,18.839366788816495,18.569309843757807,18.72195053100586,2324200,0.0,0.0,PEG
2011-03-03 00:00:00-05:00,18.87459745725927,18.962657994854727,18.75718116760254,18.75718116760254,2313700,0.0,0.0,PEG
2011-03-04 00:00:00-05:00,18.780659054595404,18.786529979585758,18.393186963347603,18.55756950378418,2506300,0.0,0.0,PEG
2011-03-07 00:00:00-05:00,18.581052448871713,18.827625704486504,18.4636373060522,18.475378036499023,2725800,0.0,0.0,PEG
2011-03-08 00:00:00-05:00,18.43560006313227,18.862955336090486,18.43560006313227,18.803600311279297,2024400,0.343,0.0,PEG
2011-03-09 00:00:00-05:00,18.8036093190912,19.31406119205374,18.8036093190912,19.296253204345703,3497700,0.0,0.0,PEG
2011-03-10 00:00:00-05:00,19.153799475200742,19.379348410924113,18.975734347192297,19.023218154907227,3110900,0.0,0.0,PEG
2011-03-11 00:00:00-05:00,19.052898270033985,19.266576006240363,18.922318060187564,19.219093322753906,2556200,0.0,0.0,PEG
2011-03-14 00:00:00-04:00,19.070698014747947,19.070698014747947,18.595858931981144,18.70269775390625,4001800,0.0,0.0,PEG
2011-03-15 00:00:00-04:00,18.340636694316515,18.50683057558908,18.16850832809064,18.459346771240234,4011300,0.0,0.0,PEG
2011-03-16 00:00:00-04:00,18.459349776495245,18.74425264897165,17.895478517461903,17.996381759643555,7318400,0.0,0.0,PEG
2011-03-17 00:00:00-04:00,18.22192415826818,18.2516011055987,17.901407693004337,18.085407257080078,3962000,0.0,0.0,PEG
2011-03-18 00:00:00-04:00,18.126959047576836,18.22192665054712,17.931087092834613,18.061668395996094,3378500,0.0,0.0,PEG
2011-03-21 00:00:00-04:00,18.174450971828275,18.394063227310397,18.126967149121036,18.25754737854004,2280300,0.0,0.0,PEG
2011-03-22 00:00:00-04:00,18.293158833657564,18.506836588705717,18.245675013880593,18.39999771118164,2085500,0.0,0.0,PEG
2011-03-23 00:00:00-04:00,18.35250930970211,18.53650892388944,18.263477311360067,18.489025115966797,1856200,0.0,0.0,PEG
2011-03-24 00:00:00-04:00,18.583996666989222,18.661158578767168,18.494964649794575,18.500900268554688,2497300,0.0,0.0,PEG
2011-03-25 00:00:00-04:00,18.54837871072558,18.69083012337157,18.435604251175473,18.453411102294922,2319100,0.0,0.0,PEG
2011-03-28 00:00:00-04:00,18.500898950140932,18.56025400140877,18.388124465942383,18.388124465942383,1376400,0.0,0.0,PEG
2011-03-29 00:00:00-04:00,18.376251814352955,18.625542104800534,18.257542853060944,18.583993911743164,1536500,0.0,0.0,PEG
2011-03-30 00:00:00-04:00,18.631482241040402,18.916386307861284,18.572128312052026,18.809547424316406,2004600,0.0,0.0,PEG
2011-03-31 00:00:00-04:00,18.839213523209228,18.922309881549655,18.690826522113912,18.70269775390625,2322100,0.0,0.0,PEG
2011-04-01 00:00:00-04:00,18.82140854218215,18.85702224109125,18.619603242212698,18.69676399230957,2431300,0.0,0.0,PEG
2011-04-04 00:00:00-04:00,18.66709125091208,18.696768207924592,18.23973582447052,18.33470344543457,5329700,0.0,0.0,PEG
2011-04-05 00:00:00-04:00,18.322833708873024,18.399994477912983,18.263478661555858,18.287220001220703,4063900,0.0,0.0,PEG
2011-04-06 00:00:00-04:00,18.34657569762271,18.73238182067871,18.310963120813817,18.73238182067871,4590200,0.0,0.0,PEG
2011-04-07 00:00:00-04:00,18.69083494101811,18.7145774152971,18.44748024017588,18.61367416381836,2359500,0.0,0.0,PEG
2011-04-08 00:00:00-04:00,18.714575559691486,18.726445663550543,18.399994599307405,18.530574798583984,1497200,0.0,0.0,PEG
2011-04-11 00:00:00-04:00,18.447477418074456,18.483089991941434,18.0676069445512,18.138832092285156,3957500,0.0,0.0,PEG
2011-04-12 00:00:00-04:00,18.091348385326537,18.221929710415537,17.984509531018563,18.15070343017578,3569100,0.0,0.0,PEG
2011-04-13 00:00:00-04:00,18.180382252419157,18.459350652210407,18.16851214791372,18.376253128051758,3624700,0.0,0.0,PEG
2011-04-14 00:00:00-04:00,18.275348300260745,18.429669824853693,18.198186405861005,18.322832107543945,2714200,0.0,0.0,PEG
2011-04-15 00:00:00-04:00,18.37625468819683,18.70270693003594,18.358448963875254,18.518707275390625,2880200,0.0,0.0,PEG
2011-04-18 00:00:00-04:00,18.41186731110899,18.4415442712905,18.23380215370954,18.340641021728516,2118300,0.0,0.0,PEG
2011-04-19 00:00:00-04:00,18.328773695422758,18.34064493486958,18.085418947281376,18.115097045898438,2867000,0.0,0.0,PEG
2011-04-20 00:00:00-04:00,18.263482997891398,18.370321882008597,18.174450971828275,18.25754737854004,3153900,0.0,0.0,PEG
2011-04-21 00:00:00-04:00,18.27534973497253,18.364381739105106,18.097284594604027,18.35844612121582,1680000,0.0,0.0,PEG
2011-04-25 00:00:00-04:00,18.322833708873024,18.399994477912983,18.25160742567175,18.287220001220703,1059100,0.0,0.0,PEG
2011-04-26 00:00:00-04:00,18.346567721628993,18.578051068406754,18.269406983404043,18.542438507080078,2395800,0.0,0.0,PEG
2011-04-27 00:00:00-04:00,18.578054301021407,18.922312139355185,18.53057050028927,18.874828338623047,3720000,0.0,0.0,PEG
2011-04-28 00:00:00-04:00,18.83328501356119,19.130059127731787,18.809543673121315,19.04696273803711,2797400,0.0,0.0,PEG
2011-04-29 00:00:00-04:00,19.064767318104693,19.112252260346267,18.880767695331933,19.094444274902344,2148500,0.0,0.0,PEG
2011-05-02 00:00:00-04:00,19.106312521247425,19.284378762587888,19.00541043108039,19.100378036499023,2526000,0.0,0.0,PEG
2011-05-03 00:00:00-04:00,19.106312729428403,19.468377436596448,18.957926834935247,19.124120712280273,4520500,0.0,0.0,PEG
2011-05-04 00:00:00-04:00,19.08257729369763,19.2428333299596,18.797673271051817,19.195350646972656,4362200,0.0,0.0,PEG
2011-05-05 00:00:00-04:00,19.153799475200742,19.26657281095915,18.83328292404751,19.023218154907227,3207500,0.0,0.0,PEG
2011-05-06 00:00:00-04:00,19.07664034201215,19.361543229549916,19.04102889619923,19.171607971191406,7308000,0.0,0.0,PEG
2011-05-09 00:00:00-04:00,19.21909312056958,19.319995237046143,19.076640543194948,19.195350646972656,2537500,0.0,0.0,PEG
2011-05-10 00:00:00-04:00,19.26657932685354,19.646449917043974,19.219096635183398,19.581161499023438,2724600,0.0,0.0,PEG
2011-05-11 00:00:00-04:00,19.551476692283245,19.75921991867577,19.444637836242897,19.735477447509766,3657900,0.0,0.0,PEG
2011-05-12 00:00:00-04:00,19.74141602678408,20.073803899412173,19.64644838663422,20.002578735351562,3700000,0.0,0.0,PEG
2011-05-13 00:00:00-04:00,20.067866645999413,20.14502628634178,19.753284541702,19.854188919067383,3405700,0.0,0.0,PEG
2011-05-16 00:00:00-04:00,19.800766450898706,20.079734803192206,19.64644266546578,19.901668548583984,3536400,0.0,0.0,PEG
2011-05-17 00:00:00-04:00,19.877929412587555,20.12721855971468,19.84231570690942,20.07379913330078,2213600,0.0,0.0,PEG
2011-05-18 00:00:00-04:00,20.07380652805351,20.156902941040126,19.84825750408453,20.139097213745117,2389800,0.0,0.0,PEG
2011-05-19 00:00:00-04:00,20.15689616579462,20.29934872889506,20.12128472317452,20.287477493286133,2455300,0.0,0.0,PEG
2011-05-20 00:00:00-04:00,20.22218343608665,20.311216556109745,20.091602130507784,20.245925903320312,2359400,0.0,0.0,PEG
2011-05-23 00:00:00-04:00,20.1747023108828,20.25186193899195,20.03818424593729,20.06786346435547,2168500,0.0,0.0,PEG
2011-05-24 00:00:00-04:00,20.13909039244106,20.145024878126847,19.806702588870113,19.82451057434082,2652100,0.0,0.0,PEG
2011-05-25 00:00:00-04:00,19.729537824222536,19.97289242978752,19.62269899600317,19.84824562072754,2310100,0.0,0.0,PEG
2011-05-26 00:00:00-04:00,19.788901328036744,19.854192006330337,19.575223567878513,19.717676162719727,2403200,0.0,0.0,PEG
2011-05-27 00:00:00-04:00,19.83044857515154,19.883868012619395,19.682061500430496,19.78890037536621,1892700,0.0,0.0,PEG
2011-05-31 00:00:00-04:00,19.87792896372097,19.972896579178244,19.676122497848443,19.88386344909668,2072000,0.0,0.0,PEG
2011-06-01 00:00:00-04:00,19.788895123554372,19.89573397013593,19.527734756469727,19.527734756469727,2588200,0.0,0.0,PEG
2011-06-02 00:00:00-04:00,19.58708856118743,19.58708856118743,19.33779942995505,19.5158634185791,2542000,0.0,0.0,PEG
2011-06-03 00:00:00-04:00,19.308121245820224,19.42683133266318,19.183476673528087,19.278444290161133,1853500,0.0,0.0,PEG
2011-06-06 00:00:00-04:00,19.24877028295881,19.302189717010403,19.10631770408558,19.219093322753906,1755000,0.0,0.0,PEG
2011-06-07 00:00:00-04:00,19.35887024119436,19.490849634565315,19.166901462717522,19.19089698791504,2747800,0.343,0.0,PEG
2011-06-08 00:00:00-04:00,19.23888100063996,19.322867019450033,19.058910633411607,19.14289665222168,3201100,0.0,0.0,PEG
2011-06-09 00:00:00-04:00,19.172894810676823,19.310872193534237,19.040916593711977,19.220888137817383,2155400,0.0,0.0,PEG
2011-06-10 00:00:00-04:00,19.196898452878937,19.202896476728068,19.016927987572924,19.04692268371582,1807500,0.0,0.0,PEG
2011-06-13 00:00:00-04:00,19.376863415745515,19.43685507944413,18.950932901501233,18.956932067871094,3882700,0.0,0.0,PEG
2011-06-14 00:00:00-04:00,19.106908277228044,19.214889841942004,18.896942025873532,19.12490463256836,3288100,0.0,0.0,PEG
2011-06-15 00:00:00-04:00,18.980930270547475,19.118908828098434,18.63898574872705,18.680978775024414,3747600,0.0,0.0,PEG
2011-06-16 00:00:00-04:00,18.716971755644916,19.040918740805342,18.69897425593777,18.84295082092285,2496300,0.0,0.0,PEG
2011-06-17 00:00:00-04:00,18.93893678914351,19.076914199154697,18.872947095562456,18.932937622070312,2205500,0.0,0.0,PEG
2011-06-20 00:00:00-04:00,18.860947418387298,19.04091782995348,18.75896388004007,18.9929256439209,1599700,0.0,0.0,PEG
2011-06-21 00:00:00-04:00,19.09491050312405,19.23288904870811,18.956933101764044,19.05291748046875,2184200,0.0,0.0,PEG
2011-06-22 00:00:00-04:00,18.96893167547419,19.220890958822107,18.896942818421614,19.07091522216797,2629200,0.0,0.0,PEG
2011-06-23 00:00:00-04:00,18.848950465877902,18.962932345134625,18.674978063632164,18.944934844970703,2798300,0.0,0.0,PEG
2011-06-24 00:00:00-04:00,18.986931668314686,19.21489432823422,18.644987106323242,18.644987106323242,4761100,0.0,0.0,PEG
2011-06-27 00:00:00-04:00,18.764958423352667,19.20888632084313,18.75296009374446,19.14289665222168,3311100,0.0,0.0,PEG
2011-06-28 00:00:00-04:00,19.16689896617746,19.286880009209717,19.08291177836527,19.250885009765625,2110700,0.0,0.0,PEG
2011-06-29 00:00:00-04:00,19.292880379828,19.41885946054402,19.17889848949624,19.34087371826172,1994900,0.0,0.0,PEG
2011-06-30 00:00:00-04:00,19.430848222270185,19.604820555709995,19.26287619740262,19.58082389831543,2496800,0.0,0.0,PEG
2011-07-01 00:00:00-04:00,19.604826978676876,19.772799058575742,19.514840628189365,19.754802703857422,1720100,0.0,0.0,PEG
2011-07-05 00:00:00-04:00,19.73080747160789,19.73080747160789,19.520842356484984,19.58683204650879,1996100,0.0,0.0,PEG
2011-07-06 00:00:00-04:00,19.580831841689864,19.6828165327654,19.42485808224556,19.556835174560547,1459400,0.0,0.0,PEG
2011-07-07 00:00:00-04:00,19.652821273981083,19.712812947052825,19.508845835505568,19.69481658935547,1989800,0.0,0.0,PEG
2011-07-08 00:00:00-04:00,19.562838442808175,19.592833137029945,19.400864347872457,19.520845413208008,1400300,0.0,0.0,PEG
2011-07-11 00:00:00-04:00,19.30487880229354,19.316877136956574,19.124907215020524,19.232891082763672,1523500,0.0,0.0,PEG
2011-07-12 00:00:00-04:00,19.17289667703768,19.418856781456228,19.124904489449282,19.27488136291504,2756800,0.0,0.0,PEG
2011-07-13 00:00:00-04:00,19.394862230606734,19.45485160638792,19.154900150586005,19.214889526367188,2107200,0.0,0.0,PEG
2011-07-14 00:00:00-04:00,19.24488702470171,19.262883380234598,19.076912648751886,19.1968936920166,2825500,0.0,0.0,PEG
2011-07-15 00:00:00-04:00,19.220900832155206,19.250895537203995,18.998936124430344,19.100919723510742,2658700,0.0,0.0,PEG
2011-07-18 00:00:00-04:00,19.034920057342198,19.0829122468886,18.872945988539076,18.944934844970703,1478200,0.0,0.0,PEG
2011-07-19 00:00:00-04:00,19.00492473481151,19.136902965611252,18.866947337490323,19.12490463256836,1466700,0.0,0.0,PEG
2011-07-20 00:00:00-04:00,19.148898006433647,19.27487819327651,19.06491197802095,19.172893524169922,943700,0.0,0.0,PEG
2011-07-21 00:00:00-04:00,19.304872176121876,19.646816587080757,19.280875515032378,19.568828582763672,2273300,0.0,0.0,PEG
2011-07-22 00:00:00-04:00,19.598831019410856,19.71881208388271,19.48485026680925,19.682819366455078,2079000,0.0,0.0,PEG
2011-07-25 00:00:00-04:00,19.580835836151728,19.982772082993755,19.580835836151728,19.91678237915039,3155400,0.0,0.0,PEG
2011-07-26 00:00:00-04:00,19.89277805763841,20.08474678311918,19.796793694898025,19.970766067504883,3964200,0.0,0.0,PEG
2011-07-27 00:00:00-04:00,19.9167801556056,19.99476818675454,19.81479545511108,19.940776824951172,3830200,0.0,0.0,PEG
2011-07-28 00:00:00-04:00,19.916773977765104,19.92277199901684,19.730803280694335,19.850784301757812,2074000,0.0,0.0,PEG
2011-07-29 00:00:00-04:00,19.712807840069594,19.832788866681344,19.56283212891684,19.646818161010742,3232700,0.0,0.0,PEG
2011-08-01 00:00:00-04:00,19.808792233801842,19.82678858686427,19.37086343118337,19.59282684326172,2397000,0.0,0.0,PEG
2011-08-02 00:00:00-04:00,19.472851414259164,19.556837470624,19.310877324791957,19.346872329711914,3406500,0.0,0.0,PEG
2011-08-03 00:00:00-04:00,19.38886838827848,19.38886838827848,18.788965276541028,19.03492546081543,3799800,0.0,0.0,PEG
2011-08-04 00:00:00-04:00,18.87894424018767,18.914939238770813,18.117068411095097,18.159061431884766,4704200,0.0,0.0,PEG
2011-08-05 00:00:00-04:00,18.333040088304173,18.43502367037802,17.91910773537896,18.1950626373291,5603200,0.0,0.0,PEG
2011-08-08 00:00:00-04:00,17.89510661231948,18.147065920455095,17.211217552047454,17.30120277404785,6464400,0.0,0.0,PEG
2011-08-09 00:00:00-04:00,17.57115944813524,17.901105640988394,16.77928652568417,17.883108139038086,5722700,0.0,0.0,PEG
2011-08-10 00:00:00-04:00,17.59515204076318,17.97309036493897,17.33119444393743,17.379186630249023,5427600,0.0,0.0,PEG
2011-08-11 00:00:00-04:00,17.445172587195707,18.7409624849014,17.403179576175646,18.518999099731445,7297300,0.0,0.0,PEG
2011-08-12 00:00:00-04:00,18.60299082315926,18.88494480086615,18.447015917122233,18.63898468017578,6167900,0.0,0.0,PEG
2011-08-15 00:00:00-04:00,18.794957264267186,19.442852331643426,18.72896758103592,19.418855667114258,4854800,0.0,0.0,PEG
2011-08-16 00:00:00-04:00,19.250883592305865,19.478847328437173,19.130902558107916,19.418855667114258,3719600,0.0,0.0,PEG
2011-08-17 00:00:00-04:00,19.412855402960513,19.718804830801673,19.388858741203034,19.496841430664062,4113600,0.0,0.0,PEG
2011-08-18 00:00:00-04:00,19.046917443421478,19.298875567840046,18.866947027629926,19.214889526367188,5492400,0.0,0.0,PEG
2011-08-19 00:00:00-04:00,18.95692714644939,19.238881027290706,18.854943633085735,18.96892547607422,4068600,0.0,0.0,PEG
2011-08-22 00:00:00-04:00,19.44285690563854,19.44285690563854,18.9029444131795,19.13090705871582,4061700,0.0,0.0,PEG
2011-08-23 00:00:00-04:00,18.962927563538337,19.382859974349348,18.86094404343988,19.376859664916992,3964100,0.0,0.0,PEG
2011-08-24 00:00:00-04:00,19.32887837394447,20.07275692716289,19.23289397067601,20.060758590698242,4454700,0.0,0.0,PEG
2011-08-25 00:00:00-04:00,20.10274540601927,20.10274540601927,19.766801242716564,19.892780303955078,11385100,0.0,0.0,PEG
2011-08-26 00:00:00-04:00,19.766800205272208,19.94677061023134,19.286878362565236,19.796794891357422,3022700,0.0,0.0,PEG
2011-08-29 00:00:00-04:00,20.012760824091693,20.25872091803805,19.946771139883268,20.240724563598633,5126500,0.0,0.0,PEG
2011-08-30 00:00:00-04:00,20.180734909133236,20.31871231327438,20.090750839535872,20.210729598999023,2689100,0.0,0.0,PEG
2011-08-31 00:00:00-04:00,20.26472017839549,20.510680287372267,20.18673444542709,20.474687576293945,4599100,0.0,0.0,PEG
2011-09-01 00:00:00-04:00,20.468693359478493,20.528685043216683,20.04276270295668,20.09675407409668,4061400,0.0,0.0,PEG
2011-09-02 00:00:00-04:00,19.76079927542395,20.000761333477808,19.724806568629322,19.84478759765625,2354600,0.0,0.0,PEG
2011-09-06 00:00:00-04:00,19.280882895758946,19.760804859025342,19.136906306779025,19.730810165405273,3783400,0.0,0.0,PEG
2011-09-07 00:00:00-04:00,19.79930745096665,20.19335460695565,19.750810655843317,20.144855499267578,3471200,0.343,0.0,PEG
2011-09-08 00:00:00-04:00,20.005422696807596,20.34490949024637,20.005422696807596,20.163040161132812,2329800,0.0,0.0,PEG
2011-09-09 00:00:00-04:00,19.9387464883002,19.950871269826507,19.478016353128673,19.56894874572754,3790800,0.0,0.0,PEG
2011-09-12 00:00:00-04:00,19.429513021670992,19.805371917372543,19.32039348040066,19.7993106842041,4448700,0.0,0.0,PEG
2011-09-13 00:00:00-04:00,19.84781361439762,20.150926207508018,19.6901937709435,20.12061309814453,3437600,0.0,0.0,PEG
2011-09-14 00:00:00-04:00,20.150928182012116,20.58740878631539,19.932686723577586,20.36916732788086,3273600,0.0,0.0,PEG
2011-09-15 00:00:00-04:00,20.56921759508227,20.672274750883954,20.393411763057415,20.641963958740234,2493400,0.0,0.0,PEG
2011-09-16 00:00:00-04:00,20.75108659632627,20.963266786256465,20.6904650063836,20.896581649780273,3556700,0.0,0.0,PEG
2011-09-19 00:00:00-04:00,20.563161796092185,20.87839924079305,20.551039324719834,20.817777633666992,2133900,0.0,0.0,PEG
2011-09-20 00:00:00-04:00,20.92689342314042,21.50886903903452,20.85414704929504,21.102699279785156,3576800,0.0,0.0,PEG
2011-09-21 00:00:00-04:00,21.04206901978443,21.236060833164032,20.49040436688028,20.50252914428711,3636400,0.0,0.0,PEG
2011-09-22 00:00:00-04:00,20.0357357624932,20.22366634478211,19.793247150334608,20.029674530029297,4908700,0.0,0.0,PEG
2011-09-23 00:00:00-04:00,19.993300752154006,20.417658725909053,19.95692641866703,20.37522315979004,3042800,0.0,0.0,PEG
2011-09-26 00:00:00-04:00,20.526781234501602,20.62377715317202,20.290353827277773,20.611652374267578,2555500,0.0,0.0,PEG
2011-09-27 00:00:00-04:00,20.926890970262,20.969326542744984,20.56921806464453,20.666213989257812,2699300,0.0,0.0,PEG
2011-09-28 00:00:00-04:00,20.696526537429246,20.811710797565265,20.290356791339264,20.32672882080078,3187900,0.0,0.0,PEG
2011-09-29 00:00:00-04:00,20.702592338475,20.732903137182138,20.320669799581122,20.5874080657959,2878300,0.0,0.0,PEG
2011-09-30 00:00:00-04:00,20.411601519560467,20.64803129180199,20.229734420776367,20.229734420776367,4447200,0.0,0.0,PEG
2011-10-03 00:00:00-04:00,20.217605984425067,20.338851465885345,19.587133643449015,19.599258422851562,4214900,0.0,0.0,PEG
2011-10-04 00:00:00-04:00,19.3810194088004,19.587137227511437,18.938475286173922,19.332521438598633,6600000,0.0,0.0,PEG
2011-10-05 00:00:00-04:00,19.381017684936523,19.411329636293264,19.017283518917374,19.381017684936523,3834000,0.0,0.0,PEG
2011-10-06 00:00:00-04:00,19.3506989758515,19.744744932071246,19.277951478630172,19.738683700561523,2621700,0.0,0.0,PEG
2011-10-07 00:00:00-04:00,19.84174909050586,19.9023729936822,19.47195137510925,19.593196868896484,4706100,0.0,0.0,PEG
2011-10-10 00:00:00-04:00,19.83568730998505,19.932683239829448,19.762938628177714,19.89630889892578,3134800,0.0,0.0,PEG
2011-10-11 00:00:00-04:00,19.865999455934478,19.908435033592948,19.59926120885759,19.878124237060547,2968800,0.0,0.0,PEG
2011-10-12 00:00:00-04:00,19.96905817767291,19.9993712891253,19.665945563674786,19.781129837036133,3742100,0.0,0.0,PEG
2011-10-13 00:00:00-04:00,19.67807066318631,19.847815302308245,19.53863913600577,19.78719139099121,3457400,0.0,0.0,PEG
2011-10-14 00:00:00-04:00,19.956928001103943,20.059987464539766,19.87812040781401,20.04180145263672,2178700,0.0,0.0,PEG
2011-10-17 00:00:00-04:00,19.999367930614895,20.223670579787775,19.981179604284698,20.12667465209961,2403800,0.0,0.0,PEG
2011-10-18 00:00:00-04:00,20.072115914804247,20.193361412320634,19.88418527802557,20.023616790771484,4042700,0.0,0.0,PEG
2011-10-19 00:00:00-04:00,20.04786053998586,20.37522259459305,19.962989410102107,20.029674530029297,1813700,0.0,0.0,PEG
2011-10-20 00:00:00-04:00,20.07211356786969,20.338851781164927,20.053927554766563,20.25398063659668,2935400,0.0,0.0,PEG
2011-10-21 00:00:00-04:00,20.41766311623797,20.714712142944336,20.405538335801836,20.714712142944336,2828100,0.0,0.0,PEG
2011-10-24 00:00:00-04:00,20.775335774719636,20.866268157958984,20.62984072394515,20.866268157958984,2797600,0.0,0.0,PEG
2011-10-25 00:00:00-04:00,20.714706807763346,20.848077045645212,20.569214105132954,20.58133888244629,3035700,0.0,0.0,PEG
2011-10-26 00:00:00-04:00,20.854138047988144,20.878385287093707,20.611647156416257,20.799577713012695,2328600,0.0,0.0,PEG
2011-10-27 00:00:00-04:00,21.139073710049114,21.19363407476801,20.787464269411856,20.87233543395996,4725600,0.0,0.0,PEG
2011-10-28 00:00:00-04:00,20.823831827049435,20.884455726239487,20.526782814996714,20.605592727661133,4434400,0.0,0.0,PEG
2011-10-31 00:00:00-04:00,20.460101295491537,20.732903108611232,20.429790496826172,20.429790496826172,2984000,0.0,0.0,PEG
2011-11-01 00:00:00-04:00,19.756879572897986,20.290358402151494,19.67806964853237,19.744754791259766,4458400,0.0,0.0,PEG
2011-11-02 00:00:00-04:00,20.01149402694199,20.5086008481246,20.01149402694199,20.36310577392578,3576800,0.0,0.0,PEG
2011-11-03 00:00:00-04:00,20.538903719037297,20.908701340335355,20.460093821244712,20.842016220092773,4392400,0.0,0.0,PEG
2011-11-04 00:00:00-04:00,20.68440266144993,20.68440266144993,20.30854369432701,20.538909912109375,2488200,0.0,0.0,PEG
2011-11-07 00:00:00-05:00,20.59346896371381,20.72077568944511,20.43584913060947,20.714712142944336,1991400,0.0,0.0,PEG
2011-11-08 00:00:00-05:00,20.702587684276715,20.745023255439804,20.460096724003197,20.720773696899414,2667100,0.0,0.0,PEG
2011-11-09 00:00:00-05:00,20.46009040209701,20.472215177620804,20.005421726494856,20.0478572845459,3457900,0.0,0.0,PEG
2011-11-10 00:00:00-05:00,20.3206650378848,20.611652799905052,20.235793896366207,20.38128662109375,3309900,0.0,0.0,PEG
2011-11-11 00:00:00-05:00,20.58740527587764,20.805646697098982,20.58740527587764,20.629840850830078,2546900,0.0,0.0,PEG
2011-11-14 00:00:00-05:00,20.544973204127096,20.641969150924023,20.247924128809043,20.36916732788086,1918400,0.0,0.0,PEG
2011-11-15 00:00:00-05:00,20.260036057463235,20.36309549813189,20.10241859313802,20.163040161132812,3526000,0.0,0.0,PEG
2011-11-16 00:00:00-05:00,20.02361674945195,20.138801012509315,19.829624878852247,19.865999221801758,3198900,0.0,0.0,PEG
2011-11-17 00:00:00-05:00,19.872061764595195,19.914497344547936,19.562887923144395,19.756879806518555,3942900,0.0,0.0,PEG
2011-11-18 00:00:00-05:00,19.89631099208155,19.89631099208155,19.708380346489765,19.817501068115234,6638500,0.0,0.0,PEG
2011-11-21 00:00:00-05:00,19.59926434036696,19.6659471783664,19.35677330423221,19.52045440673828,10806900,0.0,0.0,PEG
2011-11-22 00:00:00-05:00,19.550763360385172,19.575012924220022,19.21733995163593,19.229463577270508,3260700,0.0,0.0,PEG
2011-11-23 00:00:00-05:00,19.102155782193524,19.168840922777747,18.82329159489086,18.902101516723633,3071900,0.0,0.0,PEG
2011-11-25 00:00:00-05:00,18.97484844686966,19.05972076181014,18.902102069815324,18.9202880859375,972200,0.0,0.0,PEG
2011-11-28 00:00:00-05:00,19.3082667580791,19.368889490204733,19.01727903141499,19.15064811706543,2220200,0.0,0.0,PEG
2011-11-29 00:00:00-05:00,19.259766275386564,19.490132395967095,19.21733071535391,19.368886947631836,3611600,0.0,0.0,PEG
2011-11-30 00:00:00-05:00,19.82355865106674,20.005425694870762,19.781123084597965,19.969051361083984,3563700,0.0,0.0,PEG
2011-12-01 00:00:00-05:00,19.859939599379345,20.005434687361912,19.75688240950642,19.793256759643555,2366600,0.0,0.0,PEG
2011-12-02 00:00:00-05:00,19.93268346342358,19.93268346342358,19.532574959256564,19.587135314941406,2559100,0.0,0.0,PEG
2011-12-05 00:00:00-05:00,19.823558886389765,19.872055686116234,19.611378738962202,19.750812530517578,3429900,0.0,0.0,PEG
2011-12-06 00:00:00-05:00,19.817504013835674,19.914499968302064,19.69019725720466,19.793256759643555,3434900,0.0,0.0,PEG
2011-12-07 00:00:00-05:00,19.62965978128228,19.758318035489175,19.427480521428876,19.648038864135742,3936400,0.343,0.0,PEG
2011-12-08 00:00:00-05:00,19.599036722535978,19.6480495844845,19.280452535591188,19.31721305847168,2502700,0.0,0.0,PEG
2011-12-09 00:00:00-05:00,19.415241708157865,19.476508086965787,19.21306347608302,19.427494049072266,2218900,0.0,0.0,PEG
2011-12-12 00:00:00-05:00,19.298831660943105,19.421364392880523,19.115033731595712,19.249818801879883,2379100,0.0,0.0,PEG
2011-12-13 00:00:00-05:00,19.317206821183426,19.568397803632973,19.206927625267348,19.292699813842773,2769300,0.0,0.0,PEG
2011-12-14 00:00:00-05:00,19.292709418421648,19.409115424123833,19.02313804626465,19.02313804626465,3058300,0.0,0.0,PEG
2011-12-15 00:00:00-05:00,19.206931502068617,19.54389474110755,19.194677995924994,19.50713539123535,2625100,0.0,0.0,PEG
2011-12-16 00:00:00-05:00,19.57453003077783,19.611288214953806,19.12728637017713,19.17017364501953,4574600,0.0,0.0,PEG
2011-12-19 00:00:00-05:00,19.26819276713804,19.38459753903344,18.747430579380023,18.771936416625977,3300700,0.0,0.0,PEG
2011-12-20 00:00:00-05:00,19.02925910385881,19.17629767140554,18.8638414457179,19.164045333862305,3032500,0.0,0.0,PEG
2011-12-21 00:00:00-05:00,19.176303180068988,19.409115188648833,19.121163555329495,19.40298843383789,3293800,0.0,0.0,PEG
2011-12-22 00:00:00-05:00,19.464251477367235,19.758328646535983,19.402985108317377,19.697063446044922,2814700,0.0,0.0,PEG
2011-12-23 00:00:00-05:00,19.80121457954276,20.040152131313718,19.770581979567584,19.93600082397461,1950700,0.0,0.0,PEG
2011-12-27 00:00:00-05:00,19.942125111667792,20.11979745192886,19.893113422319775,20.1075439453125,1259500,0.0,0.0,PEG
2011-12-28 00:00:00-05:00,20.083035098897884,20.09528860439574,19.88085810097626,19.923744201660156,1199600,0.0,0.0,PEG
2011-12-29 00:00:00-05:00,19.997266662871617,20.193318113517993,19.97275964726141,20.18106460571289,1919700,0.0,0.0,PEG
2011-12-30 00:00:00-05:00,20.22394371032715,20.352604329162972,20.11979243573087,20.22394371032715,2667100,0.0,0.0,PEG
2012-01-03 00:00:00-05:00,20.33423027377224,20.37099079777721,19.46425223971373,19.488758087158203,5153300,0.0,0.0,PEG
2012-01-04 00:00:00-05:00,19.4948820206969,19.617414745868114,19.37235046408436,19.3968563079834,3422400,0.0,0.0,PEG
2012-01-05 00:00:00-05:00,19.30495401278847,19.635790443893484,19.262067916956198,19.60515785217285,2546800,0.0,0.0,PEG
2012-01-06 00:00:00-05:00,19.64804999048223,19.672557006242297,19.384605413855688,19.5255184173584,2367500,0.0,0.0,PEG
2012-01-09 00:00:00-05:00,19.525518411172914,19.56840452018061,19.317213451513673,19.384605407714844,1996400,0.0,0.0,PEG
2012-01-10 00:00:00-05:00,19.580652364953846,19.580652364953846,19.32946135394531,19.34171485900879,3327400,0.0,0.0,PEG
2012-01-11 00:00:00-05:00,19.31108345304047,19.36009630775139,19.05989242657718,19.08439826965332,3621300,0.0,0.0,PEG
2012-01-12 00:00:00-05:00,19.15179450858595,19.21918763302124,19.010882674365643,19.096654891967773,1837100,0.0,0.0,PEG
2012-01-13 00:00:00-05:00,19.023140989515397,19.053774768681407,18.79033011064966,18.931241989135742,3328600,0.0,0.0,PEG
2012-01-17 00:00:00-05:00,19.096653215504663,19.176298672206297,18.741309699915213,18.802576065063477,3937600,0.0,0.0,PEG
2012-01-18 00:00:00-05:00,18.820955297885725,18.869968156660477,18.612650355953345,18.692296981811523,3246100,0.0,0.0,PEG
2012-01-19 00:00:00-05:00,18.692296842714455,18.741309701124482,18.490118655703252,18.533004760742188,3595200,0.0,0.0,PEG
2012-01-20 00:00:00-05:00,18.582023947576513,18.692303208696234,18.361465425337077,18.502378463745117,3844400,0.0,0.0,PEG
2012-01-23 00:00:00-05:00,18.643287799857266,18.94349176512855,18.563641158291215,18.8760986328125,3646200,0.0,0.0,PEG
2012-01-24 00:00:00-05:00,18.808703970461455,18.8332098168865,18.557512909671058,18.600399017333984,2576000,0.0,0.0,PEG
2012-01-25 00:00:00-05:00,18.514621591293597,18.986371009709938,18.379836543985444,18.94961166381836,4723100,0.0,0.0,PEG
2012-01-26 00:00:00-05:00,18.992501907808215,19.206933614672646,18.888349431248848,19.072147369384766,3005700,0.0,0.0,PEG
2012-01-27 00:00:00-05:00,19.047638689593082,19.07214453237182,18.551383395597863,18.582015991210938,3093500,0.0,0.0,PEG
2012-01-30 00:00:00-05:00,18.508501052856445,18.563640674485445,18.39209622369205,18.508501052856445,2715000,0.0,0.0,PEG
2012-01-31 00:00:00-05:00,18.575894607854803,18.655541249164937,18.45336302142537,18.58814811706543,3310700,0.0,0.0,PEG
2012-02-01 00:00:00-05:00,18.643285475856683,18.673918076604185,18.490120135001547,18.59427261352539,2744800,0.0,0.0,PEG
2012-02-02 00:00:00-05:00,18.618780340096176,18.631033849055772,18.26956351466021,18.37984275817871,4042500,0.0,0.0,PEG
2012-02-03 00:00:00-05:00,18.520750555798877,18.575890165501328,18.36145847983165,18.545257568359375,2368300,0.0,0.0,PEG
2012-02-06 00:00:00-05:00,18.47787155526329,18.53913794165664,18.43498543535568,18.5207576751709,1640000,0.0,0.0,PEG
2012-02-07 00:00:00-05:00,18.51462610663086,18.814830036502507,18.392094534256476,18.753564834594727,2212700,0.0,0.0,PEG
2012-02-08 00:00:00-05:00,18.759691712762393,18.943489656820866,18.69842534188996,18.912857055664062,2627400,0.0,0.0,PEG
2012-02-09 00:00:00-05:00,18.90672629439929,18.931232136418902,18.483989710394148,18.612648010253906,4415000,0.0,0.0,PEG
2012-02-10 00:00:00-05:00,18.533004898653896,18.692296981811523,18.47786528646246,18.692296981811523,3042300,0.0,0.0,PEG
2012-02-13 00:00:00-05:00,18.759688753772576,18.833207452376232,18.63715603135495,18.790321350097656,1960200,0.0,0.0,PEG
2012-02-14 00:00:00-05:00,18.778068981725387,18.857715606689453,18.612650147008065,18.857715606689453,2743500,0.0,0.0,PEG
2012-02-15 00:00:00-05:00,18.857714814817985,18.918980008606972,18.70454949322818,18.784194946289062,2187400,0.0,0.0,PEG
2012-02-16 00:00:00-05:00,18.808706190546275,19.243695240824216,18.808706190546275,19.20693588256836,2949700,0.0,0.0,PEG
2012-02-17 00:00:00-05:00,19.298841320708345,19.360107717343094,19.13954915688173,19.19468879699707,2744200,0.0,0.0,PEG
2012-02-21 00:00:00-05:00,19.21919489131219,19.231447235197678,18.81483716055018,18.943496704101562,3273000,0.0,0.0,PEG
2012-02-22 00:00:00-05:00,18.857710940596192,19.06601582864783,18.82095042960466,18.967988967895508,3054500,0.0,0.0,PEG
2012-02-23 00:00:00-05:00,18.91285578442652,18.955741890586964,18.655537978905112,18.68617057800293,11310600,0.0,0.0,PEG
2012-02-24 00:00:00-05:00,18.686175683918925,18.753568822619503,18.582023182544884,18.64328956604004,9490200,0.0,0.0,PEG
2012-02-27 00:00:00-05:00,18.64328432981514,18.820955506634697,18.53300510420912,18.796449661254883,13229100,0.0,0.0,PEG
2012-02-28 00:00:00-05:00,18.68004093093251,18.802573645460953,18.631028078832845,18.778066635131836,3337400,0.0,0.0,PEG
2012-02-29 00:00:00-05:00,18.778068981725387,18.98024716797143,18.661663005232597,18.857715606689453,3244800,0.0,0.0,PEG
2012-03-01 00:00:00-05:00,18.90672702424434,19.053765587713784,18.778067550859433,18.869966506958008,2579600,0.0,0.0,PEG
2012-03-02 00:00:00-05:00,18.882223831890897,19.090528797744607,18.882223831890897,19.010883331298828,2521700,0.0,0.0,PEG
2012-03-05 00:00:00-05:00,19.023128565824376,19.053762324983985,18.747431744738453,18.967988967895508,2976600,0.0,0.0,PEG
2012-03-06 00:00:00-05:00,18.89447439501483,18.931233745447834,18.612649592205305,18.759689331054688,3897900,0.0,0.0,PEG
2012-03-07 00:00:00-05:00,18.79998041752343,18.86816404184677,18.65741573236157,18.74419403076172,3049200,0.355,0.0,PEG
2012-03-08 00:00:00-05:00,18.824776295494758,18.985935666743238,18.775188523818517,18.917753219604492,2796800,0.0,0.0,PEG
2012-03-09 00:00:00-05:00,19.06031590012118,19.06031590012118,18.72559758999741,18.77518653869629,3610600,0.0,0.0,PEG
2012-03-12 00:00:00-04:00,18.78138164694485,18.93634354562349,18.737992504477305,18.905351638793945,2757300,0.0,0.0,PEG
2012-03-13 00:00:00-04:00,18.96114349160486,18.992135407382786,18.768991012796942,18.899158477783203,2770300,0.0,0.0,PEG
2012-03-14 00:00:00-04:00,18.899147878455576,18.93633839298446,18.620217246091233,18.657407760620117,2610300,0.0,0.0,PEG
2012-03-15 00:00:00-04:00,18.65741355258295,18.81857407525859,18.53344355598153,18.676008224487305,2982900,0.0,0.0,PEG
2012-03-16 00:00:00-04:00,18.66981315612793,18.70700368691811,18.533445906121177,18.66981315612793,3524800,0.0,0.0,PEG
2012-03-19 00:00:00-04:00,18.607825172086198,18.79377897854386,18.564436029397108,18.583030700683594,2423000,0.0,0.0,PEG
2012-03-20 00:00:00-04:00,18.45286395821299,18.50245172059511,18.341291197286836,18.459062576293945,3586200,0.0,0.0,PEG
2012-03-21 00:00:00-04:00,18.47145863019034,18.51484895675702,18.39087895966896,18.459062576293945,3875800,0.0,0.0,PEG
2012-03-22 00:00:00-04:00,18.378483690087396,18.49625508169657,18.347491778631863,18.477659225463867,3091600,0.0,0.0,PEG
2012-03-23 00:00:00-04:00,18.48386325058994,18.595436056089035,18.359894386242274,18.390886306762695,2752400,0.0,0.0,PEG
2012-03-26 00:00:00-04:00,18.514848268857367,18.595427936384894,18.44046603691502,18.583030700683594,3015100,0.0,0.0,PEG
2012-03-27 00:00:00-04:00,18.614026583161497,18.812377655085065,18.58303348925741,18.74419403076172,3177000,0.0,0.0,PEG
2012-03-28 00:00:00-04:00,18.75039257110844,18.837170869145588,18.564438737524362,18.66361427307129,3523000,0.0,0.0,PEG
2012-03-29 00:00:00-04:00,18.576835132306222,18.768988770422908,18.44046906400318,18.75039291381836,2586200,0.0,0.0,PEG
2012-03-30 00:00:00-04:00,18.91155434309847,18.985935408468123,18.787584324461427,18.973539352416992,3164100,0.0,0.0,PEG
2012-04-02 00:00:00-04:00,18.967335278676053,19.060312174782894,18.830968060938336,18.979732513427734,2594600,0.0,0.0,PEG
2012-04-03 00:00:00-04:00,18.99833402492654,19.016929883750755,18.66361684195125,18.837173461914062,2638200,0.0,0.0,PEG
2012-04-04 00:00:00-04:00,18.76898962298868,18.83097344995475,18.669814081124112,18.72559928894043,2838000,0.0,0.0,PEG
2012-04-05 00:00:00-04:00,18.651220856164866,18.682212774022194,18.33509832850341,18.415678024291992,5719900,0.0,0.0,PEG
2012-04-09 00:00:00-04:00,18.273108851409635,18.378483001582758,18.23591832260312,18.304101943969727,4034700,0.0,0.0,PEG
2012-04-10 00:00:00-04:00,18.248311309245143,18.254509926313382,17.9259903152885,18.03136444091797,5449700,0.0,0.0,PEG
2012-04-11 00:00:00-04:00,18.173935991057494,18.254516861292373,18.142944076207627,18.19873046875,3496200,0.0,0.0,PEG
2012-04-12 00:00:00-04:00,18.229719161987305,18.285505544670936,18.13054363327542,18.229719161987305,3823800,0.0,0.0,PEG
2012-04-13 00:00:00-04:00,18.204925391283773,18.58923025935038,18.204925391283773,18.403276443481445,7844100,0.0,0.0,PEG
2012-04-16 00:00:00-04:00,18.46526534648483,18.713204214147115,18.452868107535274,18.607830047607422,3099200,0.0,0.0,PEG
2012-04-17 00:00:00-04:00,18.66361573064479,18.818577664822136,18.47146208103355,18.79378318786621,3034100,0.0,0.0,PEG
2012-04-18 00:00:00-04:00,18.731788789677886,18.86815598005903,18.62641467995843,18.657407760620117,2484000,0.0,0.0,PEG
2012-04-19 00:00:00-04:00,18.58923123974541,18.762789010704566,18.564437948045867,18.645017623901367,3095400,0.0,0.0,PEG
2012-04-20 00:00:00-04:00,18.694607388622973,18.905355710800034,18.601630465842675,18.84956932067871,2554100,0.0,0.0,PEG
2012-04-23 00:00:00-04:00,18.799982598036603,18.830974513269638,18.694608431072197,18.812379837036133,1809300,0.0,0.0,PEG
2012-04-24 00:00:00-04:00,18.849565240737245,18.961137996830246,18.787580244878303,18.843366622924805,2451100,0.0,0.0,PEG
2012-04-25 00:00:00-04:00,18.8805615703113,18.961142438483655,18.81237912293362,18.93634796142578,1995100,0.0,0.0,PEG
2012-04-26 00:00:00-04:00,18.936342335009236,19.215274207704653,18.89295319531559,19.184282302856445,2836600,0.0,0.0,PEG
2012-04-27 00:00:00-04:00,19.215280277813672,19.351646357395385,19.147096646889935,19.333051681518555,2946700,0.0,0.0,PEG
2012-04-30 00:00:00-04:00,19.314458584256176,19.32065720452309,19.165695244647953,19.308259963989258,3181100,0.0,0.0,PEG
2012-05-01 00:00:00-04:00,19.35164134339306,19.52519909429121,19.30205358346008,19.506603240966797,2958700,0.0,0.0,PEG
2012-05-02 00:00:00-04:00,19.481812372739487,19.773140350759927,19.3268504559118,19.45701789855957,3505600,0.0,0.0,PEG
2012-05-03 00:00:00-04:00,19.43842350115486,19.71735424604528,19.388835734356633,19.52520179748535,4022900,0.0,0.0,PEG
2012-05-04 00:00:00-04:00,19.48181678082933,19.68016789008656,19.463220920986764,19.611984252929688,2563400,0.0,0.0,PEG
2012-05-07 00:00:00-04:00,19.494208759987007,19.574788433027702,19.364040140748287,19.4818115234375,1937700,0.0,0.0,PEG
2012-05-08 00:00:00-04:00,19.413633346557617,19.50041166219808,19.302060550867946,19.413633346557617,2737500,0.0,0.0,PEG
2012-05-09 00:00:00-04:00,19.320654259997834,19.7173564384945,19.29585978270892,19.531402587890625,3429700,0.0,0.0,PEG
2012-05-10 00:00:00-04:00,19.59958123380753,19.853717467795143,19.506603149885066,19.82892417907715,2632600,0.0,0.0,PEG
2012-05-11 00:00:00-04:00,19.773140494779778,19.94669826850653,19.686362199049203,19.847522735595703,2391000,0.0,0.0,PEG
2012-05-14 00:00:00-04:00,19.754538155386445,19.822720568887963,19.66156009488093,19.72354507446289,1712400,0.0,0.0,PEG
2012-05-15 00:00:00-04:00,19.742152907295914,19.773144824767655,19.543801798038682,19.611984252929688,2269600,0.0,0.0,PEG
2012-05-16 00:00:00-04:00,19.68015659862684,19.735942963881328,19.531393352036602,19.599576950073242,2449200,0.0,0.0,PEG
2012-05-17 00:00:00-04:00,19.636778732719776,19.754550147190958,19.580992335457946,19.611984252929688,2302100,0.0,0.0,PEG
2012-05-18 00:00:00-04:00,19.69256044710622,19.835125125199855,19.568590442167487,19.63677406311035,3740500,0.0,0.0,PEG
2012-05-21 00:00:00-04:00,19.62437747130447,19.62437747130447,19.07271341394917,19.202880859375,7083600,0.0,0.0,PEG
2012-05-22 00:00:00-04:00,19.202874530300644,19.28345536428092,19.109897645317066,19.17188262939453,3862500,0.0,0.0,PEG
2012-05-23 00:00:00-04:00,19.147093781696714,19.190482928604197,18.911552191799423,19.02932357788086,2417700,0.0,0.0,PEG
2012-05-24 00:00:00-04:00,19.054116073806668,19.196680745482784,18.86816225703482,19.010726928710938,11836400,0.0,0.0,PEG
2012-05-25 00:00:00-04:00,18.99833541559935,19.153297370346923,18.843373460851776,18.886762619018555,12369900,0.0,0.0,PEG
2012-05-29 00:00:00-04:00,18.967339959218343,19.134699122868856,18.886759095712982,19.07891273498535,13139400,0.0,0.0,PEG
2012-05-30 00:00:00-04:00,19.016926937546803,19.178087475591425,18.97353778927818,19.06031608581543,4746400,0.0,0.0,PEG
2012-05-31 00:00:00-04:00,19.054119720708506,19.450821902957678,19.054119720708506,19.333051681518555,4237100,0.0,0.0,PEG
2012-06-01 00:00:00-04:00,19.190484169261087,19.48801196292638,19.17808811381868,19.339248657226562,4082200,0.0,0.0,PEG
2012-06-04 00:00:00-04:00,19.35164425164093,19.370240107760004,19.240072661723364,19.34544563293457,3458600,0.0,0.0,PEG
2012-06-05 00:00:00-04:00,19.32685097010634,19.53759927718024,19.289660440112602,19.40743064880371,2807300,0.0,0.0,PEG
2012-06-06 00:00:00-04:00,19.498334344187427,19.680150985717773,19.41682938405493,19.680150985717773,5576300,0.355,0.0,PEG
2012-06-07 00:00:00-04:00,19.811819015129117,19.91840163232645,19.730314027718332,19.84316635131836,2919600,0.0,0.0,PEG
2012-06-08 00:00:00-04:00,19.811821260691328,20.050064151876082,19.793012139351337,20.01871681213379,2449200,0.0,0.0,PEG
2012-06-11 00:00:00-04:00,20.081408987030578,20.181721896683946,19.93094081837474,19.956018447875977,3690800,0.0,0.0,PEG
2012-06-12 00:00:00-04:00,19.937211550754178,19.974829792934656,19.711508076793027,19.91840362548828,3004700,0.0,0.0,PEG
2012-06-13 00:00:00-04:00,19.9873693448717,19.9873693448717,19.686430562293133,19.855709075927734,2667600,0.0,0.0,PEG
2012-06-14 00:00:00-04:00,19.930945022082486,20.131570883703944,19.830630895447293,20.100223541259766,2817100,0.0,0.0,PEG
2012-06-15 00:00:00-04:00,20.23187868134662,20.28830484008945,20.087679029370133,20.26949691772461,3797300,0.0,0.0,PEG
2012-06-18 00:00:00-04:00,20.219341953994988,20.29457604509242,20.081410793942496,20.12529754638672,2591900,0.0,0.0,PEG
2012-06-19 00:00:00-04:00,20.20679861124464,20.31338241192003,20.125293633275007,20.175451278686523,2368500,0.0,0.0,PEG
2012-06-20 00:00:00-04:00,20.18172287220461,20.31338551570315,19.974828532390106,20.068870544433594,2340400,0.0,0.0,PEG
2012-06-21 00:00:00-04:00,20.13156530593074,20.282033464632754,19.761661027619912,19.774200439453125,3285300,0.0,0.0,PEG
2012-06-22 00:00:00-04:00,19.93094104513184,19.93094104513184,19.755392853329106,19.84316635131836,1890000,0.0,0.0,PEG
2012-06-25 00:00:00-04:00,19.761656664481144,19.836890727221366,19.717769928578704,19.818082809448242,1549800,0.0,0.0,PEG
2012-06-26 00:00:00-04:00,19.642536914207874,19.73658010128968,19.473258459966225,19.623727798461914,3327900,0.0,0.0,PEG
2012-06-27 00:00:00-04:00,19.623730199741438,20.05633034824214,19.623730199741438,19.981096267700195,2381800,0.0,0.0,PEG
2012-06-28 00:00:00-04:00,19.893322519621506,19.99990513528067,19.767931980849912,19.98736572265625,2148900,0.0,0.0,PEG
2012-06-29 00:00:00-04:00,20.238148409289376,20.38234806994218,20.150374910774495,20.376079559326172,3261500,0.0,0.0,PEG
2012-07-02 00:00:00-04:00,20.476382793005556,20.526540420821554,20.28829647199021,20.438764572143555,2452300,0.0,0.0,PEG
2012-07-03 00:00:00-04:00,20.413697797967604,20.457584547225043,20.238148409289376,20.376079559326172,1189800,0.0,0.0,PEG
2012-07-05 00:00:00-04:00,20.28203393820229,20.382346843561947,20.162913110477795,20.26949691772461,1869100,0.0,0.0,PEG
2012-07-06 00:00:00-04:00,20.15037720838855,20.219342791270638,20.062603699865438,20.181724548339844,1619400,0.0,0.0,PEG
2012-07-09 00:00:00-04:00,20.13156418909642,20.194258853136116,20.012442174937675,20.10648536682129,1314300,0.0,0.0,PEG
2012-07-10 00:00:00-04:00,20.162915787759754,20.25696019536802,20.075142282871308,20.12529754638672,1268900,0.0,0.0,PEG
2012-07-11 00:00:00-04:00,20.15664647799236,20.31338555669635,20.15664647799236,20.28203582763672,1723200,0.0,0.0,PEG
2012-07-12 00:00:00-04:00,20.23187972789513,20.332192638443743,20.150374740684242,20.225608825683594,1520900,0.0,0.0,PEG
2012-07-13 00:00:00-04:00,20.256957051450684,20.514009015149885,20.206799404071198,20.50773811340332,1426900,0.0,0.0,PEG
2012-07-16 00:00:00-04:00,20.526540420821554,20.58296655629089,20.41995665753622,20.438764572143555,2023500,0.0,0.0,PEG
2012-07-17 00:00:00-04:00,20.451303979097553,20.53280892847489,20.363530522066885,20.438764572143555,2516000,0.0,0.0,PEG
2012-07-18 00:00:00-04:00,20.426239022517002,20.689559541416394,20.36354195255381,20.651941299438477,2183800,0.0,0.0,PEG
2012-07-19 00:00:00-04:00,20.520280602690185,20.64567234829573,20.313386255342362,20.633132934570312,2269300,0.0,0.0,PEG
2012-07-20 00:00:00-04:00,20.532818680261116,20.72090509060557,20.47639251799293,20.589244842529297,1751800,0.0,0.0,PEG
2012-07-23 00:00:00-04:00,20.482659851169664,20.570435736489813,20.33846019847334,20.463851928710938,1742400,0.0,0.0,PEG
2012-07-24 00:00:00-04:00,20.470122488720598,20.532817156968054,20.225607542599622,20.394886016845703,2511200,0.0,0.0,PEG
2012-07-25 00:00:00-04:00,20.426242001788598,20.52028403297689,20.28203991566498,20.369815826416016,1724900,0.0,0.0,PEG
2012-07-26 00:00:00-04:00,20.60805130278136,20.883913583904018,20.570435458372486,20.852563858032227,2632700,0.0,0.0,PEG
2012-07-27 00:00:00-04:00,20.98422778446089,21.19739301865403,20.921530720493237,21.159774780273438,2758600,0.0,0.0,PEG
2012-07-30 00:00:00-04:00,21.084539912574282,21.36039980884765,21.059461087918063,21.316513061523438,2237800,0.0,0.0,PEG
2012-07-31 00:00:00-04:00,21.15977349145888,21.285165220108293,20.777329795319893,20.84002685546875,3972400,0.0,0.0,PEG
2012-08-01 00:00:00-04:00,20.802400198867566,21.10333879082158,20.382338436674218,20.438764572143555,4154900,0.0,0.0,PEG
2012-08-02 00:00:00-04:00,20.40743339837937,20.438780744744932,20.10022605568796,20.250694274902344,2978000,0.0,0.0,PEG
2012-08-03 00:00:00-04:00,20.463851928710938,20.608051581407263,20.357270512580392,20.463851928710938,2200000,0.0,0.0,PEG
2012-08-06 00:00:00-04:00,20.532815083658786,20.633127977714558,20.376076037218645,20.476388931274414,2144700,0.0,0.0,PEG
2012-08-07 00:00:00-04:00,20.51401030748031,20.576704979006006,20.32592150960639,20.33846092224121,2598000,0.0,0.0,PEG
2012-08-08 00:00:00-04:00,20.3196542949989,20.43250662426105,20.231880792605807,20.401159286499023,2174700,0.0,0.0,PEG
2012-08-09 00:00:00-04:00,20.37608186086923,20.426239518056608,20.282037449467268,20.413700103759766,1538000,0.0,0.0,PEG
2012-08-10 00:00:00-04:00,20.40115943020518,20.57670643622793,20.269499175688114,20.564167022705078,1395300,0.0,0.0,PEG
2012-08-13 00:00:00-04:00,20.501470729664003,20.545357477708077,20.338460758373106,20.419965744018555,1488100,0.0,0.0,PEG
2012-08-14 00:00:00-04:00,20.42623468044417,20.532816089252222,20.369808525296328,20.451311111450195,1669500,0.0,0.0,PEG
2012-08-15 00:00:00-04:00,20.463848520797544,20.633126969680546,20.419961781270242,20.501466751098633,1890900,0.0,0.0,PEG
2012-08-16 00:00:00-04:00,20.50146654550351,20.582971514514547,20.313380179180122,20.350996017456055,2424500,0.0,0.0,PEG
2012-08-17 00:00:00-04:00,20.388620186197343,20.501472517192695,20.35100194531602,20.482662200927734,1881500,0.0,0.0,PEG
2012-08-20 00:00:00-04:00,20.350995215437955,20.36980552548253,20.137830037566026,20.263221740722656,2857300,0.0,0.0,PEG
2012-08-21 00:00:00-04:00,20.300851750610285,20.520285564745294,20.16918907048008,20.332199096679688,2405200,0.0,0.0,PEG
2012-08-22 00:00:00-04:00,20.332186347487877,20.388612491690758,20.162907914879234,20.2569522857666,1795700,0.0,0.0,PEG
2012-08-23 00:00:00-04:00,20.250691670052383,20.250691670052383,19.962292293947325,20.024988174438477,2189700,0.0,0.0,PEG
2012-08-24 00:00:00-04:00,19.962284236107088,20.175449426237517,19.962284236107088,20.144102096557617,2162800,0.0,0.0,PEG
2012-08-27 00:00:00-04:00,20.100219266402323,20.169182448453057,19.993635454781344,20.093948364257812,1991100,0.0,0.0,PEG
2012-08-28 00:00:00-04:00,20.06886819409312,20.14410466489493,19.96855648716309,20.050060272216797,1678000,0.0,0.0,PEG
2012-08-29 00:00:00-04:00,19.9434814453125,20.00617732037848,19.874517058981837,19.9434814453125,2119400,0.0,0.0,PEG
2012-08-30 00:00:00-04:00,19.868243769809553,19.905860809737355,19.749121748243358,19.830625534057617,2559600,0.0,0.0,PEG
2012-08-31 00:00:00-04:00,19.861971401813843,19.9058581418183,19.774197921804934,19.84943199157715,7234300,0.0,0.0,PEG
2012-09-04 00:00:00-04:00,19.8431655976928,19.912131169678947,19.755392103037103,19.861974716186523,8195000,0.0,0.0,PEG
2012-09-05 00:00:00-04:00,19.846125640606125,19.953916150359476,19.81442304748072,19.827104568481445,2201900,0.355,0.0,PEG
2012-09-06 00:00:00-04:00,19.934890343474862,20.131449034795583,19.9285495844805,20.1124267578125,2027400,0.0,0.0,PEG
2012-09-07 00:00:00-04:00,20.11242994730277,20.125111467302563,19.94123426481076,20.074386596679688,2743500,0.0,0.0,PEG
2012-09-10 00:00:00-04:00,20.20754591732942,20.213885469766133,20.061710814375207,20.150480270385742,1872800,0.0,0.0,PEG
2012-09-11 00:00:00-04:00,20.150467481786176,20.22021339871533,19.991952165184458,19.998292922973633,1596300,0.0,0.0,PEG
2012-09-12 00:00:00-04:00,19.99829910467053,20.04268321353849,19.776377350954455,19.814420700073242,2249300,0.0,0.0,PEG
2012-09-13 00:00:00-04:00,19.80173098498201,20.220211280215725,19.79539022785717,20.207530975341797,2652100,0.0,0.0,PEG
2012-09-14 00:00:00-04:00,20.19485781813208,20.258264206243616,20.093408080904123,20.20119857788086,2811800,0.0,0.0,PEG
2012-09-17 00:00:00-04:00,20.201197270554456,20.270943204524883,19.98561629055237,20.049022674560547,1646700,0.0,0.0,PEG
2012-09-18 00:00:00-04:00,19.991960047464886,20.074387512471276,19.865147260434355,19.90319061279297,1793800,0.0,0.0,PEG
2012-09-19 00:00:00-04:00,19.91587045406439,20.11242916894914,19.91587045406439,20.004638671875,1530800,0.0,0.0,PEG
2012-09-20 00:00:00-04:00,20.01097368014933,20.163148242391326,20.004632922217255,20.125104904174805,1627400,0.0,0.0,PEG
2012-09-21 00:00:00-04:00,20.17583722338421,20.20754102477509,20.023662604837085,20.099750518798828,2430400,0.0,0.0,PEG
2012-09-24 00:00:00-04:00,20.08072383820147,20.302645561808273,20.04268049424422,20.251920700073242,2031400,0.0,0.0,PEG
2012-09-25 00:00:00-04:00,20.296305457586577,20.41677867816386,20.17583465576172,20.17583465576172,1946500,0.0,0.0,PEG
2012-09-26 00:00:00-04:00,20.182177031067603,20.41043834342622,20.182177031067603,20.19485855102539,1332700,0.0,0.0,PEG
2012-09-27 00:00:00-04:00,20.232901901522443,20.347033162389902,20.182177031067603,20.19485855102539,1799800,0.0,0.0,PEG
2012-09-28 00:00:00-04:00,20.182176752054165,20.448482620604533,20.06804549276454,20.404098510742188,3180500,0.0,0.0,PEG
2012-10-01 00:00:00-04:00,20.404100238901258,20.442144801470906,20.08072871331759,20.106090545654297,2330800,0.0,0.0,PEG
2012-10-02 00:00:00-04:00,20.2075365972271,20.359711182432196,20.182173561671533,20.251920700073242,2714200,0.0,0.0,PEG
2012-10-03 00:00:00-04:00,20.296311148822685,20.372400283813477,20.239246716332687,20.372400283813477,1526200,0.0,0.0,PEG
2012-10-04 00:00:00-04:00,20.448484199568384,20.606999580960387,20.397758116521615,20.53725242614746,1503800,0.0,0.0,PEG
2012-10-05 00:00:00-04:00,20.58163469977166,20.638700328722145,20.448482371804705,20.499208450317383,1172000,0.0,0.0,PEG
2012-10-08 00:00:00-04:00,20.49286494782899,20.594314678511218,20.454820391791017,20.549930572509766,1638000,0.0,0.0,PEG
2012-10-09 00:00:00-04:00,20.51823124411805,20.606999470220096,20.48652865176057,20.581636428833008,1399200,0.0,0.0,PEG
2012-10-10 00:00:00-04:00,20.568951537963905,20.689424755436924,20.505546363637738,20.594314575195312,1843400,0.0,0.0,PEG
2012-10-11 00:00:00-04:00,20.670399023913177,21.019134701101287,20.556267787515633,20.733806610107422,2627900,0.0,0.0,PEG
2012-10-12 00:00:00-04:00,20.7908763757722,20.822578965817463,20.568953407950204,20.600658416748047,2316600,0.0,0.0,PEG
2012-10-15 00:00:00-04:00,20.613333537334803,20.695762190537597,20.524565334848152,20.683080673217773,1973900,0.0,0.0,PEG
2012-10-16 00:00:00-04:00,20.733802348983183,20.822570532659764,20.664055227879697,20.721120834350586,1745400,0.0,0.0,PEG
2012-10-17 00:00:00-04:00,20.79087596355643,21.000114988708695,20.75283140500487,20.968412399291992,2779100,0.0,0.0,PEG
2012-10-18 00:00:00-04:00,20.96841106635969,21.152289459541223,20.90500589155686,21.12692642211914,2177000,0.0,0.0,PEG
2012-10-19 00:00:00-04:00,21.06351928712005,21.10790338910207,20.68308101744999,20.74014663696289,2679900,0.0,0.0,PEG
2012-10-22 00:00:00-04:00,20.435803553971677,20.5626163482666,20.429464002695724,20.5626163482666,2206200,0.0,0.0,PEG
2012-10-23 00:00:00-04:00,20.42946155030712,20.473845660169466,20.296306801967503,20.404098510742188,1619300,0.0,0.0,PEG
2012-10-24 00:00:00-04:00,20.404097793513507,20.435800382479,20.182176042626303,20.213878631591797,1805800,0.0,0.0,PEG
2012-10-25 00:00:00-04:00,20.308990038310395,20.334353080019067,20.150475865136745,20.296308517456055,1571300,0.0,0.0,PEG
2012-10-26 00:00:00-04:00,20.334345078429543,20.359708110157833,20.106082630378587,20.125104904174805,2413100,0.0,0.0,PEG
2012-10-31 00:00:00-04:00,20.220216518537324,20.448478996663212,20.14412983207941,20.315326690673828,2742200,0.0,0.0,PEG
2012-11-01 00:00:00-04:00,20.1821716065127,20.1821716065127,19.70662562029951,19.74466896057129,3901500,0.0,0.0,PEG
2012-11-02 00:00:00-04:00,19.751010993500632,19.960251192562957,19.68760461603834,19.706626892089844,3255200,0.0,0.0,PEG
2012-11-05 00:00:00-05:00,19.655904489018372,19.751013462412573,19.370576359459555,19.47836685180664,2642200,0.0,0.0,PEG
2012-11-06 00:00:00-05:00,19.478363772994065,19.567133182256857,19.351552231638106,19.357892990112305,1722100,0.0,0.0,PEG
2012-11-07 00:00:00-05:00,19.30082555087191,19.30082555087191,18.907707028221118,18.996475219726562,2407500,0.0,0.0,PEG
2012-11-08 00:00:00-05:00,18.990140914916992,19.19304038545597,18.977459395664244,18.990140914916992,2367100,0.0,0.0,PEG
2012-11-09 00:00:00-05:00,19.059884782849515,19.193038301795276,18.945753540717753,18.95843505859375,1980100,0.0,0.0,PEG
2012-11-12 00:00:00-05:00,18.958435017010302,19.002819120102835,18.698469948003098,18.768217086791992,2082200,0.0,0.0,PEG
2012-11-13 00:00:00-05:00,18.761870792707242,19.116944722069057,18.730168216815844,18.914045333862305,3329000,0.0,0.0,PEG
2012-11-14 00:00:00-05:00,18.92039280748318,18.97111767254173,18.635064685668702,18.698471069335938,3249100,0.0,0.0,PEG
2012-11-15 00:00:00-05:00,18.679445264381684,18.787235733450203,18.419480228871013,18.56531524658203,2519300,0.0,0.0,PEG
2012-11-16 00:00:00-05:00,18.571659325463898,18.679448604430128,18.482889905467932,18.67310905456543,3997200,0.0,0.0,PEG
2012-11-19 00:00:00-05:00,18.736519650337666,18.93307961555804,18.698476293259358,18.882354736328125,3352000,0.0,0.0,PEG
2012-11-20 00:00:00-05:00,18.895033399529613,18.926737202140828,18.641409025521938,18.787242889404297,2201600,0.0,0.0,PEG
2012-11-21 00:00:00-05:00,18.78089746737298,18.812600050697597,18.451185279542425,18.641403198242188,2082000,0.0,0.0,PEG
2012-11-23 00:00:00-05:00,18.692127806606536,18.730172357337302,18.432162756826383,18.539953231811523,1162800,0.0,0.0,PEG
2012-11-26 00:00:00-05:00,18.527273171772144,18.933073279177826,18.514592863240804,18.837963104248047,2590100,0.0,0.0,PEG
2012-11-27 00:00:00-05:00,18.869673214176515,18.95844145048474,18.812607573870796,18.882354736328125,2307200,0.0,0.0,PEG
2012-11-28 00:00:00-05:00,18.85698217459288,19.002815977602083,18.730170645210233,18.996475219726562,2323700,0.0,0.0,PEG
2012-11-29 00:00:00-05:00,19.02818101755113,19.02818101755113,18.806259305987517,18.95209312438965,2461800,0.0,0.0,PEG
2012-11-30 00:00:00-05:00,18.990142603725744,19.097933108207503,18.907713930628688,19.07891082763672,3290600,0.0,0.0,PEG
2012-12-03 00:00:00-05:00,19.078901839670525,19.110604416310576,18.723827901923677,18.926727294921875,2024400,0.0,0.0,PEG
2012-12-04 00:00:00-05:00,18.96477896687647,19.0598879479883,18.83796618580982,18.84430694580078,2616000,0.0,0.0,PEG
2012-12-05 00:00:00-05:00,18.9116801343345,19.392975025112577,18.83467363724788,19.25821304321289,4088000,0.355,0.0,PEG
2012-12-06 00:00:00-05:00,19.271049512977097,19.360890841915243,19.15553853348731,19.22612762451172,2808000,0.0,0.0,PEG
2012-12-07 00:00:00-05:00,19.232544879989753,19.29671778184817,19.161955789542166,19.290300369262695,2398300,0.0,0.0,PEG
2012-12-10 00:00:00-05:00,19.271053700861085,19.3288092031571,19.200463370500046,19.30955696105957,1926700,0.0,0.0,PEG
2012-12-11 00:00:00-05:00,19.30955689740011,19.527744077799838,19.29030465536605,19.425067901611328,2527200,0.0,0.0,PEG
2012-12-12 00:00:00-05:00,19.405812662981905,19.61758239666935,19.405812662981905,19.431482315063477,2134000,0.0,0.0,PEG
2012-12-13 00:00:00-05:00,19.40582022037584,19.444323489496515,19.21330265077562,19.335229873657227,1780300,0.0,0.0,PEG
2012-12-14 00:00:00-05:00,19.341638445950167,19.373725508877524,19.251797117746168,19.290300369262695,1851600,0.0,0.0,PEG
2012-12-17 00:00:00-05:00,19.328816642756706,19.668931149412707,19.328816642756706,19.662513732910156,2531800,0.0,0.0,PEG
2012-12-18 00:00:00-05:00,19.630420407254984,19.89352826379186,19.5790823187599,19.880693435668945,2598800,0.0,0.0,PEG
2012-12-19 00:00:00-05:00,19.87427377566219,19.89352601567091,19.72667694091797,19.72667694091797,2574100,0.0,0.0,PEG
2012-12-20 00:00:00-05:00,19.752351609714797,19.810107120409615,19.611170928462247,19.771602630615234,1431800,0.0,0.0,PEG
2012-12-21 00:00:00-05:00,19.73951176759045,19.81010209029266,19.546993039492545,19.72667694091797,4756200,0.0,0.0,PEG
2012-12-24 00:00:00-05:00,19.675345619314513,19.675345619314513,19.489245464599207,19.598339080810547,632600,0.0,0.0,PEG
2012-12-26 00:00:00-05:00,19.623997460733325,19.701005183763975,19.425062576898807,19.463565826416016,1743400,0.0,0.0,PEG
2012-12-27 00:00:00-05:00,19.41864748902269,19.502071410295038,19.181208103253677,19.431482315063477,2626800,0.0,0.0,PEG
2012-12-28 00:00:00-05:00,19.348058903775325,19.48923955488387,19.206879476663268,19.21329689025879,2214400,0.0,0.0,PEG
2012-12-31 00:00:00-05:00,19.22613109071844,19.675340264388,19.110621314400134,19.636837005615234,4551900,0.0,0.0,PEG
2013-01-02 00:00:00-05:00,19.829353868870047,19.989785536456367,19.688174442032818,19.84860610961914,2864100,0.0,0.0,PEG
2013-01-03 00:00:00-05:00,19.88710936712084,19.976950709290303,19.797268024951375,19.84860610961914,1948400,0.0,0.0,PEG
2013-01-04 00:00:00-05:00,19.867866319337274,19.951291510521468,19.848615293677117,19.932039260864258,1489800,0.0,0.0,PEG
2013-01-07 00:00:00-05:00,19.874276843369092,19.874276843369092,19.55983088533542,19.649673461914062,1490100,0.0,0.0,PEG
2013-01-08 00:00:00-05:00,19.591920884661615,19.71384810310105,19.502078294657466,19.546998977661133,3733200,0.0,0.0,PEG
2013-01-09 00:00:00-05:00,19.611168903166632,19.611168903166632,19.271054513084703,19.315975189208984,3320200,0.0,0.0,PEG
2013-01-10 00:00:00-05:00,19.399401706868538,19.444322388966334,19.238969999949685,19.341646194458008,3640300,0.0,0.0,PEG
2013-01-11 00:00:00-05:00,19.392979518586305,19.392979518586305,19.2132968344198,19.328807830810547,2268900,0.0,0.0,PEG
2013-01-14 00:00:00-05:00,19.38014142492894,19.399392437202494,19.219709794669583,19.25821304321289,1757200,0.0,0.0,PEG
2013-01-15 00:00:00-05:00,19.24539022158869,19.2838934941449,19.097793323459072,19.232555389404297,3854100,0.0,0.0,PEG
2013-01-16 00:00:00-05:00,19.1940482577863,19.213300502192126,19.05928621893568,19.110624313354492,2220300,0.0,0.0,PEG
2013-01-17 00:00:00-05:00,19.174794916074237,19.245385250859243,19.059285128239658,19.117040634155273,2477800,0.0,0.0,PEG
2013-01-18 00:00:00-05:00,19.194044000390008,19.245382083421617,19.0592819914307,19.1427059173584,3315800,0.0,0.0,PEG
2013-01-22 00:00:00-05:00,19.14270978562493,19.5213286834912,19.14270978562493,19.476408004760742,3070900,0.0,0.0,PEG
2013-01-23 00:00:00-05:00,19.4507398041227,19.476409464748176,19.33522877930164,19.341646194458008,2305700,0.0,0.0,PEG
2013-01-24 00:00:00-05:00,19.380144234896715,19.502071410295038,19.335222343753966,19.431482315063477,1901500,0.0,0.0,PEG
2013-01-25 00:00:00-05:00,19.50207446559951,19.591917037963867,19.380147271099386,19.591917037963867,3143900,0.0,0.0,PEG
2013-01-28 00:00:00-05:00,19.59833765307131,19.68817901611328,19.43148853313853,19.68817901611328,3284200,0.0,0.0,PEG
2013-01-29 00:00:00-05:00,19.66250587058709,19.9512833777451,19.624002610964872,19.84218978881836,2767500,0.0,0.0,PEG
2013-01-30 00:00:00-05:00,19.867858779858302,19.925614282915753,19.778017430211865,19.81652069091797,2232100,0.0,0.0,PEG
2013-01-31 00:00:00-05:00,19.810102100284222,20.02187184450122,19.810102100284222,20.009037017822266,2884900,0.0,0.0,PEG
2013-02-01 00:00:00-05:00,20.021876756460326,20.10530070234702,19.957703831318476,20.00262451171875,1990000,0.0,0.0,PEG
2013-02-04 00:00:00-05:00,19.925615135499505,20.060378389732044,19.899946701929323,19.989788055419922,3035300,0.0,0.0,PEG
2013-02-05 00:00:00-05:00,20.04112785772821,20.08604853830897,19.874278741287704,19.887113571166992,2256200,0.0,0.0,PEG
2013-02-06 00:00:00-05:00,19.842183887286133,20.047536176190093,19.7523425668897,20.021867752075195,2504800,0.0,0.0,PEG
2013-02-07 00:00:00-05:00,20.04754017171174,20.381238319685593,19.92561176687583,20.24005889892578,4646400,0.0,0.0,PEG
2013-02-08 00:00:00-05:00,20.19514017398018,20.24006207417495,20.015457469187616,20.169471740722656,1885000,0.0,0.0,PEG
2013-02-11 00:00:00-05:00,20.169468576547658,20.246475088236124,20.111713080783087,20.24005889892578,1293900,0.0,0.0,PEG
2013-02-12 00:00:00-05:00,20.20797892010548,20.278569267242347,20.060382034270994,20.220813751220703,1669200,0.0,0.0,PEG
2013-02-13 00:00:00-05:00,20.25289687989067,20.33632204691752,20.156638107472283,20.214393615722656,1719900,0.0,0.0,PEG
2013-02-14 00:00:00-05:00,20.14380247955488,20.2593134914766,19.938450113470328,19.970537185668945,2778700,0.0,0.0,PEG
2013-02-15 00:00:00-05:00,20.053954837371077,20.13096256250494,19.951278686523438,19.951278686523438,3218500,0.0,0.0,PEG
2013-02-19 00:00:00-05:00,19.996205503697865,20.30423405104189,19.996205503697865,20.15663719177246,3325200,0.0,0.0,PEG
2013-02-20 00:00:00-05:00,20.15022283391116,20.310654546321278,20.060381466640482,20.079633712768555,4360900,0.0,0.0,PEG
2013-02-21 00:00:00-05:00,20.086044310499666,20.52241864257127,20.086044310499666,20.368404388427734,4253200,0.0,0.0,PEG
2013-02-22 00:00:00-05:00,20.419750296150866,20.64435373782686,20.400499272005472,20.637937545776367,7800300,0.0,0.0,PEG
2013-02-25 00:00:00-05:00,20.708521404087875,20.95237824142942,20.516002655029297,20.516002655029297,11650500,0.0,0.0,PEG
2013-02-26 00:00:00-05:00,20.631521353725873,20.76628341873147,20.554512361156462,20.637937545776367,11913000,0.0,0.0,PEG
2013-02-27 00:00:00-05:00,20.670020029596156,20.98446724463277,20.605848327585505,20.965213775634766,2784700,0.0,0.0,PEG
2013-02-28 00:00:00-05:00,20.94596333908323,21.02296987324342,20.83045231384616,20.913877487182617,3387300,0.0,0.0,PEG
2013-03-01 00:00:00-05:00,20.90103442849128,21.080717086791992,20.740602784153463,21.080717086791992,3757900,0.0,0.0,PEG
2013-03-04 00:00:00-05:00,21.099974247896746,21.45933962750044,21.003714265221156,21.311742782592773,3481200,0.0,0.0,PEG
2013-03-05 00:00:00-05:00,21.395163243223628,21.56842970522604,21.38232841848354,21.46575355529785,2994600,0.0,0.0,PEG
2013-03-06 00:00:00-05:00,21.45926982180557,21.491704738963268,21.31006474855417,21.374937057495117,2267300,0.36,0.0,PEG
2013-03-07 00:00:00-05:00,21.38791665345554,21.517656353230358,21.180330164264454,21.193302154541016,2788600,0.0,0.0,PEG
2013-03-08 00:00:00-05:00,21.21276631743015,21.2646617054196,21.09599860117103,21.20627784729004,2299500,0.0,0.0,PEG
2013-03-11 00:00:00-04:00,21.199791125631084,21.355479758892997,21.160867730002504,21.316558837890625,1689900,0.0,0.0,PEG
2013-03-12 00:00:00-04:00,21.27763502610294,21.374942275958105,21.1543813209624,21.251686096191406,1784400,0.0,0.0,PEG
2013-03-13 00:00:00-04:00,21.258171633360575,21.394399784663843,21.167352865825066,21.284120559692383,1926600,0.0,0.0,PEG
2013-03-14 00:00:00-04:00,21.31655321676104,21.400885981071497,21.206271528874208,21.374937057495117,3503200,0.0,0.0,PEG
2013-03-15 00:00:00-04:00,21.297101025719012,21.589017868041992,21.22574269550619,21.589017868041992,3282900,0.0,0.0,PEG
2013-03-18 00:00:00-04:00,21.49170460891468,21.601983821508647,21.3749369281531,21.48521614074707,1808500,0.0,0.0,PEG
2013-03-19 00:00:00-04:00,21.556574097578288,21.614957937023977,21.381422579241224,21.50467872619629,2478100,0.0,0.0,PEG
2013-03-20 00:00:00-04:00,21.608477579212728,21.822550063261367,21.569554184555635,21.770654678344727,2449600,0.0,0.0,PEG
2013-03-21 00:00:00-04:00,21.70578138711169,21.80957462694803,21.63442307073182,21.679832458496094,2143100,0.0,0.0,PEG
2013-03-22 00:00:00-04:00,21.679829652448653,21.809571804107904,21.6084738199305,21.673343658447266,1694200,0.0,0.0,PEG
2013-03-25 00:00:00-04:00,21.744708995290562,21.880937184991488,21.491713078809838,21.589017868041992,2160200,0.0,0.0,PEG
2013-03-26 00:00:00-04:00,21.686316416157094,21.829033019224852,21.647393031331656,21.790109634399414,2140100,0.0,0.0,PEG
2013-03-27 00:00:00-04:00,21.692805296349718,21.880931302768666,21.62144945994591,21.854982376098633,1255500,0.0,0.0,PEG
2013-03-28 00:00:00-04:00,21.939320765924116,22.296109937768243,21.85498796997411,22.276649475097656,3455700,0.0,0.0,PEG
2013-04-01 00:00:00-04:00,22.24421561727736,22.27016455183909,22.062575549971843,22.1728572845459,1994400,0.0,0.0,PEG
2013-04-02 00:00:00-04:00,22.25069350026431,22.309077344426218,22.127439817978367,22.205284118652344,1436600,0.0,0.0,PEG
2013-04-03 00:00:00-04:00,22.218256895934143,22.32205011383524,22.166359049670838,22.224742889404297,2062000,0.0,0.0,PEG
2013-04-04 00:00:00-04:00,22.27664605477099,22.44530914614821,22.27016005975214,22.412874221801758,2122600,0.0,0.0,PEG
2013-04-05 00:00:00-04:00,22.283129605007023,22.43233469495773,22.257183153152223,22.38692283630371,2041300,0.0,0.0,PEG
2013-04-08 00:00:00-04:00,22.166369115126248,22.41287904756282,22.133934183796168,22.40639305114746,2773500,0.0,0.0,PEG
2013-04-09 00:00:00-04:00,22.445305657822367,22.536126896354045,22.360975362552956,22.41935920715332,1746500,0.0,0.0,PEG
2013-04-10 00:00:00-04:00,22.497206005958414,22.704792482110488,22.41287322670101,22.6723575592041,1801100,0.0,0.0,PEG
2013-04-11 00:00:00-04:00,22.69181509962614,22.756687411721675,22.600996337318065,22.67884063720703,2573400,0.0,0.0,PEG
2013-04-12 00:00:00-04:00,22.639922050862786,22.795610666637966,22.633433581673692,22.743715286254883,2683900,0.0,0.0,PEG
2013-04-15 00:00:00-04:00,22.69830451179813,22.84750712388223,22.516664505004883,22.516664505004883,2681000,0.0,0.0,PEG
2013-04-16 00:00:00-04:00,22.601006919933596,22.7761585326654,22.38044590478542,22.730749130249023,2583600,0.0,0.0,PEG
2013-04-17 00:00:00-04:00,22.717769706277924,22.84102341814722,22.54910412727121,22.776153564453125,2734700,0.0,0.0,PEG
2013-04-18 00:00:00-04:00,22.815074735758195,22.97725184638926,22.652897625127125,22.951305389404297,2362100,0.0,0.0,PEG
2013-04-19 00:00:00-04:00,23.029145215636643,23.308089989458086,22.96427537389364,23.28862953186035,2491300,0.0,0.0,PEG
2013-04-22 00:00:00-04:00,23.288634843371508,23.30809530540765,23.11348326116702,23.22376251220703,1611800,0.0,0.0,PEG
2013-04-23 00:00:00-04:00,23.282142880078258,23.282142880078258,22.96427716625198,23.230247497558594,3336600,0.0,0.0,PEG
2013-04-24 00:00:00-04:00,23.26916817500799,23.46378018803849,23.158888941653576,23.282142639160156,2139200,0.0,0.0,PEG
2013-04-25 00:00:00-04:00,23.38593056281971,23.574056538331646,23.275651354528502,23.418365478515625,2019800,0.0,0.0,PEG
2013-04-26 00:00:00-04:00,23.405396627355994,23.58703415928589,23.359984769747744,23.43134307861328,1953400,0.0,0.0,PEG
2013-04-29 00:00:00-04:00,23.53514284199404,23.742729357442883,23.470272983901204,23.632450103759766,1591300,0.0,0.0,PEG
2013-04-30 00:00:00-04:00,23.651901226974793,23.930845960956365,23.37944496101632,23.749208450317383,3151100,0.0,0.0,PEG
2013-05-01 00:00:00-04:00,23.788133860489832,24.002208802494703,23.723264015738877,23.736238479614258,2045200,0.0,0.0,PEG
2013-05-02 00:00:00-04:00,23.78812587642584,23.807588803019506,23.548104561855073,23.65838623046875,2640800,0.0,0.0,PEG
2013-05-03 00:00:00-04:00,23.73623798135613,23.86598014276052,23.476753658547356,23.5416259765625,3369100,0.0,0.0,PEG
2013-05-06 00:00:00-04:00,23.5027041511132,23.541627544514718,22.98373794555664,22.98373794555664,2642200,0.0,0.0,PEG
2013-05-07 00:00:00-04:00,23.048607472174687,23.27565688524806,22.951302701965552,23.230247497558594,3280600,0.0,0.0,PEG
2013-05-08 00:00:00-04:00,23.178349652079614,23.31457781521659,22.763176693209196,22.905893325805664,3212500,0.0,0.0,PEG
2013-05-09 00:00:00-04:00,22.9123744390476,22.97075827861392,22.523150491689123,22.58802032470703,2727300,0.0,0.0,PEG
2013-05-10 00:00:00-04:00,22.588027056786025,22.607487517566245,22.393415025105103,22.581541061401367,1563600,0.0,0.0,PEG
2013-05-13 00:00:00-04:00,22.47125930604775,22.63992488128754,22.27664727468557,22.42584991455078,2059900,0.0,0.0,PEG
2013-05-14 00:00:00-04:00,22.39990115228692,22.607487650584805,22.3804406913922,22.542617797851562,2011000,0.0,0.0,PEG
2013-05-15 00:00:00-04:00,22.542617420844756,22.815073767319273,22.373954321783323,22.63343620300293,2453200,0.0,0.0,PEG
2013-05-16 00:00:00-04:00,22.601000668162072,22.659384522922835,22.425849103879788,22.477746963500977,1884500,0.0,0.0,PEG
2013-05-17 00:00:00-04:00,22.542619479865426,22.763180460092332,22.471261151758714,22.750205993652344,2692200,0.0,0.0,PEG
2013-05-20 00:00:00-04:00,22.737227996680648,22.80210031880751,22.523155520227142,22.60099983215332,1650700,0.0,0.0,PEG
2013-05-21 00:00:00-04:00,22.594511157213926,22.68532992279304,22.3090779229644,22.555587768554688,2927400,0.0,0.0,PEG
2013-05-22 00:00:00-04:00,22.5426115735026,22.782632931893655,22.140413153431673,22.25069236755371,2921500,0.0,0.0,PEG
2013-05-23 00:00:00-04:00,22.082041682178083,22.179346488918952,21.738224436071533,22.08852767944336,2169300,0.0,0.0,PEG
2013-05-24 00:00:00-04:00,21.99770614174271,22.075550472406295,21.8485034768764,21.984731674194336,1896000,0.0,0.0,PEG
2013-05-28 00:00:00-04:00,22.218254321333184,22.549094391735455,21.97174452939851,22.06905174255371,4362700,0.0,0.0,PEG
2013-05-29 00:00:00-04:00,21.91985602318111,21.952290946174333,21.316557051928346,21.601987838745117,3318100,0.0,0.0,PEG
2013-05-30 00:00:00-04:00,21.699292708412774,22.062567765595595,21.62144840682013,21.63442039489746,2885700,0.0,0.0,PEG
2013-05-31 00:00:00-04:00,21.55008676342367,21.822543014135967,21.433319091796875,21.433319091796875,3589900,0.0,0.0,PEG
2013-06-03 00:00:00-04:00,21.420344181133032,21.62793059863657,21.147885461518833,21.46575355529785,3887500,0.0,0.0,PEG
2013-06-04 00:00:00-04:00,21.426834927207004,21.4398093905073,21.18681354271616,21.30358123779297,3991800,0.0,0.0,PEG
2013-06-05 00:00:00-04:00,21.323262981974167,21.323262981974167,20.988755787514705,21.067462921142578,4297500,0.36,0.0,PEG
2013-06-06 00:00:00-04:00,21.080577633618393,21.4478816986084,21.05434109282177,21.4478816986084,2884300,0.0,0.0,PEG
2013-06-07 00:00:00-04:00,21.454442927046596,21.59874142186668,21.224879414427946,21.43476676940918,2192900,0.0,0.0,PEG
2013-06-10 00:00:00-04:00,21.48723248063918,21.493792866399207,21.244550750653545,21.316699981689453,2171600,0.0,0.0,PEG
2013-06-11 00:00:00-04:00,21.15928409432742,21.395407950027543,21.133050056402865,21.25111198425293,1810300,0.0,0.0,PEG
2013-06-12 00:00:00-04:00,21.356049702220115,21.42163853187011,20.969068351330108,21.034658432006836,3124600,0.0,0.0,PEG
2013-06-13 00:00:00-04:00,21.028107427032854,21.39540899648306,21.028107427032854,21.36917495727539,2901000,0.0,0.0,PEG
2013-06-14 00:00:00-04:00,21.369171674458414,21.565940699586054,21.35605340584272,21.401966094970703,1598000,0.0,0.0,PEG
2013-06-17 00:00:00-04:00,21.51346504568957,21.743030965858782,21.45443409502362,21.631526947021484,3132400,0.0,0.0,PEG
2013-06-18 00:00:00-04:00,21.62497208238755,21.788946690225966,21.559380738019815,21.769268035888672,1993200,0.0,0.0,PEG
2013-06-19 00:00:00-04:00,21.710235088268146,21.78238430943662,21.218311309814453,21.218311309814453,2273000,0.0,0.0,PEG
2013-06-20 00:00:00-04:00,21.10025055437385,21.1527236279251,20.411558978390737,20.47058868408203,4105800,0.0,0.0,PEG
2013-06-21 00:00:00-04:00,20.641120550273495,20.83133167158577,20.352526178045437,20.772300720214844,4250200,0.0,0.0,PEG
2013-06-24 00:00:00-04:00,20.641121607784633,21.074015690358912,20.398439907294637,20.890363693237305,3003800,0.0,0.0,PEG
2013-06-25 00:00:00-04:00,21.041229424831013,21.270792946401443,20.844459083592604,21.172407150268555,2291700,0.0,0.0,PEG
2013-06-26 00:00:00-04:00,21.323255223667008,21.64464653063155,21.2576663865169,21.579057693481445,2960300,0.0,0.0,PEG
2013-06-27 00:00:00-04:00,21.65120231627056,21.76270633108936,21.36916834220145,21.415081024169922,2485300,0.0,0.0,PEG
2013-06-28 00:00:00-04:00,21.493795357562174,21.67744614726329,21.27078975490181,21.421646118164062,8910300,0.0,0.0,PEG
2013-07-01 00:00:00-04:00,21.49379025403472,21.55282120842999,20.857568023558333,20.890363693237305,3551700,0.0,0.0,PEG
2013-07-02 00:00:00-04:00,20.857575405654547,21.060904876547685,20.76575000010753,20.883811950683594,2916100,0.0,0.0,PEG
2013-07-03 00:00:00-04:00,20.80509501603048,20.96251046842732,20.739506182468574,20.857566833496094,1103700,0.0,0.0,PEG
2013-07-05 00:00:00-04:00,20.91004045332683,20.942836123961452,20.542737699407464,20.765743255615234,2129200,0.0,0.0,PEG
2013-07-08 00:00:00-04:00,20.87068727045265,21.244549165142256,20.86412813620917,21.165842056274414,2566400,0.0,0.0,PEG
2013-07-09 00:00:00-04:00,21.26422531684575,21.382287231174455,21.139605519300506,21.165842056274414,2313500,0.0,0.0,PEG
2013-07-10 00:00:00-04:00,21.172403846328926,21.303584053350612,21.028107870453976,21.257671356201172,1884200,0.0,0.0,PEG
2013-07-11 00:00:00-04:00,21.500345417491385,21.70367479070244,21.375725641554354,21.66431999206543,2770500,0.0,0.0,PEG
2013-07-12 00:00:00-04:00,21.657774044752742,21.788954277111046,21.5331542001425,21.74959945678711,1577200,0.0,0.0,PEG
2013-07-15 00:00:00-04:00,21.71023747344348,22.24151611328125,21.670885168158165,22.24151611328125,2230200,0.0,0.0,PEG
2013-07-16 00:00:00-04:00,22.248081957369717,22.29399716672145,22.031636694692462,22.07099151611328,2128800,0.0,0.0,PEG
2013-07-17 00:00:00-04:00,22.189047303971282,22.221841728335768,21.9660417154169,22.077543258666992,1261300,0.0,0.0,PEG
2013-07-18 00:00:00-04:00,21.966040116233916,22.431727413647323,21.966040116233916,22.40549087524414,1872900,0.0,0.0,PEG
2013-07-19 00:00:00-04:00,22.5038799834242,22.543232294815923,22.293992649153715,22.444849014282227,1985700,0.0,0.0,PEG
2013-07-22 00:00:00-04:00,22.49731248653083,22.56290382154416,22.398929237091235,22.42516326904297,972400,0.0,0.0,PEG
2013-07-23 00:00:00-04:00,22.41861070531124,22.73344168190706,22.339903586675835,22.608821868896484,1912400,0.0,0.0,PEG
2013-07-24 00:00:00-04:00,22.595706194032726,22.595706194032726,22.031633024574408,22.1824893951416,1576500,0.0,0.0,PEG
2013-07-25 00:00:00-04:00,22.116902595131453,22.379260545790373,22.116902595131453,22.36614227294922,1396900,0.0,0.0,PEG
2013-07-26 00:00:00-04:00,22.241520603098135,22.510438919067383,22.149695202823928,22.510438919067383,1637600,0.0,0.0,PEG
2013-07-29 00:00:00-04:00,22.392368377426834,22.53666680934074,22.36613184397821,22.46451759338379,2388300,0.0,0.0,PEG
2013-07-30 00:00:00-04:00,22.62193471280784,22.818703713225513,22.333337843611897,22.45796012878418,2044200,0.0,0.0,PEG
2013-07-31 00:00:00-04:00,22.431719916169275,22.46451432718519,21.979148537168882,22.16280174255371,2998800,0.0,0.0,PEG
2013-08-01 00:00:00-04:00,22.26119911147976,22.5563540021529,22.24152295278647,22.5235595703125,2361400,0.0,0.0,PEG
2013-08-02 00:00:00-04:00,22.516990899314184,22.648168563842773,22.353016316599877,22.648168563842773,2016000,0.0,0.0,PEG
2013-08-05 00:00:00-04:00,22.556343798394014,22.556343798394014,22.38581132873443,22.398929595947266,1593000,0.0,0.0,PEG
2013-08-06 00:00:00-04:00,22.346458219973854,22.385813024593723,22.044745557383017,22.110334396362305,2381300,0.0,0.0,PEG
2013-08-07 00:00:00-04:00,21.985717911213584,22.22839965443488,21.913568676242715,22.14969253540039,2113000,0.0,0.0,PEG
2013-08-08 00:00:00-04:00,22.241518587232004,22.405493216303917,22.11689876987689,22.34646224975586,1951200,0.0,0.0,PEG
2013-08-09 00:00:00-04:00,22.366137413091902,22.45140491700457,22.20216279128902,22.248075485229492,1966500,0.0,0.0,PEG
2013-08-12 00:00:00-04:00,22.156256634907244,22.300555145328705,22.025078900402175,22.234966278076172,2095000,0.0,0.0,PEG
2013-08-13 00:00:00-04:00,22.241513444256707,22.254631711795593,21.93980079702338,21.97259521484375,2053100,0.0,0.0,PEG
2013-08-14 00:00:00-04:00,21.91356648415632,21.93324263643312,21.65776649634209,21.821741104125977,1339200,0.0,0.0,PEG
2013-08-15 00:00:00-04:00,21.71023536778166,21.729914020569698,21.51346635427758,21.579057693481445,1701300,0.0,0.0,PEG
2013-08-16 00:00:00-04:00,21.520031316450197,21.624974979443724,21.211758211757957,21.36917495727539,2014100,0.0,0.0,PEG
2013-08-19 00:00:00-04:00,21.362615953885097,21.48067789515258,21.10681591515703,21.159286499023438,1704100,0.0,0.0,PEG
2013-08-20 00:00:00-04:00,21.178956754560662,21.52002417156506,21.11336542318282,21.349489212036133,2042400,0.0,0.0,PEG
2013-08-21 00:00:00-04:00,21.297024057606073,21.297024057606073,20.923160879965998,21.074018478393555,2497600,0.0,0.0,PEG
2013-08-22 00:00:00-04:00,21.13304501723668,21.44787591574749,21.028101384399744,21.323253631591797,5774500,0.0,0.0,PEG
2013-08-23 00:00:00-04:00,21.3560602064764,21.55282929426328,21.244556138762526,21.48723793029785,5828200,0.0,0.0,PEG
2013-08-26 00:00:00-04:00,21.48723248063918,21.5462634422091,21.303581712223465,21.316699981689453,1756300,0.0,0.0,PEG
2013-08-27 00:00:00-04:00,21.15928325015165,21.4216436353633,21.15272536644569,21.316699981689453,1868700,0.0,0.0,PEG
2013-08-28 00:00:00-04:00,21.342938037476145,21.53970708934234,21.19863956514896,21.4478816986084,2061200,0.0,0.0,PEG
2013-08-29 00:00:00-04:00,21.369172536051053,21.421643110575516,21.172401000935793,21.23143196105957,1777500,0.0,0.0,PEG
2013-08-30 00:00:00-04:00,21.23143058639231,21.375729035586236,21.165841746969893,21.264225006103516,1716500,0.0,0.0,PEG
2013-09-03 00:00:00-04:00,21.401971159696753,21.44788385968987,20.929723385990968,21.08057975769043,2670200,0.0,0.0,PEG
2013-09-04 00:00:00-04:00,21.06067859206624,21.292842540764756,20.928012394068258,21.2729434967041,3533500,0.36,0.0,PEG
2013-09-05 00:00:00-04:00,21.266310651838886,21.33264248353808,21.07394479735517,21.20660972595215,2409000,0.0,0.0,PEG
2013-09-06 00:00:00-04:00,21.286206912016258,21.677570740822418,21.286206912016258,21.332639694213867,3210300,0.0,0.0,PEG
2013-09-09 00:00:00-04:00,21.332644128965224,21.43877658610844,21.22651167182201,21.306110382080078,2136600,0.0,0.0,PEG
2013-09-10 00:00:00-04:00,21.398973812223325,21.452041300652997,21.239776407728556,21.43214225769043,2073400,0.0,0.0,PEG
2013-09-11 00:00:00-04:00,21.471941200937582,21.511741818848975,21.120377932443876,21.25304412841797,3380200,0.0,0.0,PEG
2013-09-12 00:00:00-04:00,21.339269463948177,21.425502848499317,21.040772498312958,21.113739013671875,2314100,0.0,0.0,PEG
2013-09-13 00:00:00-04:00,21.16681051293972,21.458674116889505,21.13364459687225,21.445409774780273,2491200,0.0,0.0,PEG
2013-09-16 00:00:00-04:00,21.690841572745125,21.803606198562157,21.432143873143875,21.505107879638672,3077100,0.0,0.0,PEG
2013-09-17 00:00:00-04:00,21.690837287334467,21.909734324366482,21.624502934902942,21.783702850341797,3490100,0.0,0.0,PEG
2013-09-18 00:00:00-04:00,21.85003824427826,22.573066356398556,21.64440804411747,22.486835479736328,4069300,0.0,0.0,PEG
2013-09-19 00:00:00-04:00,22.466933905555084,22.699100381423275,22.354169283582678,22.486835479736328,3194900,0.0,0.0,PEG
2013-09-20 00:00:00-04:00,22.480199565008963,22.526632351597293,22.0556697845459,22.0556697845459,3672200,0.0,0.0,PEG
2013-09-23 00:00:00-04:00,22.04240309646569,22.41386792266786,21.969436565390524,22.374067306518555,2779700,0.0,0.0,PEG
2013-09-24 00:00:00-04:00,22.327634898022414,22.566433538171932,22.267935237985036,22.473567962646484,3953200,0.0,0.0,PEG
2013-09-25 00:00:00-04:00,22.46693409291018,22.54653532950451,22.24803701826889,22.254669189453125,3297800,0.0,0.0,PEG
2013-09-26 00:00:00-04:00,22.24804398702785,22.36080864526191,21.97607933613613,22.108745574951172,2203700,0.0,0.0,PEG
2013-09-27 00:00:00-04:00,22.015869399171592,22.188336205788122,21.78370546379985,21.903104782104492,2903700,0.0,0.0,PEG
2013-09-30 00:00:00-04:00,21.876566863868465,21.98933398981655,21.70410262055547,21.843400955200195,3135800,0.0,0.0,PEG
2013-10-01 00:00:00-04:00,22.062306393733536,22.141907641382076,21.936274880553082,22.02914047241211,2363500,0.0,0.0,PEG
2013-10-02 00:00:00-04:00,21.962808670308025,22.148539854368906,21.770442783732054,22.135272979736328,3036400,0.0,0.0,PEG
2013-10-03 00:00:00-04:00,22.01587063893015,22.062303428619224,21.684206409495484,21.82350730895996,3224300,0.0,0.0,PEG
2013-10-04 00:00:00-04:00,21.830135026794345,21.93626745734638,21.730634766103243,21.836767196655273,1906800,0.0,0.0,PEG
2013-10-07 00:00:00-04:00,21.73063817884681,21.89647028577768,21.624505731626936,21.710739135742188,1489300,0.0,0.0,PEG
2013-10-08 00:00:00-04:00,21.697471421148016,22.068936237194233,21.67093767777392,21.88983726501465,2244300,0.0,0.0,PEG
2013-10-09 00:00:00-04:00,21.923001374054166,22.294466159516688,21.876568592170955,22.035768508911133,2220300,0.0,0.0,PEG
2013-10-10 00:00:00-04:00,22.181700529924075,22.4072322845459,21.962803476248276,22.4072322845459,2139200,0.0,0.0,PEG
2013-10-11 00:00:00-04:00,22.387334881598704,22.52663324689999,22.314368348232165,22.493467330932617,1575400,0.0,0.0,PEG
2013-10-14 00:00:00-04:00,22.440400721574317,22.45366506266828,22.035769997489393,22.380701065063477,2168400,0.0,0.0,PEG
2013-10-15 00:00:00-04:00,22.307731764778776,22.420496362842705,22.03576725900476,22.075565338134766,2392700,0.0,0.0,PEG
2013-10-16 00:00:00-04:00,22.21487519408498,22.307740790155933,21.823511231787585,22.141908645629883,3854800,0.0,0.0,PEG
2013-10-17 00:00:00-04:00,22.082205038527697,22.553167637786125,21.929639796390344,22.50673484802246,2938700,0.0,0.0,PEG
2013-10-18 00:00:00-04:00,22.53326794833178,22.646032568700292,22.420500797566078,22.493467330932617,2393100,0.0,0.0,PEG
2013-10-21 00:00:00-04:00,22.480199104035208,22.493465975702268,22.228133603155154,22.36079978942871,1999400,0.0,0.0,PEG
2013-10-22 00:00:00-04:00,22.387330316628788,22.798593157638013,22.314363798140754,22.738893508911133,3174400,0.0,0.0,PEG
2013-10-23 00:00:00-04:00,22.71236634112561,22.91799653302083,22.55316640606103,22.586332321166992,3151900,0.0,0.0,PEG
2013-10-24 00:00:00-04:00,22.58633834771279,22.665937071285256,22.413874024906146,22.539905548095703,1822500,0.0,0.0,PEG
2013-10-25 00:00:00-04:00,22.46029999420558,22.778697322066627,22.321001637715817,22.765430450439453,2117600,0.0,0.0,PEG
2013-10-28 00:00:00-04:00,22.52663357187653,22.65266759692683,22.30110179748872,22.51336669921875,3487800,0.0,0.0,PEG
2013-10-29 00:00:00-04:00,22.513370816682727,22.639404864783355,22.354173376468243,22.440406799316406,2180200,0.0,0.0,PEG
2013-10-30 00:00:00-04:00,22.566433266264774,22.63939979769762,21.97607137434027,22.00923728942871,4142900,0.0,0.0,PEG
2013-10-31 00:00:00-04:00,22.04903424134432,22.42049647723529,21.71737008478641,22.221498489379883,5966100,0.0,0.0,PEG
2013-11-01 00:00:00-04:00,22.34090364276539,22.586334474424064,22.254670230951177,22.43376922607422,3745900,0.0,0.0,PEG
2013-11-04 00:00:00-05:00,22.53989317628015,22.60622751817876,22.400594853887682,22.57305908203125,2854800,0.0,0.0,PEG
2013-11-05 00:00:00-05:00,22.55980581066344,22.74553954952665,22.301108047330256,22.314374923706055,3180100,0.0,0.0,PEG
2013-11-06 00:00:00-05:00,22.34753262801668,22.447032899031047,22.2148689738602,22.4072322845459,3109100,0.0,0.0,PEG
2013-11-07 00:00:00-05:00,22.486838221355317,22.612869731348702,22.181705173880616,22.20160675048828,3544000,0.0,0.0,PEG
2013-11-08 00:00:00-05:00,22.12199981145617,22.228132247924805,21.916369639146442,22.228132247924805,4931400,0.0,0.0,PEG
2013-11-11 00:00:00-05:00,22.26793923580649,22.33427107869135,22.12864084750972,22.214874267578125,2220500,0.0,0.0,PEG
2013-11-12 00:00:00-05:00,22.115367498873887,22.115367498873887,21.816869232478194,22.015867233276367,2968800,0.0,0.0,PEG
2013-11-13 00:00:00-05:00,21.876567183540722,22.26793098449707,21.763802586341495,22.26793098449707,2917600,0.0,0.0,PEG
2013-11-14 00:00:00-05:00,22.32763326060053,22.46029944322072,22.14190212317044,22.387332916259766,2286400,0.0,0.0,PEG
2013-11-15 00:00:00-05:00,22.301100602813317,22.606233596801758,22.281201560091258,22.606233596801758,3546700,0.0,0.0,PEG
2013-11-18 00:00:00-05:00,22.639400162408343,22.65929920570255,22.400601521289214,22.646032333374023,2711100,0.0,0.0,PEG
2013-11-19 00:00:00-05:00,22.626129730846483,22.665927811174406,22.393963297214285,22.559795379638672,2958400,0.0,0.0,PEG
2013-11-20 00:00:00-05:00,22.54653789038324,22.59297068513857,22.181705173880616,22.20160675048828,3408800,0.0,0.0,PEG
2013-11-21 00:00:00-05:00,22.25467272172291,22.506738283485067,22.19497305000023,22.340906143188477,8580400,0.0,0.0,PEG
2013-11-22 00:00:00-05:00,22.281202960593053,22.440402903567442,22.24803704383925,22.294469833374023,9078800,0.0,0.0,PEG
2013-11-25 00:00:00-05:00,22.380699635618793,22.4204977171528,22.161800065594385,22.168432235717773,12098600,0.0,0.0,PEG
2013-11-26 00:00:00-05:00,22.12200309113335,22.168435880822425,21.796973563309844,21.82350730895996,3178100,0.0,0.0,PEG
2013-11-27 00:00:00-05:00,21.89647383063451,21.942909156058015,21.631143934828692,21.75717544555664,2475100,0.0,0.0,PEG
2013-11-29 00:00:00-05:00,21.936271527136164,21.942906228624757,21.631141048988457,21.684206008911133,1409800,0.0,0.0,PEG
2013-12-02 00:00:00-05:00,21.71074389498921,21.790342615253792,21.471945203797766,21.67757797241211,3184300,0.0,0.0,PEG
2013-12-03 00:00:00-05:00,21.551538335966434,21.929635277790695,21.551538335966434,21.81023597717285,4673200,0.0,0.0,PEG
2013-12-04 00:00:00-05:00,21.76999866109598,21.984613359936397,21.655985721640953,21.91754722595215,8139000,0.36,0.0,PEG
2013-12-05 00:00:00-05:00,21.816943937953745,21.937665017394238,21.495021912248717,21.60232925415039,4709000,0.0,0.0,PEG
2013-12-06 00:00:00-05:00,21.69621989001053,21.964489487264174,21.62915376990136,21.83706283569336,3230900,0.0,0.0,PEG
2013-12-09 00:00:00-05:00,21.850477116524534,21.890715766230517,21.541966304463543,21.736461639404297,4242600,0.0,0.0,PEG
2013-12-10 00:00:00-05:00,21.776704630082698,21.776704630082698,21.535262478449,21.595623016357422,3390900,0.0,0.0,PEG
2013-12-11 00:00:00-05:00,21.555386095663565,21.595627315082332,21.327357635775762,21.374305725097656,3031300,0.0,0.0,PEG
2013-12-12 00:00:00-05:00,21.41454073078502,21.71634341085857,21.34076645805497,21.541967391967773,3260300,0.0,0.0,PEG
2013-12-13 00:00:00-05:00,21.515148071129104,21.602333544835037,21.327358266695477,21.367599487304688,2010300,0.0,0.0,PEG
2013-12-16 00:00:00-05:00,21.468198176843536,21.689521047174257,21.40783890581337,21.535266876220703,2582800,0.0,0.0,PEG
2013-12-17 00:00:00-05:00,21.48832316664634,21.54197557548088,21.354188306945506,21.394428253173828,2205900,0.0,0.0,PEG
2013-12-18 00:00:00-05:00,21.3675946018599,21.64256981712967,21.052378175181595,21.595623016357422,3180500,0.0,0.0,PEG
2013-12-19 00:00:00-05:00,21.461488521407052,21.508435322874927,21.072499093124726,21.22675323486328,3955700,0.0,0.0,PEG
2013-12-20 00:00:00-05:00,21.2200413540805,21.401122927717957,21.179801430784654,21.29381561279297,6570100,0.0,0.0,PEG
2013-12-23 00:00:00-05:00,21.474899745446876,21.57549892607216,21.220043882727527,21.287111282348633,10696800,0.0,0.0,PEG
2013-12-24 00:00:00-05:00,21.33406386335829,21.41454502056808,21.2066371766493,21.360891342163086,1511800,0.0,0.0,PEG
2013-12-26 00:00:00-05:00,21.44807489308583,21.468194219986096,21.300527619264805,21.35418128967285,1753400,0.0,0.0,PEG
2013-12-27 00:00:00-05:00,21.387720117233282,21.4749081546433,21.273705876992707,21.407840728759766,1926200,0.0,0.0,PEG
2013-12-30 00:00:00-05:00,21.448073725994405,21.495020525146295,21.36759386436383,21.47490119934082,2471400,0.0,0.0,PEG
2013-12-31 00:00:00-05:00,21.508440636089357,21.541973708505946,21.33406584527272,21.48832130432129,3024400,0.0,0.0,PEG
2014-01-02 00:00:00-05:00,21.401121963532287,21.414535697094603,20.998718911091,21.01213264465332,3322600,0.0,0.0,PEG
2014-01-03 00:00:00-05:00,21.266997525725177,21.273704395767027,20.985316659195515,21.07921028137207,3898900,0.0,0.0,PEG
2014-01-06 00:00:00-05:00,21.132858342499357,21.22675193970616,21.092618412154206,21.206632614135742,4652700,0.0,0.0,PEG
2014-01-07 00:00:00-05:00,21.19992703939781,21.273700036331157,21.02555229165685,21.22675323486328,4838500,0.0,0.0,PEG
2014-01-08 00:00:00-05:00,21.260286198338758,21.273698655598782,21.01213719056573,21.11273765563965,3504700,0.0,0.0,PEG
2014-01-09 00:00:00-05:00,21.206630781037433,21.407831694575744,21.17980331032341,21.273696899414062,7099400,0.0,0.0,PEG
2014-01-10 00:00:00-05:00,21.360894537330804,21.763297825162148,21.320654592309104,21.381013870239258,8893800,0.0,0.0,PEG
2014-01-13 00:00:00-05:00,21.360886078216854,21.407832875351588,21.092617752301024,21.173097610473633,5637000,0.0,0.0,PEG
2014-01-14 00:00:00-05:00,21.166396387585944,21.226756936915937,20.958488539451878,21.0657958984375,5198800,0.0,0.0,PEG
2014-01-15 00:00:00-05:00,21.152981435697626,21.25358191299725,21.085914024429723,21.14627456665039,5235600,0.0,0.0,PEG
2014-01-16 00:00:00-05:00,21.173096442644905,21.28040376709257,21.112735912742572,21.273696899414062,2570500,0.0,0.0,PEG
2014-01-17 00:00:00-05:00,21.32735441414199,21.374302496372074,21.22675393920069,21.313941955566406,2163200,0.0,0.0,PEG
2014-01-21 00:00:00-05:00,21.334060196842795,21.602328542762624,21.32064773895009,21.521848678588867,3050400,0.0,0.0,PEG
2014-01-22 00:00:00-05:00,21.53526071564873,21.749875375442475,21.53526071564873,21.736461639404297,3244200,0.0,0.0,PEG
2014-01-23 00:00:00-05:00,21.655981985036963,22.058383836328574,21.541966506845572,21.95778465270996,5691300,0.0,0.0,PEG
2014-01-24 00:00:00-05:00,21.89742681612337,22.400430471393502,21.843771864858287,22.14557456970215,5910200,0.0,0.0,PEG
2014-01-27 00:00:00-05:00,22.11204287417648,22.387018120422137,22.044974180940315,22.27971076965332,5450300,0.0,0.0,PEG
2014-01-28 00:00:00-05:00,22.32666064155173,22.353488122530074,22.011444136079685,22.08521842956543,2960900,0.0,0.0,PEG
2014-01-29 00:00:00-05:00,22.058385848999023,22.18581507498162,21.890717969260926,22.058385848999023,5093500,0.0,0.0,PEG
2014-01-30 00:00:00-05:00,22.165693467166495,22.40043003678357,22.085213600239225,22.380308151245117,2373800,0.0,0.0,PEG
2014-01-31 00:00:00-05:00,22.118741611788302,22.467491033344736,22.11203602374664,22.360183715820312,4354300,0.0,0.0,PEG
2014-02-03 00:00:00-05:00,22.420546082922645,22.729054326337906,22.25287822562194,22.28641128540039,4269800,0.0,0.0,PEG
2014-02-04 00:00:00-05:00,22.440671115952835,22.494326071974797,22.05168291843008,22.212642669677734,2926000,0.0,0.0,PEG
2014-02-05 00:00:00-05:00,22.199234615733122,22.212648358173773,22.044980415280293,22.138874053955078,2947900,0.0,0.0,PEG
2014-02-06 00:00:00-05:00,22.17910856692657,22.54797741794146,22.09192054666192,22.51444435119629,2939200,0.0,0.0,PEG
2014-02-07 00:00:00-05:00,22.56138568194289,22.903429531612254,22.46078650611713,22.76929473876953,5972500,0.0,0.0,PEG
2014-02-10 00:00:00-05:00,22.668699317764876,22.776006670242463,22.427257135088038,22.742473602294922,4143600,0.0,0.0,PEG
2014-02-11 00:00:00-05:00,22.769296917553095,23.084510768726528,22.729055708327103,23.05097770690918,2672800,0.0,0.0,PEG
2014-02-12 00:00:00-05:00,23.030857120613838,23.205230567562683,22.89672232227939,23.07109832763672,5401800,0.0,0.0,PEG
2014-02-13 00:00:00-05:00,23.010745455948317,23.17170522080193,22.990623566534616,23.138172149658203,3529200,0.0,0.0,PEG
2014-02-14 00:00:00-05:00,23.050976015971635,23.27229881286621,22.983909897256666,23.27229881286621,2691200,0.0,0.0,PEG
2014-02-18 00:00:00-05:00,23.29913159203828,23.574106834871717,23.238771048079283,23.547279357910156,3949500,0.0,0.0,PEG
2014-02-19 00:00:00-05:00,23.52044670395,23.674700824913135,23.3796063185152,23.453380584716797,3376500,0.0,0.0,PEG
2014-02-20 00:00:00-05:00,23.667996873985576,24.86179127611494,23.667996873985576,24.4996280670166,12224400,0.0,0.0,PEG
2014-02-21 00:00:00-05:00,24.358785165745054,25.042870304192,24.358785165745054,24.533161163330078,6386900,0.0,0.0,PEG
2014-02-24 00:00:00-05:00,24.620356248682455,24.8483847174944,24.506343293481166,24.633769989013672,4708300,0.0,0.0,PEG
2014-02-25 00:00:00-05:00,24.747775959536146,24.78801460660384,24.58681369604021,24.667293548583984,4737600,0.0,0.0,PEG
2014-02-26 00:00:00-05:00,24.714243450138053,24.78801772358345,24.573403050874315,24.586816787719727,2794800,0.0,0.0,PEG
2014-02-27 00:00:00-05:00,24.573408670931542,24.700837920902263,24.36550209830023,24.445981979370117,2385000,0.0,0.0,PEG
2014-02-28 00:00:00-05:00,24.479509451365157,24.66059106116512,24.44597638845599,24.586816787719727,2312700,0.0,0.0,PEG
2014-03-03 00:00:00-05:00,24.45269192369903,24.55329371175458,24.23137157175047,24.23807716369629,2745200,0.0,0.0,PEG
2014-03-04 00:00:00-05:00,24.392323092060565,24.452683632746034,24.23136335583856,24.305137634277344,3184900,0.0,0.0,PEG
2014-03-05 00:00:00-05:00,24.318692140805915,24.359348450360233,24.10864100344041,24.26448631286621,3356400,0.37,0.0,PEG
2014-03-06 00:00:00-05:00,24.36611880750165,24.36611880750165,23.9866703260778,24.061203002929688,3724800,0.0,0.0,PEG
2014-03-07 00:00:00-05:00,24.10185650192231,24.12896070024272,23.776613876473206,24.013769149780273,5650000,0.0,0.0,PEG
2014-03-10 00:00:00-04:00,24.020554855334513,24.244158107336467,23.952794335940343,24.054433822631836,6331100,0.0,0.0,PEG
2014-03-11 00:00:00-04:00,24.054435472499687,24.11541865173745,23.81050275554864,23.830829620361328,5005500,0.0,0.0,PEG
2014-03-12 00:00:00-04:00,23.729180919832416,24.250925064086914,23.71562882175846,24.250925064086914,2621900,0.0,0.0,PEG
2014-03-13 00:00:00-04:00,24.244152885982032,24.664260261350673,24.230600785021853,24.52874183654785,3333100,0.0,0.0,PEG
2014-03-14 00:00:00-04:00,24.440655035879733,24.874311937402123,24.393223973825663,24.83365821838379,3738000,0.0,0.0,PEG
2014-03-17 00:00:00-04:00,24.86076540314689,24.969179652804453,24.603283175709922,24.928525924682617,2438000,0.0,0.0,PEG
2014-03-18 00:00:00-04:00,24.96917074917078,25.111466501255467,24.813325482410104,24.996274948120117,2608200,0.0,0.0,PEG
2014-03-19 00:00:00-04:00,24.996278839782978,25.158901473999,24.555847169879613,24.65748405456543,3550100,0.0,0.0,PEG
2014-03-20 00:00:00-04:00,24.582950592041016,24.65748586382581,24.284812089701116,24.582950592041016,3261700,0.0,0.0,PEG
2014-03-21 00:00:00-04:00,24.84043673215033,25.253766836653337,24.738797249639966,25.00305938720703,3658700,0.0,0.0,PEG
2014-03-24 00:00:00-04:00,25.023383704331636,25.192781101417662,24.901417371645763,25.036935806274414,1913200,0.0,0.0,PEG
2014-03-25 00:00:00-04:00,25.125022394792257,25.13179715315329,24.860760292328713,25.06403923034668,2452700,0.0,0.0,PEG
2014-03-26 00:00:00-04:00,25.138570748580744,25.348624435242467,25.057260728014477,25.206331253051758,3107700,0.0,0.0,PEG
2014-03-27 00:00:00-04:00,25.179220472480026,25.27408256915509,25.016597889038287,25.260530471801758,1690500,0.0,0.0,PEG
2014-03-28 00:00:00-04:00,25.213107530146754,25.335073860743897,25.145349606392386,25.321521759033203,1350200,0.0,0.0,PEG
2014-03-31 00:00:00-04:00,25.423158851557226,26.046539963147772,25.36895044978473,25.843263626098633,4166600,0.0,0.0,PEG
2014-04-01 00:00:00-04:00,25.829706561131363,25.829706561131363,25.382497671658204,25.477359771728516,3225300,0.0,0.0,PEG
2014-04-02 00:00:00-04:00,25.52479082176367,25.531568163082046,25.301187669426273,25.477359771728516,2259000,0.0,0.0,PEG
2014-04-03 00:00:00-04:00,25.524800267373372,25.883924530990743,25.450267578878538,25.816164016723633,2577300,0.0,0.0,PEG
2014-04-04 00:00:00-04:00,25.863594596249033,26.50730525324308,25.85004507845062,26.06687355041504,5423700,0.0,0.0,PEG
2014-04-07 00:00:00-04:00,26.08720213447521,26.29047851726448,25.91102995867103,25.917804718017578,5523900,0.0,0.0,PEG
2014-04-08 00:00:00-04:00,25.91101674176964,26.087188827710534,25.511238939459552,25.992326736450195,6597600,0.0,0.0,PEG
2014-04-09 00:00:00-04:00,26.1481839196525,26.378564497196546,25.924578101095346,26.222719192504883,6714100,0.0,0.0,PEG
2014-04-10 00:00:00-04:00,26.168509803364785,26.32435510223173,25.99233764349756,26.100751876831055,3759900,0.0,0.0,PEG
2014-04-11 00:00:00-04:00,26.08042041194104,26.419215154401805,25.99233305515759,26.29724884033203,2989700,0.0,0.0,PEG
2014-04-14 00:00:00-04:00,26.35823626660019,26.636047897023108,26.209165728636957,26.629270553588867,3328600,0.0,0.0,PEG
2014-04-15 00:00:00-04:00,26.57505824464042,27.015489822812242,26.57505824464042,26.82576560974121,4445200,0.0,0.0,PEG
2014-04-16 00:00:00-04:00,26.900300618681758,26.954506428443903,26.758007460157796,26.846092224121094,4888700,0.0,0.0,PEG
2014-04-17 00:00:00-04:00,26.798661922774738,27.076473490692305,26.642816661240357,26.71735191345215,2280500,0.0,0.0,PEG
2014-04-21 00:00:00-04:00,26.81899136370433,26.886749274006725,26.561506651917764,26.71735191345215,2620300,0.0,0.0,PEG
2014-04-22 00:00:00-04:00,26.65637004890586,26.71735320504555,26.405662666908775,26.58183479309082,2660600,0.0,0.0,PEG
2014-04-23 00:00:00-04:00,26.663148101376922,27.042599184783,26.58861542114985,26.69025230407715,5411900,0.0,0.0,PEG
2014-04-24 00:00:00-04:00,26.79866621183038,26.995167801874917,26.54118145883406,26.947736740112305,2733400,0.0,0.0,PEG
2014-04-25 00:00:00-04:00,26.920632713402906,27.27975435046296,26.900305853886003,27.266204833984375,2446500,0.0,0.0,PEG
2014-04-28 00:00:00-04:00,27.24586955404002,27.54401054869235,27.20521584371359,27.530458450317383,3189900,0.0,0.0,PEG
2014-04-29 00:00:00-04:00,27.550798243723403,27.699868811055204,27.35429660220415,27.4017276763916,2877100,0.0,0.0,PEG
2014-04-30 00:00:00-04:00,27.40849830188426,28.03865680137473,27.34073779479983,27.760845184326172,7873900,0.0,0.0,PEG
2014-05-01 00:00:00-04:00,27.79472669379568,28.01832992567749,27.022274935805143,27.41527557373047,6235800,0.0,0.0,PEG
2014-05-02 00:00:00-04:00,27.02905106915168,27.08325948254574,26.134632926545063,26.35146141052246,5484500,0.0,0.0,PEG
2014-05-05 00:00:00-04:00,26.351452255348374,26.879971178322247,26.324348058068043,26.846092224121094,3928100,0.0,0.0,PEG
2014-05-06 00:00:00-04:00,26.825772549506453,26.913859921848236,26.527634054010164,26.615718841552734,3487200,0.0,0.0,PEG
2014-05-07 00:00:00-04:00,26.608936434372712,27.062920098258495,26.58860957921319,27.022266387939453,3055600,0.0,0.0,PEG
2014-05-08 00:00:00-04:00,27.0968015342658,27.0968015342658,26.493744790559738,26.541175842285156,3254600,0.0,0.0,PEG
2014-05-09 00:00:00-04:00,26.459874232815583,26.629271638383926,25.992338323974693,25.999113082885742,3908300,0.0,0.0,PEG
2014-05-12 00:00:00-04:00,26.263369292932374,26.270146635783625,25.660315019118446,25.789058685302734,5928000,0.0,0.0,PEG
2014-05-13 00:00:00-04:00,25.789060060728815,25.98555907231299,25.694195349344447,25.89747428894043,4205400,0.0,0.0,PEG
2014-05-14 00:00:00-04:00,25.917800759288323,26.15495607218572,25.74840336870474,25.911026000976562,3044700,0.0,0.0,PEG
2014-05-15 00:00:00-04:00,25.9584595623049,26.080425902049427,25.667095815670677,25.734853744506836,2570400,0.0,0.0,PEG
2014-05-16 00:00:00-04:00,25.72807225744422,25.76195121300268,25.423156487820844,25.61288070678711,5061600,0.0,0.0,PEG
2014-05-19 00:00:00-04:00,25.565457688024377,25.61288875767493,25.165679683255824,25.186006546020508,3391800,0.0,0.0,PEG
2014-05-20 00:00:00-04:00,25.280871270121054,25.4434913418374,25.009834370861228,25.186006546020508,4389800,0.0,0.0,PEG
2014-05-21 00:00:00-04:00,25.25375800880551,25.287636962866237,25.02337750247463,25.246980667114258,3782600,0.0,0.0,PEG
2014-05-22 00:00:00-04:00,25.260540444148123,25.599335257335945,25.246988341444695,25.490921020507812,3009900,0.0,0.0,PEG
2014-05-23 00:00:00-04:00,25.43671048999311,25.545124706770114,25.287639972625175,25.341848373413086,2682000,0.0,0.0,PEG
2014-05-27 00:00:00-04:00,25.34184777439078,25.558676202819466,25.043706746702266,25.307966232299805,5955200,0.0,0.0,PEG
2014-05-28 00:00:00-04:00,25.429932988014276,25.890694052626635,25.328296114372574,25.87714195251465,5513800,0.0,0.0,PEG
2014-05-29 00:00:00-04:00,25.95167793002049,26.087196350097656,25.802609994254595,26.087196350097656,4686500,0.0,0.0,PEG
2014-05-30 00:00:00-04:00,26.0871951840425,26.412437826810557,26.039764126855417,26.39888572692871,4250900,0.0,0.0,PEG
2014-06-02 00:00:00-04:00,26.398886966734754,26.588613789192248,26.229489587454168,26.500526428222656,3178900,0.0,0.0,PEG
2014-06-03 00:00:00-04:00,26.54117584228516,26.588609478809037,26.412434785430225,26.541175842285156,3264500,0.0,0.0,PEG
2014-06-04 00:00:00-04:00,26.493296251443066,26.513816947453588,26.22651676551588,26.383848190307617,3379100,0.37,0.0,PEG
2014-06-05 00:00:00-04:00,26.383846543908685,26.732714011003218,26.308600517302118,26.725872039794922,2781700,0.0,0.0,PEG
2014-06-06 00:00:00-04:00,26.677989443904014,26.787437501347256,26.45225135761309,26.500137329101562,1940700,0.0,0.0,PEG
2014-06-09 00:00:00-04:00,26.45224973013086,26.548019057768045,26.16494957556139,26.192312240600586,2012700,0.0,0.0,PEG
2014-06-10 00:00:00-04:00,26.144426989580033,26.24703306188095,25.952890957613416,26.048660278320312,2496100,0.0,0.0,PEG
2014-06-11 00:00:00-04:00,26.301767392765903,26.301767392765903,25.679280947013854,25.78188705444336,3505200,0.0,0.0,PEG
2014-06-12 00:00:00-04:00,25.70664269198662,25.829769494570197,25.350935791611914,25.7408447265625,2112200,0.0,0.0,PEG
2014-06-13 00:00:00-04:00,25.713485789030905,25.959744648853764,25.569835657283686,25.884498596191406,2197300,0.0,0.0,PEG
2014-06-16 00:00:00-04:00,25.870814363125994,26.274404647234487,25.76820564653391,25.987104415893555,2471500,0.0,0.0,PEG
2014-06-17 00:00:00-04:00,26.151274268644666,26.274403680244347,26.007624158261027,26.185476303100586,3799000,0.0,0.0,PEG
2014-06-18 00:00:00-04:00,26.11706844722677,26.883204867631406,26.089705779850423,26.849002838134766,4115600,0.0,0.0,PEG
2014-06-19 00:00:00-04:00,26.849007910639013,27.321002269539388,26.814805874680683,27.259437561035156,3445500,0.0,0.0,PEG
2014-06-20 00:00:00-04:00,27.314148160194033,27.403075493235466,27.12945413439105,27.149974822998047,3184400,0.0,0.0,PEG
2014-06-23 00:00:00-04:00,27.136308025853626,27.211554070303123,26.650632332795325,26.773761749267578,3307900,0.0,0.0,PEG
2014-06-24 00:00:00-04:00,26.814802281891232,27.067900445409148,26.766918916075618,26.985815048217773,2487400,0.0,0.0,PEG
2014-06-25 00:00:00-04:00,26.89004386943925,27.143141991099125,26.89004386943925,27.08157730102539,2435500,0.0,0.0,PEG
2014-06-26 00:00:00-04:00,26.99950211042844,27.31416504095554,26.93109542371715,27.30048370361328,2835600,0.0,0.0,PEG
2014-06-27 00:00:00-04:00,27.279961941417316,27.574104159216095,27.14999054644454,27.546741485595703,2393600,0.0,0.0,PEG
2014-06-30 00:00:00-04:00,27.60146446065948,27.998215403221245,27.416772935754604,27.902448654174805,3982600,0.0,0.0,PEG
2014-07-01 00:00:00-04:00,27.82719320773547,27.82719320773547,27.53989044817853,27.56725311279297,3693300,0.0,0.0,PEG
2014-07-02 00:00:00-04:00,27.478335238438493,27.526221222759638,26.67115722938854,26.78060531616211,5012700,0.0,0.0,PEG
2014-07-03 00:00:00-04:00,26.691670199867374,26.712190894741724,26.05550256428784,26.10338592529297,4696200,0.0,0.0,PEG
2014-07-07 00:00:00-04:00,26.014461501915974,26.377010345458984,26.014461501915974,26.377010345458984,4099300,0.0,0.0,PEG
2014-07-08 00:00:00-04:00,26.267567221576936,26.58223014848089,26.267567221576936,26.4591007232666,3300400,0.0,0.0,PEG
2014-07-09 00:00:00-04:00,26.43856986295178,26.54117593823753,26.185469136462984,26.41120719909668,3015900,0.0,0.0,PEG
2014-07-10 00:00:00-04:00,26.39753473146582,26.68483497007809,26.294926012276797,26.66431427001953,2609500,0.0,0.0,PEG
2014-07-11 00:00:00-04:00,26.5959077796883,26.677993181910306,26.315446930102542,26.32912826538086,2044700,0.0,0.0,PEG
2014-07-14 00:00:00-04:00,26.32228908447659,26.370172458304747,25.57667319414764,25.583515167236328,5815000,0.0,0.0,PEG
2014-07-15 00:00:00-04:00,25.617714989241524,25.775046433851188,25.49458557877345,25.52878761291504,4066300,0.0,0.0,PEG
2014-07-16 00:00:00-04:00,25.802409822466483,25.84345122079851,25.501425650975563,25.747684478759766,3452600,0.0,0.0,PEG
2014-07-17 00:00:00-04:00,25.75451950771522,25.877648888410143,25.33040603667835,25.36461067199707,3841300,0.0,0.0,PEG
2014-07-18 00:00:00-04:00,25.426183774136344,25.48774849116966,25.207287582339763,25.439865112304688,3393900,0.0,0.0,PEG
2014-07-21 00:00:00-04:00,25.364619690424245,25.535632490032448,25.22780892884803,25.42618179321289,2497600,0.0,0.0,PEG
2014-07-22 00:00:00-04:00,25.501419878064603,25.59034723673299,25.344088464695876,25.433015823364258,2223900,0.0,0.0,PEG
2014-07-23 00:00:00-04:00,25.43302406215443,25.480907437845527,25.30989463624925,25.323575973510742,2548100,0.0,0.0,PEG
2014-07-24 00:00:00-04:00,25.480907976716235,25.54931205502205,25.22780975564673,25.51511001586914,1643000,0.0,0.0,PEG
2014-07-25 00:00:00-04:00,25.460380671073874,25.631393431928593,25.255163270490094,25.268844604492188,1369800,0.0,0.0,PEG
2014-07-28 00:00:00-04:00,25.28253039451877,25.93237952219159,25.262009694622694,25.85029411315918,3190500,0.0,0.0,PEG
2014-07-29 00:00:00-04:00,25.7408439048028,25.905014709305174,25.3509349822998,25.350934982299805,3505100,0.0,0.0,PEG
2014-07-30 00:00:00-04:00,25.40565973809709,25.439861774306028,24.646362530797408,24.687406539916992,3957000,0.0,0.0,PEG
2014-07-31 00:00:00-04:00,24.523231833142646,24.55743647701471,24.017035460990765,24.058076858520508,4994700,0.0,0.0,PEG
2014-08-01 00:00:00-04:00,24.071761988622054,24.482194294751835,24.064922624438324,24.276979446411133,3792300,0.0,0.0,PEG
2014-08-04 00:00:00-04:00,24.276978387381877,24.297499088486266,23.599766547006205,24.14700698852539,5596500,0.0,0.0,PEG
2014-08-05 00:00:00-04:00,24.14699991685564,24.229085306682,23.62712230202539,23.736570358276367,4647400,0.0,0.0,PEG
2014-08-06 00:00:00-04:00,23.620287233810448,23.647649908231905,23.29194296909772,23.360349655151367,6704500,0.0,0.0,PEG
2014-08-07 00:00:00-04:00,23.5039951870571,23.81181869050356,23.490313852520842,23.743412017822266,3718000,0.0,0.0,PEG
2014-08-08 00:00:00-04:00,23.777616542334613,24.3248595433681,23.777616542334613,24.31117820739746,4117200,0.0,0.0,PEG
2014-08-11 00:00:00-04:00,24.331701129641406,24.489032593505964,24.22225304132483,24.304338455200195,3069800,0.0,0.0,PEG
2014-08-12 00:00:00-04:00,24.242775258047814,24.406948705510644,24.174371177116548,24.297500610351562,2146700,0.0,0.0,PEG
2014-08-13 00:00:00-04:00,24.297489018028273,24.43429972406689,24.105955595242516,24.126476287841797,3422300,0.0,0.0,PEG
2014-08-14 00:00:00-04:00,24.188052441815774,24.40694863146989,24.16753173948833,24.2838191986084,2530900,0.0,0.0,PEG
2014-08-15 00:00:00-04:00,24.304338455200195,24.557439279608985,24.14016762744946,24.304338455200195,4321000,0.0,0.0,PEG
2014-08-18 00:00:00-04:00,24.386425788055156,24.53691527432438,24.20173165497875,24.242773056030273,2623600,0.0,0.0,PEG
2014-08-19 00:00:00-04:00,24.32485165479713,24.646353812775644,24.235924304551205,24.618993759155273,2905100,0.0,0.0,PEG
2014-08-20 00:00:00-04:00,24.71476838563742,24.796853791681684,24.55743693678258,24.755809783935547,1850300,0.0,0.0,PEG
2014-08-21 00:00:00-04:00,24.790008521144966,25.01574398633735,24.76264585583456,24.933658599853516,3456600,0.0,0.0,PEG
2014-08-22 00:00:00-04:00,24.967861910479606,25.04310793922827,24.68056173829109,24.88577651977539,2312500,0.0,0.0,PEG
2014-08-25 00:00:00-04:00,24.954180359695496,25.23464116748481,24.91313635997724,25.145713806152344,2296500,0.0,0.0,PEG
2014-08-26 00:00:00-04:00,25.1594005977403,25.309892686575754,24.824216993722512,24.851579666137695,2410200,0.0,0.0,PEG
2014-08-27 00:00:00-04:00,24.885782263638102,25.227807848203696,24.872100927121704,25.2004451751709,2701700,0.0,0.0,PEG
2014-08-28 00:00:00-04:00,25.10467979622337,25.344096674678852,25.084156485606993,25.323575973510742,1606900,0.0,0.0,PEG
2014-08-29 00:00:00-04:00,25.32357152176942,25.590351027849557,25.282527517200243,25.576669692993164,2267300,0.0,0.0,PEG
2014-09-02 00:00:00-04:00,25.501422378607703,25.55614771529201,24.906298694128083,25.0225887298584,3750800,0.0,0.0,PEG
2014-09-03 00:00:00-04:00,25.064041951936833,25.375010737665196,24.905102936144687,25.26444435119629,3607600,0.37,0.0,PEG
2014-09-04 00:00:00-04:00,25.216082762957587,25.381931097223813,25.1884404952093,25.312828063964844,2139200,0.0,0.0,PEG
2014-09-05 00:00:00-04:00,25.361201464536293,25.713631162359082,25.305916927404656,25.699810028076172,2026400,0.0,0.0,PEG
2014-09-08 00:00:00-04:00,25.727460733341456,25.727460733341456,25.464864368077702,25.603073120117188,2589600,0.0,0.0,PEG
2014-09-09 00:00:00-04:00,25.471761041079628,25.554685188327067,25.299000863249308,25.305910110473633,3815800,0.0,0.0,PEG
2014-09-10 00:00:00-04:00,25.271363760249763,25.33355754240745,25.11933392917283,25.229900360107422,3163500,0.0,0.0,PEG
2014-09-11 00:00:00-04:00,25.236808140459615,25.74817681182368,25.14697210615087,25.720537185668945,3392600,0.0,0.0,PEG
2014-09-12 00:00:00-04:00,25.5892416085704,25.5892416085704,25.250633071248707,25.36810874938965,5132400,0.0,0.0,PEG
2014-09-15 00:00:00-04:00,25.423386793135126,25.616877336503546,25.41647491023714,25.520132064819336,2057500,0.0,0.0,PEG
2014-09-16 00:00:00-04:00,25.464854920631556,26.25264372415364,25.409573021992927,26.231910705566406,4644400,0.0,0.0,PEG
2014-09-17 00:00:00-04:00,26.294101041082456,26.397758212090622,26.024595559794864,26.183534622192383,3217500,0.0,0.0,PEG
2014-09-18 00:00:00-04:00,26.169719147322464,26.432315437492555,25.948586261740893,26.093704223632812,2612400,0.0,0.0,PEG
2014-09-19 00:00:00-04:00,26.245726991570997,26.480680948639655,26.09369718519974,26.466859817504883,3911700,0.0,0.0,PEG
2014-09-22 00:00:00-04:00,26.031500763501683,26.377021098368086,25.955488504164272,26.266454696655273,3786900,0.0,0.0,PEG
2014-09-23 00:00:00-04:00,26.211177530662432,26.218086778714287,26.01077506771005,26.05223846435547,4638900,0.0,0.0,PEG
2014-09-24 00:00:00-04:00,26.08679153938779,26.114433805473787,25.962403978112377,26.04532814025879,3969100,0.0,0.0,PEG
2014-09-25 00:00:00-04:00,26.066060110967385,26.211178047923017,25.976224067851835,25.98313331604004,3853200,0.0,0.0,PEG
2014-09-26 00:00:00-04:00,25.96931374404133,26.107519790972923,25.755090153519163,25.97622299194336,2290100,0.0,0.0,PEG
2014-09-29 00:00:00-04:00,25.879480055622412,26.03841913292138,25.82419552293845,26.017688751220703,2417300,0.0,0.0,PEG
2014-09-30 00:00:00-04:00,26.045320191336415,26.29409523796214,25.665248375040793,25.73435401916504,5007500,0.0,0.0,PEG
2014-10-01 00:00:00-04:00,25.768909454345703,26.107517935823164,25.679073421334643,25.768909454345703,3123800,0.0,0.0,PEG
2014-10-02 00:00:00-04:00,25.699805838008018,25.94167169435764,25.679075458019426,25.748178482055664,2666700,0.0,0.0,PEG
2014-10-03 00:00:00-04:00,25.789641878144245,25.8172841422033,25.540866773835557,25.748178482055664,2805400,0.0,0.0,PEG
2014-10-06 00:00:00-04:00,25.914036673710413,26.00387273895734,25.68599188564794,25.851842880249023,2037900,0.0,0.0,PEG
2014-10-07 00:00:00-04:00,25.78273915194999,26.14899001698602,25.720545360140846,25.796560287475586,4509800,0.0,0.0,PEG
2014-10-08 00:00:00-04:00,25.851831987175167,26.529051543890958,25.824189727037133,26.487590789794922,3840000,0.0,0.0,PEG
2014-10-09 00:00:00-04:00,26.501414878301567,26.770923017375083,26.01077651977539,26.01077651977539,3292200,0.0,0.0,PEG
2014-10-10 00:00:00-04:00,26.16281752789674,26.584353037755395,26.086802582038594,26.238832473754883,5975600,0.0,0.0,PEG
2014-10-13 00:00:00-04:00,26.12134151638677,26.591249467742728,26.093699251927852,26.29410171508789,3770300,0.0,0.0,PEG
2014-10-14 00:00:00-04:00,26.535970239498518,27.27538375329728,26.38394040582007,26.736370086669922,4655700,0.0,0.0,PEG
2014-10-15 00:00:00-04:00,26.556713932626945,26.853861864055858,25.37503409524016,25.858760833740234,5725800,0.0,0.0,PEG
2014-10-16 00:00:00-04:00,25.43721058772096,25.831103598621546,25.133150975017895,25.720537185668945,4047200,0.0,0.0,PEG
2014-10-17 00:00:00-04:00,26.02459075148916,26.390841452123134,25.48557988850167,25.914024353027344,2577700,0.0,0.0,PEG
2014-10-20 00:00:00-04:00,25.93475698764509,26.41157676437859,25.93475698764509,26.370113372802734,2080200,0.0,0.0,PEG
2014-10-21 00:00:00-04:00,26.432314561761043,26.7916561479537,26.287196604677042,26.784744262695312,2827900,0.0,0.0,PEG
2014-10-22 00:00:00-04:00,26.770921439392655,27.116441835359403,26.660355018127753,26.853845596313477,2232300,0.0,0.0,PEG
2014-10-23 00:00:00-04:00,26.978238061904317,27.081892617900742,26.639626852314098,26.860759735107422,2349500,0.0,0.0,PEG
2014-10-24 00:00:00-04:00,26.902209255143763,27.399759302702822,26.902209255143763,27.34447479248047,2709200,0.0,0.0,PEG
2014-10-27 00:00:00-04:00,27.30993607358177,27.468875160693884,27.14408510140161,27.26847267150879,2328100,0.0,0.0,PEG
2014-10-28 00:00:00-04:00,27.282281036535583,27.358295920036056,26.92985151025494,27.34447479248047,3629900,0.0,0.0,PEG
2014-10-29 00:00:00-04:00,27.39286250504871,27.48960781510116,26.895312183508132,27.275386810302734,2429400,0.0,0.0,PEG
2014-10-30 00:00:00-04:00,27.475781041780422,28.15300334540246,27.475781041780422,28.14609146118164,4519100,0.0,0.0,PEG
2014-10-31 00:00:00-04:00,28.40177541150587,28.768028822722304,28.16682143748664,28.54689598083496,4559500,0.0,0.0,PEG
2014-11-03 00:00:00-05:00,28.567627350852597,28.98225078473032,28.484703191299353,28.761117935180664,2735400,0.0,0.0,PEG
2014-11-04 00:00:00-05:00,28.809489150484104,28.933876701692206,28.374135357367116,28.45014762878418,2404100,0.0,0.0,PEG
2014-11-05 00:00:00-05:00,28.615997416047644,29.065174958996614,28.553803642964116,29.002981185913086,6339100,0.0,0.0,PEG
2014-11-06 00:00:00-05:00,28.940798137222433,28.940798137222433,28.11845765104321,28.139190673828125,6096200,0.0,0.0,PEG
2014-11-07 00:00:00-05:00,28.201379322617456,28.43633332776861,28.159915920727805,28.401779174804688,4904700,0.0,0.0,PEG
2014-11-10 00:00:00-05:00,28.374134215902817,28.65746081867634,28.270477048695636,28.650548934936523,4773600,0.0,0.0,PEG
2014-11-11 00:00:00-05:00,28.650559792462662,28.65747167882184,28.201384715270056,28.29813003540039,3441400,0.0,0.0,PEG
2014-11-12 00:00:00-05:00,28.076993966351633,28.270484584865883,27.406683414910177,27.44814682006836,6446500,0.0,0.0,PEG
2014-11-13 00:00:00-05:00,27.531068772328158,27.537978021240917,27.07498189684534,27.144084930419922,4168600,0.0,0.0,PEG
2014-11-14 00:00:00-05:00,27.07498347810763,27.296116361795246,26.978238171008286,27.28229522705078,3460100,0.0,0.0,PEG
2014-11-17 00:00:00-05:00,27.282294841678578,27.973335752469158,27.247743323361426,27.959514617919922,5050800,0.0,0.0,PEG
2014-11-18 00:00:00-05:00,28.014801957263607,28.2359348599383,27.821308690339148,28.042444229125977,3036600,0.0,0.0,PEG
2014-11-19 00:00:00-05:00,27.959519458652473,28.173743127087143,27.793671087571457,28.021713256835938,2676300,0.0,0.0,PEG
2014-11-20 00:00:00-05:00,27.931865752426866,28.215194989607316,27.911135373554636,28.07698631286621,2308200,0.0,0.0,PEG
2014-11-21 00:00:00-05:00,28.381050494904475,28.46397466754783,28.042441918878822,28.332677841186523,2698800,0.0,0.0,PEG
2014-11-24 00:00:00-05:00,28.318848308492164,28.394863209253128,28.042433602947273,28.132266998291016,3430300,0.0,0.0,PEG
2014-11-25 00:00:00-05:00,28.17374093017683,28.346501174313715,27.959517278446725,28.249755859375,4049300,0.0,0.0,PEG
2014-11-26 00:00:00-05:00,28.31885935112416,28.505440734080697,28.29812896505527,28.477798461914062,2212800,0.0,0.0,PEG
2014-11-28 00:00:00-05:00,28.505421049733865,28.920044301467673,28.477778796655517,28.871671676635742,1555200,0.0,0.0,PEG
2014-12-01 00:00:00-05:00,28.671290576097693,28.961526513820242,28.539991106650962,28.768035888671875,3445900,0.0,0.0,PEG
2014-12-02 00:00:00-05:00,28.6436439862176,28.788761933198305,28.37413847436439,28.63673210144043,4627600,0.0,0.0,PEG
2014-12-03 00:00:00-05:00,28.595267600019124,28.69892213312484,28.097717405555485,28.42941665649414,6782900,0.0,0.0,PEG
2014-12-04 00:00:00-05:00,28.484704446311,28.705837305603577,28.270480835572485,28.353404998779297,2853100,0.0,0.0,PEG
2014-12-05 00:00:00-05:00,28.097722309671756,28.470885020650506,28.028619275540187,28.284303665161133,4540100,0.0,0.0,PEG
2014-12-08 00:00:00-05:00,28.35402485864724,28.737563769084403,28.312183234539244,28.716644287109375,3399900,0.37,0.0,PEG
2014-12-09 00:00:00-05:00,28.542321721750163,28.911913599542387,28.50048007778608,28.897966384887695,2952300,0.0,0.0,PEG
2014-12-10 00:00:00-05:00,28.918880321628325,29.18386934431144,28.51441919201972,28.549285888671875,3382400,0.0,0.0,PEG
2014-12-11 00:00:00-05:00,28.632977016210514,29.190852296327794,28.632977016210514,28.98164939880371,2817900,0.0,0.0,PEG
2014-12-12 00:00:00-05:00,28.800329901825975,29.03742715950378,28.38889650350739,28.409818649291992,3143000,0.0,0.0,PEG
2014-12-15 00:00:00-05:00,28.472594508126654,28.772450377934636,28.109974828627053,28.27733612060547,3672600,0.0,0.0,PEG
2014-12-16 00:00:00-05:00,28.284301341597143,28.751521003015757,28.109965170591597,28.21456527709961,3444800,0.0,0.0,PEG
2014-12-17 00:00:00-05:00,28.270353944234593,29.12808758076614,28.270353944234593,29.058351516723633,2876000,0.0,0.0,PEG
2014-12-18 00:00:00-05:00,29.246635835787895,29.483733140805874,29.065327383790116,29.476760864257812,3181400,0.0,0.0,PEG
2014-12-19 00:00:00-05:00,29.616234516376228,29.77662350120653,29.288481609024267,29.337295532226562,5612500,0.0,0.0,PEG
2014-12-22 00:00:00-05:00,29.40701864359382,29.420965853929953,28.918879582620946,29.24662971496582,3152400,0.0,0.0,PEG
2014-12-23 00:00:00-05:00,29.379125763797425,29.3930729736022,29.002559079543285,29.281497955322266,3135200,0.0,0.0,PEG
2014-12-24 00:00:00-05:00,29.31637066318765,29.964901421267175,29.31637066318765,29.78359031677246,2467100,0.0,0.0,PEG
2014-12-26 00:00:00-05:00,29.930032953756474,30.236866321250673,29.874246761585916,30.097396850585938,2418400,0.0,0.0,PEG
2014-12-29 00:00:00-05:00,30.09740421155412,30.5227850040461,30.027670789246393,30.35542106628418,3878200,0.0,0.0,PEG
2014-12-30 00:00:00-05:00,30.264771154325064,30.264771154325064,29.58834571810726,29.658079147338867,2191200,0.0,0.0,PEG
2014-12-31 00:00:00-05:00,29.8184550442948,29.88121616705589,28.842174163760646,28.87704086303711,3292700,0.0,0.0,PEG
2015-01-02 00:00:00-05:00,28.939805331180352,29.253610981261083,28.793363581195656,29.2187442779541,2924800,0.0,0.0,PEG
2015-01-05 00:00:00-05:00,28.932838510122004,29.149013707482382,28.340093801500327,28.507457733154297,3519300,0.0,0.0,PEG
2015-01-06 00:00:00-05:00,28.605069914842414,29.24662553772215,28.521389324935924,28.542308807373047,4450200,0.0,0.0,PEG
2015-01-07 00:00:00-05:00,28.67481599961983,29.07927724030434,28.444693610391088,28.98164939880371,5295600,0.0,0.0,PEG
2015-01-08 00:00:00-05:00,29.12809069415144,29.365188016920673,29.037435131285786,29.232690811157227,3345700,0.0,0.0,PEG
2015-01-09 00:00:00-05:00,29.323337171943418,29.323337171943418,28.730595381110685,28.821250915527344,2233600,0.0,0.0,PEG
2015-01-12 00:00:00-05:00,29.023477524560533,29.0792663617813,28.625991369916175,28.863088607788086,2924000,0.0,0.0,PEG
2015-01-13 00:00:00-05:00,29.1071683176525,29.76267136378907,29.030459976689514,29.22571563720703,3317600,0.0,0.0,PEG
2015-01-14 00:00:00-05:00,29.100191533709904,29.511624978080018,28.897960949493015,29.490705490112305,2849200,0.0,0.0,PEG
2015-01-15 00:00:00-05:00,29.504661976288908,29.888201117153418,29.330325761335992,29.74873161315918,1954300,0.0,0.0,PEG
2015-01-16 00:00:00-05:00,29.83240612641304,30.38330909099319,29.811486636164855,30.369361877441406,3212100,0.0,0.0,PEG
2015-01-20 00:00:00-05:00,30.501864895306515,30.536731605758426,29.992800814102548,30.313581466674805,2381900,0.0,0.0,PEG
2015-01-21 00:00:00-05:00,30.181078298207684,30.94118414104911,29.999769843472933,30.892370223999023,3858700,0.0,0.0,PEG
2015-01-22 00:00:00-05:00,30.906310445618708,30.996965982556826,30.36238254430674,30.55763816833496,3711200,0.0,0.0,PEG
2015-01-23 00:00:00-05:00,30.641338197886316,30.941196759285464,30.55765754312564,30.68317985534668,2160600,0.0,0.0,PEG
2015-01-26 00:00:00-05:00,30.627383950676116,30.634358888732333,30.181083680818162,30.550678253173828,1977000,0.0,0.0,PEG
2015-01-27 00:00:00-05:00,30.404233276002774,30.70409176327031,30.195030360740617,30.522783279418945,1773400,0.0,0.0,PEG
2015-01-28 00:00:00-05:00,30.480937694978714,30.83658499912769,30.069504195373636,30.139240264892578,2729400,0.0,0.0,PEG
2015-01-29 00:00:00-05:00,30.14621283972941,30.676196332675513,30.03463778755535,30.585540771484375,4444800,0.0,0.0,PEG
2015-01-30 00:00:00-05:00,30.425148480793048,30.515801371934675,29.73477609192783,29.762670516967773,3181400,0.0,0.0,PEG
2015-02-02 00:00:00-05:00,29.727802955524588,29.853325204413345,29.072297286848034,29.713855743408203,4074100,0.0,0.0,PEG
2015-02-03 00:00:00-05:00,29.70688340474116,30.153186251012585,29.53254722828104,30.12529182434082,3291400,0.0,0.0,PEG
2015-02-04 00:00:00-05:00,29.98582782999799,30.139244544565276,29.372163631888277,29.414005279541016,3717000,0.0,0.0,PEG
2015-02-05 00:00:00-05:00,29.658073789361104,29.964907206931713,29.462818094659315,29.888198852539062,2113700,0.0,0.0,PEG
2015-02-06 00:00:00-05:00,29.64411212058792,29.651087054946153,28.102981487013686,28.305212020874023,3887000,0.0,0.0,PEG
2015-02-09 00:00:00-05:00,28.22851496974067,28.44469279843494,27.907737025349764,28.082073211669922,3792900,0.0,0.0,PEG
2015-02-10 00:00:00-05:00,28.109966589983586,28.632975129409157,28.075097225894687,28.55626678466797,3770100,0.0,0.0,PEG
2015-02-11 00:00:00-05:00,28.381933249488384,28.40285274176381,27.858924661328867,27.956552505493164,2707300,0.0,0.0,PEG
2015-02-12 00:00:00-05:00,28.06811684941669,28.06811684941669,27.677602961680886,27.74036407470703,3305100,0.0,0.0,PEG
2015-02-13 00:00:00-05:00,27.684597640499295,27.726436638916415,27.19645559773863,27.447500228881836,2630000,0.0,0.0,PEG
2015-02-17 00:00:00-05:00,27.447486737453087,27.782211861061196,27.217361718633178,27.649717330932617,4991500,0.0,0.0,PEG
2015-02-18 00:00:00-05:00,27.566037436584253,28.32614332932354,27.566037436584253,28.270357131958008,3191700,0.0,0.0,PEG
2015-02-19 00:00:00-05:00,28.27034992948012,28.451658349924823,27.99141103324069,28.089038848876953,2943000,0.0,0.0,PEG
2015-02-20 00:00:00-05:00,28.925848087116385,29.288467528111973,28.374945321363974,29.03045082092285,5559100,0.0,0.0,PEG
2015-02-23 00:00:00-05:00,29.037434082915272,29.755698302360752,29.03046180609693,29.706884384155273,4876900,0.0,0.0,PEG
2015-02-24 00:00:00-05:00,29.762671717085905,30.46698868671243,29.73477729092118,30.097396850585938,4772000,0.0,0.0,PEG
2015-02-25 00:00:00-05:00,30.18106946266293,30.215938816198342,29.372149939583586,29.4488582611084,3866700,0.0,0.0,PEG
2015-02-26 00:00:00-05:00,29.54649057452755,29.76964063837757,29.323340510677525,29.43491554260254,3750200,0.0,0.0,PEG
2015-02-27 00:00:00-05:00,29.393075756214355,29.44886194055641,29.093217367420063,29.33031463623047,3901400,0.0,0.0,PEG
2015-03-02 00:00:00-05:00,29.28847209442634,29.455835962578487,28.284296865988757,28.549285888671875,4593200,0.0,0.0,PEG
2015-03-03 00:00:00-05:00,28.54929350257988,29.260585476646117,28.430746170315082,29.239665985107422,5028200,0.0,0.0,PEG
2015-03-04 00:00:00-05:00,29.086239923578667,29.100187133501098,28.5423120373953,28.821250915527344,4557500,0.0,0.0,PEG
2015-03-05 00:00:00-05:00,28.96769504925783,29.253606226155203,28.800331176366402,28.90493392944336,3502500,0.0,0.0,PEG
2015-03-06 00:00:00-05:00,28.65854436521847,28.65854436521847,27.827861686334554,27.89826011657715,5304100,0.39,0.0,PEG
2015-03-09 00:00:00-04:00,27.926416637429,28.24320285807586,27.891218765229464,28.032012939453125,3810500,0.0,0.0,PEG
2015-03-10 00:00:00-04:00,27.989778961019002,28.538876071596437,27.863067135190672,28.200971603393555,3862000,0.0,0.0,PEG
2015-03-11 00:00:00-04:00,28.14465268637074,28.376963517467388,27.989778798972974,28.31360626220703,4315400,0.0,0.0,PEG
2015-03-12 00:00:00-04:00,28.461433804267262,28.90493451070886,28.33471931671252,28.757099151611328,3272300,0.0,0.0,PEG
2015-03-13 00:00:00-04:00,28.735991217477963,28.735991217477963,28.229133086429965,28.54591941833496,3168400,0.0,0.0,PEG
2015-03-16 00:00:00-04:00,28.60224192267167,29.23581198391563,28.581121040831437,29.024621963500977,2601200,0.0,0.0,PEG
2015-03-17 00:00:00-04:00,28.911974549520064,29.242840471900983,28.897894862884108,29.03165054321289,2141900,0.0,0.0,PEG
2015-03-18 00:00:00-04:00,29.031653749596,29.98200987636674,28.855661675347644,29.721542358398438,3787800,0.0,0.0,PEG
2015-03-19 00:00:00-04:00,29.566667690114652,29.848256075619425,29.235801739960426,29.47515106201172,2956100,0.0,0.0,PEG
2015-03-20 00:00:00-04:00,29.615944628865716,29.827134570818107,29.355477123305292,29.64410400390625,4304900,0.0,0.0,PEG
2015-03-23 00:00:00-04:00,29.665229814041936,29.98201615107193,29.65819131118638,29.883460998535156,2586800,0.0,0.0,PEG
2015-03-24 00:00:00-04:00,29.82009829279916,30.017208561925457,29.35547931169716,29.43995475769043,1914500,0.0,0.0,PEG
2015-03-25 00:00:00-04:00,29.51740166971373,29.658195917530712,29.200615283482254,29.21469497680664,2814700,0.0,0.0,PEG
2015-03-26 00:00:00-04:00,29.193557979285966,29.411786371710647,28.8345327442886,28.98940658569336,1934000,0.0,0.0,PEG
2015-03-27 00:00:00-04:00,28.982367552978197,29.362510999876946,28.86269425604269,29.09500503540039,1781400,0.0,0.0,PEG
2015-03-30 00:00:00-04:00,29.186531604912833,29.637070988067205,29.03166037034511,29.545557022094727,1743500,0.0,0.0,PEG
2015-03-31 00:00:00-04:00,29.587788127199012,29.70042295287371,29.256924837331766,29.510351181030273,2913700,0.0,0.0,PEG
2015-04-01 00:00:00-04:00,29.0386901825905,29.179484369045788,28.58110974796726,29.04572868347168,4105800,0.0,0.0,PEG
2015-04-02 00:00:00-04:00,29.059807905664307,29.383635334957518,29.052769404895756,29.102046966552734,3980700,0.0,0.0,PEG
2015-04-06 00:00:00-04:00,29.18653633295824,30.13689551583942,29.17245663927552,29.848268508911133,3198200,0.0,0.0,PEG
2015-04-07 00:00:00-04:00,29.91865766693517,29.953855550634522,29.383642852596413,29.454038619995117,2372900,0.0,0.0,PEG
2015-04-08 00:00:00-04:00,29.411784798591764,29.559620132673363,29.18651523337462,29.35546875,2025600,0.0,0.0,PEG
2015-04-09 00:00:00-04:00,29.29915073907114,29.33434860598779,29.003485434461165,29.052762985229492,2352600,0.0,0.0,PEG
2015-04-10 00:00:00-04:00,29.102051961486335,29.552591279921785,29.059812893348198,29.334360122680664,1971600,0.0,0.0,PEG
2015-04-13 00:00:00-04:00,29.27804247233947,29.36251791863588,28.799343800949796,28.848621368408203,1628200,0.0,0.0,PEG
2015-04-14 00:00:00-04:00,28.90494326078756,29.207649885422803,28.869742692702197,29.0386962890625,1425600,0.0,0.0,PEG
2015-04-15 00:00:00-04:00,29.10908593310527,29.517388805283023,28.99645112102619,29.04572868347168,1276000,0.0,0.0,PEG
2015-04-16 00:00:00-04:00,29.031654664529785,29.249883124802626,28.61631324879713,29.087970733642578,2423700,0.0,0.0,PEG
2015-04-17 00:00:00-04:00,28.92605831310742,29.186525839019854,28.68670897741258,28.848621368408203,1919200,0.0,0.0,PEG
2015-04-20 00:00:00-04:00,28.933096710878793,29.637065026816728,28.87678064202528,29.43995475769043,2127400,0.0,0.0,PEG
2015-04-21 00:00:00-04:00,29.46810896368573,29.686337384658522,28.926053133283837,29.010528564453125,2713500,0.0,0.0,PEG
2015-04-22 00:00:00-04:00,29.23580706121504,29.573711574067772,29.116133721120395,29.461076736450195,2606500,0.0,0.0,PEG
2015-04-23 00:00:00-04:00,29.489229898321298,29.637062588000962,29.39771327286093,29.53850746154785,2313200,0.0,0.0,PEG
2015-04-24 00:00:00-04:00,29.475148752819646,29.953847359419218,29.362513944527137,29.770816802978516,2898600,0.0,0.0,PEG
2015-04-27 00:00:00-04:00,29.91865639204819,29.9538542742477,29.080934979824303,29.285083770751953,2608100,0.0,0.0,PEG
2015-04-28 00:00:00-04:00,29.207651275494154,29.601871876719706,29.017579477577645,29.594833374023438,2022900,0.0,0.0,PEG
2015-04-29 00:00:00-04:00,29.45403444626031,29.573707770965274,29.18652573428461,29.43995475769043,1973900,0.0,0.0,PEG
2015-04-30 00:00:00-04:00,29.341396845815463,29.404754095669833,28.876777908692,29.242841720581055,4176000,0.0,0.0,PEG
2015-05-01 00:00:00-04:00,29.102047893501606,29.559628335377653,28.93309432999214,29.53850746154785,2736000,0.0,0.0,PEG
2015-05-04 00:00:00-04:00,29.58074695298151,30.221357969647407,29.524428202519275,30.052404403686523,3347600,0.0,0.0,PEG
2015-05-05 00:00:00-04:00,29.925701170609887,29.96090174561826,29.242853519362292,29.256933212280273,4280300,0.0,0.0,PEG
2015-05-06 00:00:00-04:00,29.3765971950336,29.475152328567454,29.02461304074071,29.383638381958008,3426000,0.0,0.0,PEG
2015-05-07 00:00:00-04:00,29.51738927314384,29.827134339914437,29.39771327286093,29.53850746154785,2903000,0.0,0.0,PEG
2015-05-08 00:00:00-04:00,29.883449132136484,30.045361487785595,29.454028121950596,29.608901977539062,3851600,0.0,0.0,PEG
2015-05-11 00:00:00-04:00,29.56667170152284,29.904576198717667,29.503314440459672,29.601869583129883,3863100,0.0,0.0,PEG
2015-05-12 00:00:00-04:00,29.43995735269123,29.545553683560172,29.19356949456537,29.489234924316406,2733900,0.0,0.0,PEG
2015-05-13 00:00:00-04:00,29.566665952783787,29.707460137263134,29.179483959534853,29.34139633178711,2726200,0.0,0.0,PEG
2015-05-14 00:00:00-04:00,29.531481900105277,29.78491101369939,29.461083432203043,29.763790130615234,3172300,0.0,0.0,PEG
2015-05-15 00:00:00-04:00,29.890496731391362,30.15096696515923,29.75674370611891,29.946815490722656,3518800,0.0,0.0,PEG
2015-05-18 00:00:00-04:00,29.806012844192445,30.045362132773935,29.728575914735863,30.010164260864258,2422300,0.0,0.0,PEG
2015-05-19 00:00:00-04:00,29.855286674403935,30.333985191799563,29.735613387767604,30.291746139526367,3019900,0.0,0.0,PEG
2015-05-20 00:00:00-04:00,30.30583769924462,30.636703691474736,30.150966484405462,30.50295066833496,3496000,0.0,0.0,PEG
2015-05-21 00:00:00-04:00,30.495899970504823,30.81972467423117,30.37622667429414,30.805644989013672,3020900,0.0,0.0,PEG
2015-05-22 00:00:00-04:00,30.707095473774455,30.953485981843198,30.54518309240544,30.876049041748047,3076600,0.0,0.0,PEG
2015-05-26 00:00:00-04:00,30.791572416681415,30.791572416681415,30.263596229522737,30.35511016845703,2896200,0.0,0.0,PEG
2015-05-27 00:00:00-04:00,30.481826448003893,30.545183701579315,30.305834375341718,30.44662857055664,3912700,0.0,0.0,PEG
2015-05-28 00:00:00-04:00,30.38327266896221,30.538146559132723,30.143923332074156,30.305835723876953,3190400,0.0,0.0,PEG
2015-05-29 00:00:00-04:00,30.312870793053364,30.36918685102375,29.925686145770445,30.010164260864258,5333000,0.0,0.0,PEG
2015-06-01 00:00:00-04:00,30.10871456879851,30.41845955174109,29.939761051013882,30.2072696685791,2780800,0.0,0.0,PEG
2015-06-02 00:00:00-04:00,30.03128429363763,30.094641541141268,29.594824747182365,29.770816802978516,2812300,0.0,0.0,PEG
2015-06-03 00:00:00-04:00,29.76377614125056,29.8200948891018,28.897895533730555,29.102046966552734,3373600,0.0,0.0,PEG
2015-06-04 00:00:00-04:00,29.003500323691636,29.214690319033082,28.735991564031675,28.799348831176758,2952600,0.0,0.0,PEG
2015-06-05 00:00:00-04:00,28.69272667104707,28.763802678365913,28.479504071635446,28.72115707397461,4170800,0.39,0.0,PEG
2015-06-08 00:00:00-04:00,28.657192842515848,28.763805508347172,28.529258728027344,28.529258728027344,3397100,0.0,0.0,PEG
2015-06-09 00:00:00-04:00,28.500828322302628,28.70694469689774,28.443970222125913,28.529258728027344,2624500,0.0,0.0,PEG
2015-06-10 00:00:00-04:00,28.692728917319613,28.94859714115374,28.586118964903832,28.60033416748047,3471800,0.0,0.0,PEG
2015-06-11 00:00:00-04:00,28.749600308292937,28.88464071556068,28.550590110251303,28.71406364440918,3673100,0.0,0.0,PEG
2015-06-12 00:00:00-04:00,28.557688480615962,28.671407389641267,28.19520759409784,28.21653175354004,1877900,0.0,0.0,PEG
2015-06-15 00:00:00-04:00,28.2023264291171,28.58612889823497,28.0814985208658,28.436870574951172,2691300,0.0,0.0,PEG
2015-06-16 00:00:00-04:00,28.344471358603105,28.586124426026245,28.15257015406651,28.564800262451172,1933200,0.0,0.0,PEG
2015-06-17 00:00:00-04:00,28.66430764599015,28.79934803381647,28.436867065076086,28.778026580810547,2746600,0.0,0.0,PEG
2015-06-18 00:00:00-04:00,28.74248283648988,29.34661678869044,28.728267632891566,29.268434524536133,3438100,0.0,0.0,PEG
2015-06-19 00:00:00-04:00,29.232909438714046,29.43902319426722,29.126296725176182,29.133405685424805,3640500,0.0,0.0,PEG
2015-06-22 00:00:00-04:00,29.211574732034613,29.282650752512602,28.870417967559117,28.94149398803711,2506500,0.0,0.0,PEG
2015-06-23 00:00:00-04:00,29.104965004886516,29.176038314669466,28.500831026639528,28.550582885742188,2207600,0.0,0.0,PEG
2015-06-24 00:00:00-04:00,28.557688789683077,28.65008625153882,28.152565002441403,28.152565002441406,3326800,0.0,0.0,PEG
2015-06-25 00:00:00-04:00,28.294719479854912,28.408438410856572,27.740337318857794,27.818519592285156,3999300,0.0,0.0,PEG
2015-06-26 00:00:00-04:00,27.790083848631596,28.15967098127928,27.669258693811425,28.138349533081055,4075200,0.0,0.0,PEG
2015-06-29 00:00:00-04:00,28.067282681427447,28.57191028741499,27.854057305355386,27.875381469726562,4046800,0.0,0.0,PEG
2015-06-30 00:00:00-04:00,28.06728044939716,28.07438669610691,27.797196982784484,27.91802215576172,3943600,0.0,0.0,PEG
2015-07-01 00:00:00-04:00,27.960666610023548,28.095706982091844,27.861162892576072,28.038848876953125,2580100,0.0,0.0,PEG
2015-07-02 00:00:00-04:00,28.21653653436391,28.571908524188967,28.21653653436391,28.387113571166992,2732300,0.0,0.0,PEG
2015-07-06 00:00:00-04:00,28.273387748723763,28.699835659293136,28.230744855557546,28.66429901123047,2647200,0.0,0.0,PEG
2015-07-07 00:00:00-04:00,28.841982698623273,29.694873030262332,28.799337097532423,29.595369338989258,3834800,0.0,0.0,PEG
2015-07-08 00:00:00-04:00,29.510087208814294,29.723309837683008,29.318186029450604,29.41058349609375,4249300,0.0,0.0,PEG
2015-07-09 00:00:00-04:00,29.49586878478654,29.723306592249358,29.133390626415345,29.28264617919922,3297800,0.0,0.0,PEG
2015-07-10 00:00:00-04:00,29.268440195189715,29.595381807476148,29.140506049290956,29.325298309326172,3190000,0.0,0.0,PEG
2015-07-13 00:00:00-04:00,29.453225177126775,29.453225177126775,28.898845822738767,29.126283645629883,1955300,0.0,0.0,PEG
2015-07-14 00:00:00-04:00,29.119182904806888,29.38215742887625,28.96281835528137,29.05521583557129,2457000,0.0,0.0,PEG
2015-07-15 00:00:00-04:00,29.06232551772625,29.176044464111328,28.884639494544974,29.176044464111328,2335700,0.0,0.0,PEG
2015-07-16 00:00:00-04:00,29.19736466530939,29.794387019295186,29.176040501757626,29.7730655670166,1813100,0.0,0.0,PEG
2015-07-17 00:00:00-04:00,29.780171461731225,29.780171461731225,29.35372348111705,29.43190574645996,2521100,0.0,0.0,PEG
2015-07-20 00:00:00-04:00,29.410588691296255,29.47455576238355,29.204472272095725,29.382158279418945,2926000,0.0,0.0,PEG
2015-07-21 00:00:00-04:00,29.303975637627403,29.367942707918456,28.635877234466733,28.778026580810547,2835100,0.0,0.0,PEG
2015-07-22 00:00:00-04:00,28.849090248365872,29.1476013356904,28.785123199471705,28.96991539001465,3166600,0.0,0.0,PEG
2015-07-23 00:00:00-04:00,28.94859479670851,28.94859479670851,28.010413192811857,28.259172439575195,3137500,0.0,0.0,PEG
2015-07-24 00:00:00-04:00,28.287597385572845,28.387101065083304,28.18098746235675,28.27338218688965,2228200,0.0,0.0,PEG
2015-07-27 00:00:00-04:00,28.28050429042424,28.692734398808902,28.273395332141487,28.564800262451172,2535500,0.0,0.0,PEG
2015-07-28 00:00:00-04:00,28.564798307441222,28.749593252320654,28.41554272899683,28.642980575561523,3304800,0.0,0.0,PEG
2015-07-29 00:00:00-04:00,28.579012537381768,28.941493456985928,28.394220310075678,28.913063049316406,3357000,0.0,0.0,PEG
2015-07-30 00:00:00-04:00,28.763812570407605,29.360837680844014,28.706951744997763,29.325298309326172,3429300,0.0,0.0,PEG
2015-07-31 00:00:00-04:00,29.44612408471394,29.93653646778642,29.16893435900892,29.616701126098633,4065700,0.0,0.0,PEG
2015-08-03 00:00:00-04:00,29.730419513818052,29.829923228944274,29.4247994109173,29.58827018737793,2616700,0.0,0.0,PEG
2015-08-04 00:00:00-04:00,29.50297465767818,29.50297465767818,28.834876445598486,28.884628295898438,2449800,0.0,0.0,PEG
2015-08-05 00:00:00-04:00,29.048099681298147,29.346613500873378,28.96281118053632,29.275537490844727,3598400,0.0,0.0,PEG
2015-08-06 00:00:00-04:00,29.247115320941607,29.602487304373348,28.94149519828846,29.56694793701172,3792400,0.0,0.0,PEG
2015-08-07 00:00:00-04:00,29.51009530718313,30.213730446673686,29.339515530512756,30.163978576660156,3227200,0.0,0.0,PEG
2015-08-10 00:00:00-04:00,30.128436443418742,30.199512467156456,29.65934553184214,29.79438591003418,2802300,0.0,0.0,PEG
2015-08-11 00:00:00-04:00,29.78727941651464,30.41273486385935,29.751742760576736,30.1852970123291,3947800,0.0,0.0,PEG
2015-08-12 00:00:00-04:00,30.100000878938076,30.63305876494954,30.028927578645593,30.206613540649414,5337600,0.0,0.0,PEG
2015-08-13 00:00:00-04:00,30.064473835125153,30.22794464704887,29.70910179756747,30.071582794189453,4100100,0.0,0.0,PEG
2015-08-14 00:00:00-04:00,30.043137001306697,30.519333986456047,29.957848515108864,30.49801254272461,2044600,0.0,0.0,PEG
2015-08-17 00:00:00-04:00,30.4553728512877,30.810744775859423,30.398514753217984,30.668598175048828,2531200,0.0,0.0,PEG
2015-08-18 00:00:00-04:00,30.561989630193327,30.611741489433662,30.34876698898146,30.583311080932617,2151500,0.0,0.0,PEG
2015-08-19 00:00:00-04:00,30.46958873756418,31.03818328738747,30.284796525598864,30.90314292907715,2368800,0.0,0.0,PEG
2015-08-20 00:00:00-04:00,30.675709300278957,31.20876727193205,30.49091706306603,30.704139709472656,3199600,0.0,0.0,PEG
2015-08-21 00:00:00-04:00,30.533565809866943,30.689930379088217,29.86546733357584,29.879682540893555,4782700,0.0,0.0,PEG
2015-08-24 00:00:00-04:00,29.140505852299057,29.5243082874008,28.699845303445226,28.891746520996094,6306700,0.0,0.0,PEG
2015-08-25 00:00:00-04:00,29.439011251420066,29.780170711829747,28.216533578164555,28.351573944091797,6200900,0.0,0.0,PEG
2015-08-26 00:00:00-04:00,28.600340686803822,28.742487322426566,28.124140781393127,28.621662139892578,4789300,0.0,0.0,PEG
2015-08-27 00:00:00-04:00,28.792236404265036,29.104965479464443,28.59322896460943,29.097856521606445,2767400,0.0,0.0,PEG
2015-08-28 00:00:00-04:00,29.005457569520345,29.055209422247117,28.244961864956718,28.799341201782227,3941100,0.0,0.0,PEG
2015-08-31 00:00:00-04:00,28.68563277129104,28.77803026493411,28.173896143450804,28.607450485229492,4389100,0.0,0.0,PEG
2015-09-01 00:00:00-04:00,28.237855686069032,28.387111258932592,27.477359906690438,27.704797744750977,5049800,0.0,0.0,PEG
2015-09-02 00:00:00-04:00,27.94644420227458,28.017517493195935,27.43470783156962,27.683469772338867,4058200,0.0,0.0,PEG
2015-09-03 00:00:00-04:00,27.832734692171055,28.13124857946572,27.719015761600033,27.974884033203125,2743600,0.0,0.0,PEG
2015-09-04 00:00:00-04:00,27.737984411261984,27.867198845471467,27.39341349950542,27.536985397338867,2545000,0.39,0.0,PEG
2015-09-08 00:00:00-04:00,27.90310001052721,28.13281402476388,27.72363576575437,28.068206787109375,2799600,0.0,0.0,PEG
2015-09-09 00:00:00-04:00,28.297922753737822,28.297922753737822,27.6805680093873,27.737995147705078,2847900,0.0,0.0,PEG
2015-09-10 00:00:00-04:00,27.737985764778234,28.197413669538783,27.69491611021088,27.9102725982666,2914100,0.0,0.0,PEG
2015-09-11 00:00:00-04:00,27.78106283124919,28.233313449130936,27.687740666643514,28.226133346557617,3014400,0.0,0.0,PEG
2015-09-14 00:00:00-04:00,28.22613610889201,28.506099891700753,28.111279102139523,28.21177864074707,1871500,0.0,0.0,PEG
2015-09-15 00:00:00-04:00,28.25484754432769,28.44866923265878,28.03949102565093,28.419954299926758,2438500,0.0,0.0,PEG
2015-09-16 00:00:00-04:00,28.405600183375608,28.92963544470326,28.319458113427686,28.821958541870117,2211200,0.0,0.0,PEG
2015-09-17 00:00:00-04:00,28.800419915445495,29.54699179672815,28.577886014698866,29.144990921020508,2867200,0.0,0.0,PEG
2015-09-18 00:00:00-04:00,29.144988908787703,29.34599070196739,28.900917454389088,28.95834732055664,4978700,0.0,0.0,PEG
2015-09-21 00:00:00-04:00,29.13780127570072,29.32444279815381,28.951159753247627,29.152158737182617,4031800,0.0,0.0,PEG
2015-09-22 00:00:00-04:00,29.037314863653357,29.245494041306934,28.384065133201148,28.477384567260742,5109900,0.0,0.0,PEG
2015-09-23 00:00:00-04:00,28.520456218750006,28.821957560916697,28.36252681388141,28.671205520629883,3038700,0.0,0.0,PEG
2015-09-24 00:00:00-04:00,28.549172125560162,28.915277976644102,28.484564888497463,28.821958541870117,4995500,0.0,0.0,PEG
2015-09-25 00:00:00-04:00,28.99424003406761,29.704919576859403,28.771706145489595,29.353168487548828,4223400,0.0,0.0,PEG
2015-09-28 00:00:00-04:00,29.29574297263623,29.468027106289203,28.936814499384457,29.137813568115234,4409800,0.0,0.0,PEG
2015-09-29 00:00:00-04:00,29.1306205085255,29.532618429398227,29.116263048722125,29.367511749267578,3642800,0.0,0.0,PEG
2015-09-30 00:00:00-04:00,29.518269387465526,30.27919854360968,29.417769878587404,30.264841079711914,4322000,0.0,0.0,PEG
2015-10-01 00:00:00-04:00,30.26484129124199,30.358163438026605,29.52544969497977,29.676198959350586,3751700,0.0,0.0,PEG
2015-10-02 00:00:00-04:00,29.877192926556237,30.401227951049805,29.654659118229503,30.401227951049805,3113900,0.0,0.0,PEG
2015-10-05 00:00:00-04:00,30.50173287526917,30.75298162892134,30.343803522455786,30.67401695251465,2713200,0.0,0.0,PEG
2015-10-06 00:00:00-04:00,30.638128227605762,30.824769789394374,30.279199830129972,30.781700134277344,3332100,0.0,0.0,PEG
2015-10-07 00:00:00-04:00,30.81041377471507,30.86784363544869,30.315093548716764,30.38688087463379,3425100,0.0,0.0,PEG
2015-10-08 00:00:00-04:00,30.293560209633355,30.831952857653828,30.171523118777273,30.79606056213379,3222000,0.0,0.0,PEG
2015-10-09 00:00:00-04:00,30.796066568735686,30.867851173776955,30.243316347015007,30.3653507232666,2434500,0.0,0.0,PEG
2015-10-12 00:00:00-04:00,30.429946413831995,30.767339953967888,30.40841158817434,30.652482986450195,1977000,0.0,0.0,PEG
2015-10-13 00:00:00-04:00,30.652485993888753,30.853485022164005,30.444306864085735,30.53044891357422,2422300,0.0,0.0,PEG
2015-10-14 00:00:00-04:00,30.58070687922324,30.8534933039665,30.480207338109174,30.630956649780273,2139100,0.0,0.0,PEG
2015-10-15 00:00:00-04:00,30.652483890067217,31.169338889930348,30.544804281792377,31.11191177368164,2374800,0.0,0.0,PEG
2015-10-16 00:00:00-04:00,31.27702675584715,31.42777605650723,31.068847585369753,31.205242156982422,2250000,0.0,0.0,PEG
2015-10-19 00:00:00-04:00,31.198054313014133,31.542625231200393,31.011412759232243,31.506732940673828,3080000,0.0,0.0,PEG
2015-10-20 00:00:00-04:00,31.39905467134709,31.714910647689095,31.169337997709317,31.269840240478516,4403100,0.0,0.0,PEG
2015-10-21 00:00:00-04:00,31.39188151816758,31.650310437100206,30.946811012454017,30.997060775756836,2705900,0.0,0.0,PEG
2015-10-22 00:00:00-04:00,31.14062220299155,31.47083560434192,31.08319235663194,31.31290626525879,3987900,0.0,0.0,PEG
2015-10-23 00:00:00-04:00,31.20524444864608,31.305743989799993,30.544814589280605,30.623779296875,3281300,0.0,0.0,PEG
2015-10-26 00:00:00-04:00,30.731459347138763,30.76017154612808,29.97052993657519,30.035137176513672,5431100,0.0,0.0,PEG
2015-10-27 00:00:00-04:00,30.03512255602638,30.18587179636546,29.841300930559356,29.992050170898438,2769000,0.0,0.0,PEG
2015-10-28 00:00:00-04:00,30.09256431881907,30.193066599726485,29.367529949062035,29.712100982666016,2282600,0.0,0.0,PEG
2015-10-29 00:00:00-04:00,29.575705527969486,29.77670458843854,29.087562605338785,29.747989654541016,4601900,0.0,0.0,PEG
2015-10-30 00:00:00-04:00,29.317272267531422,29.80541511802991,29.07320084228218,29.640308380126953,5091200,0.0,0.0,PEG
2015-11-02 00:00:00-05:00,29.604413053600403,29.999233711466847,29.051663037224927,29.159339904785156,6400000,0.0,0.0,PEG
2015-11-03 00:00:00-05:00,29.11627582890257,29.532631392332096,29.001418838466147,29.446489334106445,2794400,0.0,0.0,PEG
2015-11-04 00:00:00-05:00,29.33162978827157,29.582878577210135,29.28138003048386,29.496736526489258,2396500,0.0,0.0,PEG
2015-11-05 00:00:00-05:00,29.439302936265193,29.640304680349765,29.195231541481554,29.2095890045166,2634900,0.0,0.0,PEG
2015-11-06 00:00:00-05:00,28.872195786599587,28.872195786599587,27.651838915011744,27.752338409423828,4890800,0.0,0.0,PEG
2015-11-09 00:00:00-05:00,27.730801249528742,28.003584786120413,27.41494259266696,27.831300735473633,4190500,0.0,0.0,PEG
2015-11-10 00:00:00-05:00,27.867195540191997,28.161516663558864,27.809768430913657,27.93180274963379,2145800,0.0,0.0,PEG
2015-11-11 00:00:00-05:00,28.06819471269963,28.204589232633147,27.946160393186357,28.104089736938477,2200700,0.0,0.0,PEG
2015-11-12 00:00:00-05:00,28.04666670432125,28.37688019567704,27.83848756213352,27.982059478759766,2549600,0.0,0.0,PEG
2015-11-13 00:00:00-05:00,28.07538395095767,28.25484817694087,27.895919724974462,28.039491653442383,3239800,0.0,0.0,PEG
2015-11-16 00:00:00-05:00,28.06102056015835,28.628128051757816,27.960521052969828,28.628128051757812,2416300,0.0,0.0,PEG
2015-11-17 00:00:00-05:00,28.55633769184617,28.735801860826413,27.86719594017946,28.00358772277832,2739100,0.0,0.0,PEG
2015-11-18 00:00:00-05:00,27.989239580714678,28.03230923881797,27.37905961965476,27.982059478759766,5575200,0.0,0.0,PEG
2015-11-19 00:00:00-05:00,28.053852920203845,28.463031191798827,27.924638440920468,28.369709014892578,2945800,0.0,0.0,PEG
2015-11-20 00:00:00-05:00,28.470207202489622,28.786063282152043,28.391242497972268,28.477384567260742,2872500,0.0,0.0,PEG
2015-11-23 00:00:00-05:00,28.47738486562142,28.664029212510123,28.290743257139756,28.355350494384766,1785600,0.0,0.0,PEG
2015-11-24 00:00:00-05:00,28.139986879403423,28.233309029400157,27.910272924339424,28.1328067779541,2589400,0.0,0.0,PEG
2015-11-25 00:00:00-05:00,28.082558998876177,28.118451293431104,27.773880336572034,27.982059478759766,2357800,0.0,0.0,PEG
2015-11-27 00:00:00-05:00,28.003596794842217,28.247668253261132,27.996419430656417,28.082561492919922,930300,0.0,0.0,PEG
2015-11-30 00:00:00-05:00,28.096921723490723,28.348173309216936,28.039494589135085,28.068206787109375,2899200,0.0,0.0,PEG
2015-12-01 00:00:00-05:00,28.218948712822105,28.46302010771013,28.118446471533797,28.441482543945312,2697700,0.0,0.0,PEG
2015-12-02 00:00:00-05:00,28.34098655323619,28.455843533393324,27.57287998498413,27.60877227783203,3018800,0.0,0.0,PEG
2015-12-03 00:00:00-05:00,27.45084530963704,27.709271458060453,27.221128613694482,27.393415451049805,3417500,0.0,0.0,PEG
2015-12-04 00:00:00-05:00,27.4580294684615,27.88874256083925,27.45085210356493,27.730815887451172,3372300,0.0,0.0,PEG
2015-12-07 00:00:00-05:00,27.76707066426709,27.926607968327144,27.317458241578386,27.60753059387207,3588700,0.39,0.0,PEG
2015-12-08 00:00:00-05:00,27.549520176624846,27.680049703528507,27.266698363717154,27.542266845703125,4134800,0.0,0.0,PEG
2015-12-09 00:00:00-05:00,27.491499007422576,27.991870852256227,27.324708392478026,27.701801300048828,3057900,0.0,0.0,PEG
2015-12-10 00:00:00-05:00,27.69455346062944,27.75256904237242,27.128915370311326,27.14341926574707,3483100,0.0,0.0,PEG
2015-12-11 00:00:00-05:00,27.107156769413695,27.368221314706297,26.817084437680858,26.846092224121094,3619800,0.0,0.0,PEG
2015-12-14 00:00:00-05:00,26.947614011018153,27.201425201109355,26.68654949187606,27.1651668548584,4068300,0.0,0.0,PEG
2015-12-15 00:00:00-05:00,27.194186513508612,27.237698207811082,26.809842896011784,26.911367416381836,4000600,0.0,0.0,PEG
2015-12-16 00:00:00-05:00,27.1071599415754,27.89760423339605,27.020136572070946,27.774322509765625,3735200,0.0,0.0,PEG
2015-12-17 00:00:00-05:00,27.752565936043663,27.875844883946165,27.44073913491571,27.636537551879883,2902300,0.0,0.0,PEG
2015-12-18 00:00:00-05:00,27.520508731914905,27.58577486986944,27.078149659815818,27.17967414855957,4648200,0.0,0.0,PEG
2015-12-21 00:00:00-05:00,27.324703572224614,27.520501937750208,27.208675218542872,27.3609619140625,2161500,0.0,0.0,PEG
2015-12-22 00:00:00-05:00,27.433488805850192,27.600279436616468,27.041891968572024,27.513256072998047,1792800,0.0,0.0,PEG
2015-12-23 00:00:00-05:00,27.564016386762486,28.136907708591796,27.564016386762486,28.035383224487305,1855900,0.0,0.0,PEG
2015-12-24 00:00:00-05:00,27.941114350950926,28.078899975412053,27.941114350950926,27.99187660217285,841000,0.0,0.0,PEG
2015-12-28 00:00:00-05:00,27.98463463978419,28.1369214402615,27.817843939308652,28.0716552734375,1723700,0.0,0.0,PEG
2015-12-29 00:00:00-05:00,28.16590296257187,28.347197393905024,27.984608531238717,28.31818962097168,2083900,0.0,0.0,PEG
2015-12-30 00:00:00-05:00,28.303693735502232,28.419722093701452,28.22392372055259,28.274688720703125,1573800,0.0,0.0,PEG
2015-12-31 00:00:00-05:00,28.21668617588902,28.245693970404815,27.68730637448573,28.057146072387695,2711200,0.0,0.0,PEG
2016-01-04 00:00:00-05:00,27.75981963277707,28.093403695439523,27.4479927964561,28.064395904541016,3633900,0.0,0.0,PEG
2016-01-05 00:00:00-05:00,28.086155420863797,28.274703329312956,27.58578338629155,28.231191635131836,2224600,0.0,0.0,PEG
2016-01-06 00:00:00-05:00,28.02088470941108,28.173171464795107,27.875848518711194,27.999130249023438,1852600,0.0,0.0,PEG
2016-01-07 00:00:00-05:00,27.672798134330357,28.22393231195915,27.571273635793617,28.1441650390625,3723900,0.0,0.0,PEG
2016-01-08 00:00:00-05:00,28.17316635431531,28.361714197924048,27.803326763136237,27.861339569091797,2691300,0.0,0.0,PEG
2016-01-11 00:00:00-05:00,27.86859763958681,28.18767504245823,27.78882759728515,27.99187660217285,2620100,0.0,0.0,PEG
2016-01-12 00:00:00-05:00,28.078899975412053,28.144166122173846,27.578525261459905,27.99187660217285,2993400,0.0,0.0,PEG
2016-01-13 00:00:00-05:00,28.013634749933185,28.50675614916505,27.846844095242304,28.12240982055664,3589300,0.0,0.0,PEG
2016-01-14 00:00:00-05:00,28.06439097974029,29.007121887827747,28.06439097974029,28.81857681274414,4830500,0.0,0.0,PEG
2016-01-15 00:00:00-05:00,28.44148109860347,28.767808974674605,28.231178821682715,28.7170467376709,5552200,0.0,0.0,PEG
2016-01-19 00:00:00-05:00,28.92735902080413,29.20292752152742,28.717056671138057,28.88385009765625,4471500,0.0,0.0,PEG
2016-01-20 00:00:00-05:00,28.753316165963888,28.927357381362512,27.65829555654531,28.260194778442383,3720500,0.0,0.0,PEG
2016-01-21 00:00:00-05:00,28.252941712876964,28.50675574002615,27.97737599151764,28.34721565246582,3720800,0.0,0.0,PEG
2016-01-22 00:00:00-05:00,28.62277229970082,29.130394611339163,28.354454487738696,28.912841796875,4937800,0.0,0.0,PEG
2016-01-25 00:00:00-05:00,28.920102164491688,28.97811497151398,28.100650171999007,28.267440795898438,3862300,0.0,0.0,PEG
2016-01-26 00:00:00-05:00,28.325459313145835,28.789572882899087,28.238435944065788,28.55751609802246,2410800,0.0,0.0,PEG
2016-01-27 00:00:00-05:00,28.593767809614594,28.934602343497577,28.390718861599762,28.7170467376709,2224000,0.0,0.0,PEG
2016-01-28 00:00:00-05:00,28.796815258174895,29.50023874336239,28.543004086372346,29.275432586669922,2145300,0.0,0.0,PEG
2016-01-29 00:00:00-05:00,29.551006509739437,30.051378384821366,29.52925205275082,29.949853897094727,3503500,0.0,0.0,PEG
2016-02-01 00:00:00-05:00,29.848335349279868,30.15291163940623,29.652536898413356,30.007875442504883,3032700,0.0,0.0,PEG
2016-02-02 00:00:00-05:00,29.826567562743005,30.080378719177,29.57275363997488,30.058624267578125,3350400,0.0,0.0,PEG
2016-02-03 00:00:00-05:00,30.232667794738468,30.762047367243486,30.138396652827325,30.566251754760742,3766800,0.0,0.0,PEG
2016-02-04 00:00:00-05:00,30.59526570515606,31.05938205325928,30.50099453571484,30.762056350708008,3162400,0.0,0.0,PEG
2016-02-05 00:00:00-05:00,30.522736422082012,31.226159835749993,30.297930288246363,31.117382049560547,4116700,0.0,0.0,PEG
2016-02-08 00:00:00-05:00,31.102892171618546,31.472734598202955,30.32695172849943,30.450233459472656,5284300,0.0,0.0,PEG
2016-02-09 00:00:00-05:00,30.319701850443092,30.936102220263376,30.152911194683902,30.73305320739746,3760000,0.0,0.0,PEG
2016-02-10 00:00:00-05:00,30.602519130234633,31.13914942343187,30.319700088369174,30.92159652709961,3379000,0.0,0.0,PEG
2016-02-11 00:00:00-05:00,30.79106550709964,31.05213010000926,30.29794411301152,30.377714157104492,3457700,0.0,0.0,PEG
2016-02-12 00:00:00-05:00,30.406721948835624,30.508246453559305,30.029628955336758,30.377714157104492,2422500,0.0,0.0,PEG
2016-02-16 00:00:00-05:00,30.515485444391054,30.544490456156463,30.145643189458834,30.50823211669922,3117900,0.0,0.0,PEG
2016-02-17 00:00:00-05:00,30.530005485386305,30.60252497557233,30.109403507650132,30.370468139648438,3401700,0.0,0.0,PEG
2016-02-18 00:00:00-05:00,30.413964289306033,31.218912310998167,30.210915334765502,31.066625595092773,3390900,0.0,0.0,PEG
2016-02-19 00:00:00-05:00,31.110147397551266,31.356708108180108,30.733054383275654,31.16090965270996,3571500,0.0,0.0,PEG
2016-02-22 00:00:00-05:00,31.269683699321142,31.8643296113305,31.19716698471916,31.791812896728516,4456100,0.0,0.0,PEG
2016-02-23 00:00:00-05:00,31.632271962365078,31.74830036243863,31.313194553746616,31.610517501831055,3416100,0.0,0.0,PEG
2016-02-24 00:00:00-05:00,31.54524542829644,31.93684224236115,31.14639805086079,31.472728729248047,3607400,0.0,0.0,PEG
2016-02-25 00:00:00-05:00,31.545238239347213,31.72653271198714,31.38569821819716,31.719282150268555,2004300,0.0,0.0,PEG
2016-02-26 00:00:00-05:00,31.632273254814237,31.762805556022254,30.769312166903777,30.856332778930664,3829800,0.0,0.0,PEG
2016-02-29 00:00:00-05:00,30.85633567366819,31.2914443072924,30.740307257968865,30.936105728149414,2432900,0.0,0.0,PEG
2016-03-01 00:00:00-05:00,31.146397407367832,31.349446373576082,30.776555057391736,30.907087326049805,2928000,0.0,0.0,PEG
2016-03-02 00:00:00-05:00,30.834579874062015,31.269685722496316,30.051386027277648,31.240680694580078,3246000,0.0,0.0,PEG
2016-03-03 00:00:00-05:00,31.298694834985834,31.871586347077265,30.892593997363626,31.806320190429688,4080600,0.0,0.0,PEG
2016-03-04 00:00:00-05:00,31.67578998597767,32.42272278796657,31.479991502999486,32.342952728271484,3752100,0.0,0.0,PEG
2016-03-07 00:00:00-05:00,32.2849166441514,32.54598110007095,32.110872751427095,32.3574333190918,3657000,0.0,0.0,PEG
2016-03-08 00:00:00-05:00,32.40137290802921,32.8331961463875,32.18180238506532,32.81855773925781,3632300,0.41,0.0,PEG
2016-03-09 00:00:00-05:00,32.71607964712745,33.0600723161741,32.60629303003384,32.89905548095703,3600500,0.0,0.0,PEG
2016-03-10 00:00:00-05:00,32.862466860145574,33.016165918488944,32.52578914264417,32.950294494628906,2372800,0.0,0.0,PEG
2016-03-11 00:00:00-05:00,33.15521864943245,33.27232306475624,32.394038553833035,32.445274353027344,3973500,0.0,0.0,PEG
2016-03-14 00:00:00-04:00,32.47455328860428,32.71608275233886,32.459914885469765,32.650211334228516,2258900,0.0,0.0,PEG
2016-03-15 00:00:00-04:00,32.503828064778375,32.803908330318954,32.44527724788715,32.745357513427734,2861100,0.0,0.0,PEG
2016-03-16 00:00:00-04:00,32.67948896223309,33.09667369009223,32.357449669155855,33.045440673828125,3912600,0.0,0.0,PEG
2016-03-17 00:00:00-04:00,33.257685866799626,33.777339346085405,33.089348438182114,33.70414733886719,3761700,0.0,0.0,PEG
2016-03-18 00:00:00-04:00,33.85052928191606,33.85784708679887,33.39674999546153,33.4113883972168,5304900,0.0,0.0,PEG
2016-03-21 00:00:00-04:00,33.25767756586549,33.6602265251177,33.12593477774457,33.455291748046875,2101500,0.0,0.0,PEG
2016-03-22 00:00:00-04:00,33.56509280683648,33.73343026601544,33.33820173125261,33.54313659667969,2035500,0.0,0.0,PEG
2016-03-23 00:00:00-04:00,33.462616086812226,33.996905101973965,33.36015008280713,33.82124710083008,2840700,0.0,0.0,PEG
2016-03-24 00:00:00-04:00,33.71876787056006,33.87246681627894,33.52115374378373,33.69681167602539,2119500,0.0,0.0,PEG
2016-03-28 00:00:00-04:00,33.85052695470941,34.055458981214805,33.608997530337085,33.726104736328125,1427100,0.0,0.0,PEG
2016-03-29 00:00:00-04:00,33.78466300421218,34.092063903808594,33.51385951056039,34.092063903808594,2217300,0.0,0.0,PEG
2016-03-30 00:00:00-04:00,34.0920705453526,34.28968205760229,33.82858480636551,34.06279373168945,1545600,0.0,0.0,PEG
2016-03-31 00:00:00-04:00,34.15793092477159,34.560480035280406,34.06278549136946,34.50192642211914,4455900,0.0,0.0,PEG
2016-04-01 00:00:00-04:00,34.333582942712745,34.699534584733556,34.216478528945665,34.633663177490234,2529300,0.0,0.0,PEG
2016-04-04 00:00:00-04:00,34.63366527579122,34.67025988381251,34.143291385928684,34.35554122924805,3545300,0.0,0.0,PEG
2016-04-05 00:00:00-04:00,34.340902823999826,34.42873323362917,33.696829905322375,33.813934326171875,3012600,0.0,0.0,PEG
2016-04-06 00:00:00-04:00,33.75539138500061,33.872495842850064,33.557777088881416,33.74807357788086,2603100,0.0,0.0,PEG
2016-04-07 00:00:00-04:00,33.667549559896976,33.94567357714879,33.52116835123869,33.5943603515625,2586900,0.0,0.0,PEG
2016-04-08 00:00:00-04:00,33.63095593515068,33.952992369985985,33.5504461284445,33.65291213989258,1642200,0.0,0.0,PEG
2016-04-11 00:00:00-04:00,33.6382742206962,33.89444204497105,33.338193986309264,33.39674758911133,1853700,0.0,0.0,PEG
2016-04-12 00:00:00-04:00,33.45530282060146,33.90908492631042,33.30160378092092,33.85784912109375,2185100,0.0,0.0,PEG
2016-04-13 00:00:00-04:00,33.91638724085609,33.91638724085609,33.345503758790535,33.499202728271484,2027400,0.0,0.0,PEG
2016-04-14 00:00:00-04:00,33.48458416473104,33.67487784079808,33.33088510421648,33.565093994140625,1999000,0.0,0.0,PEG
2016-04-15 00:00:00-04:00,33.53581796587311,34.018874161589686,33.433351923143874,33.960323333740234,2620500,0.0,0.0,PEG
2016-04-18 00:00:00-04:00,33.96030884222656,34.21647383973914,33.65290805322239,34.20915603637695,2192300,0.0,0.0,PEG
2016-04-19 00:00:00-04:00,34.18720156595693,34.53851480559806,34.092056149713535,34.487281799316406,3487500,0.0,0.0,PEG
2016-04-20 00:00:00-04:00,34.567809369451425,34.60440399388671,33.64561199052412,33.66756820678711,4045000,0.0,0.0,PEG
2016-04-21 00:00:00-04:00,33.53581491346853,33.64560154468016,32.66485083755427,32.85514450073242,3644600,0.0,0.0,PEG
2016-04-22 00:00:00-04:00,33.01616243171104,33.235732890726005,32.86978119503777,33.089351654052734,2280000,0.0,0.0,PEG
2016-04-25 00:00:00-04:00,33.07471927108642,33.199144322101645,32.95761481883171,33.1113166809082,2634400,0.0,0.0,PEG
2016-04-26 00:00:00-04:00,33.12593479302548,33.39674096428168,33.05274559603071,33.272315979003906,3004400,0.0,0.0,PEG
2016-04-27 00:00:00-04:00,33.36747229093424,33.87980517057537,33.20645266796399,33.71146774291992,3037500,0.0,0.0,PEG
2016-04-28 00:00:00-04:00,33.4406630267056,33.87248611450195,33.35283540654067,33.87248611450195,2588600,0.0,0.0,PEG
2016-04-29 00:00:00-04:00,33.184498614619756,33.982273392558824,32.43795684876936,33.76270294189453,4065200,0.0,0.0,PEG
2016-05-02 00:00:00-04:00,33.85784069879221,34.17255929717782,33.638270297869234,33.791969299316406,3689500,0.0,0.0,PEG
2016-05-03 00:00:00-04:00,33.85053721928682,34.23112737819656,33.52118008253895,33.73343276977539,3493400,0.0,0.0,PEG
2016-05-04 00:00:00-04:00,33.682191783769845,34.45068972648377,33.60168197026835,34.13597106933594,3466200,0.0,0.0,PEG
2016-05-05 00:00:00-04:00,34.17988976218075,34.47997004822173,33.84321486408403,33.99691390991211,2079800,0.0,0.0,PEG
2016-05-06 00:00:00-04:00,33.97494230564112,33.97494230564112,33.16984997111451,33.455291748046875,3675900,0.0,0.0,PEG
2016-05-09 00:00:00-04:00,33.557766486070726,33.90908254060886,33.396749652396174,33.813934326171875,3220400,0.0,0.0,PEG
2016-05-10 00:00:00-04:00,33.85785415284556,34.02619441216843,33.74074970635372,33.85053634643555,1800200,0.0,0.0,PEG
2016-05-11 00:00:00-04:00,33.85785990683298,34.026200194764506,33.55777953720096,33.93836975097656,2587900,0.0,0.0,PEG
2016-05-12 00:00:00-04:00,33.90907788473693,34.114009895088046,33.733419881586514,33.931034088134766,2802600,0.0,0.0,PEG
2016-05-13 00:00:00-04:00,33.93103679279212,33.93103679279212,33.4845753415202,33.57240295410156,2324400,0.0,0.0,PEG
2016-05-16 00:00:00-04:00,33.52849272990504,33.667553358224914,33.32355789786723,33.62363815307617,2950900,0.0,0.0,PEG
2016-05-17 00:00:00-04:00,33.499213683963035,33.645594899336785,32.825861210039584,33.0600700378418,2843200,0.0,0.0,PEG
2016-05-18 00:00:00-04:00,32.884415212494204,33.038114234108654,32.31353153678939,32.445274353027344,3502500,0.0,0.0,PEG
2016-05-19 00:00:00-04:00,32.28425740008775,32.78926970936331,32.0720047572948,32.781951904296875,2292300,0.0,0.0,PEG
2016-05-20 00:00:00-04:00,32.88441186082362,32.994198460495326,32.5623754495034,32.91368865966797,6434700,0.0,0.0,PEG
2016-05-23 00:00:00-04:00,32.91369622457124,33.00884165469984,32.562382933660615,32.5843391418457,2290200,0.0,0.0,PEG
2016-05-24 00:00:00-04:00,32.60629281470999,33.02347748972728,32.555059804935205,32.93564987182617,2429400,0.0,0.0,PEG
2016-05-25 00:00:00-04:00,32.145198080784354,32.31353833069592,31.303510791176937,32.050052642822266,9220100,0.0,0.0,PEG
2016-05-26 00:00:00-04:00,32.035400552043754,32.54773330491042,32.035400552043754,32.3940315246582,2672100,0.0,0.0,PEG
2016-05-27 00:00:00-04:00,32.423314307256085,32.6282491214383,32.40867590681526,32.59897232055664,2288300,0.0,0.0,PEG
2016-05-31 00:00:00-04:00,32.5770236631272,32.862468374333105,32.43064519624043,32.752681732177734,5360800,0.0,0.0,PEG
2016-06-01 00:00:00-04:00,32.74534964736621,33.03079144211795,32.598968452317116,32.96492004394531,2881700,0.0,0.0,PEG
2016-06-02 00:00:00-04:00,32.86246410317414,33.03080155180722,32.562383817873446,32.82586669921875,3056800,0.0,0.0,PEG
2016-06-03 00:00:00-04:00,33.0527422115787,33.42601154521314,33.0527422115787,33.19912338256836,3057100,0.0,0.0,PEG
2016-06-06 00:00:00-04:00,33.2430514736978,33.4260273258216,33.067396219173304,33.15522384643555,2393700,0.0,0.0,PEG
2016-06-07 00:00:00-04:00,32.712077839285705,33.11830085762763,32.5348154002413,32.63083267211914,3365900,0.41,0.0,PEG
2016-06-08 00:00:00-04:00,32.60866857290949,32.778543512558336,32.45356291715162,32.71207046508789,2492100,0.0,0.0,PEG
2016-06-09 00:00:00-04:00,32.704675259066896,33.04442787537943,32.704675259066896,32.95579528808594,2610100,0.0,0.0,PEG
2016-06-10 00:00:00-04:00,32.90408646835476,33.11827761007932,32.630809766751426,32.763755798339844,2718300,0.0,0.0,PEG
2016-06-13 00:00:00-04:00,32.785929310103484,33.08136571316092,32.7637725659958,32.8819465637207,2822200,0.0,0.0,PEG
2016-06-14 00:00:00-04:00,32.91886492921612,32.96318122081268,32.58649978596555,32.859779357910156,3179200,0.0,0.0,PEG
2016-06-15 00:00:00-04:00,32.93364474718731,32.948416847849245,32.63082372734284,32.72684097290039,2945400,0.0,0.0,PEG
2016-06-16 00:00:00-04:00,32.73421981536624,33.022268683518675,32.66774678290878,32.92625427246094,2246100,0.0,0.0,PEG
2016-06-17 00:00:00-04:00,32.85241011718489,33.11091773527278,32.60128996053748,33.09614562988281,3714400,0.0,0.0,PEG
2016-06-20 00:00:00-04:00,33.08874174617279,33.23645990926747,32.60127378020312,32.771148681640625,3079700,0.0,0.0,PEG
2016-06-21 00:00:00-04:00,32.785925927354675,32.977960414775595,32.59389425742381,32.697296142578125,2332400,0.0,0.0,PEG
2016-06-22 00:00:00-04:00,32.74901250237604,32.80071346929241,32.52743652737853,32.56436538696289,1880000,0.0,0.0,PEG
2016-06-23 00:00:00-04:00,32.57173372243412,32.726839363009496,32.36492995832024,32.719451904296875,2961000,0.0,0.0,PEG
2016-06-24 00:00:00-04:00,32.32062984222166,32.977975939785246,32.32062984222166,32.56436538696289,4332600,0.0,0.0,PEG
2016-06-27 00:00:00-04:00,32.58651807728032,32.99274111705495,32.52743247280869,32.8080940246582,4413800,0.0,0.0,PEG
2016-06-28 00:00:00-04:00,32.89671325683594,32.95579883723853,32.409245244182564,32.89671325683594,4341700,0.0,0.0,PEG
2016-06-29 00:00:00-04:00,33.029673184659295,33.472825084716476,32.90411169523209,33.45066833496094,3878800,0.0,0.0,PEG
2016-06-30 00:00:00-04:00,33.55405636405808,34.42559051513672,33.413725644558596,34.42559051513672,4815200,0.0,0.0,PEG
2016-07-01 00:00:00-04:00,34.57331608794567,34.57331608794567,34.07846050835916,34.34435272216797,2836200,0.0,0.0,PEG
2016-07-05 00:00:00-04:00,34.32219208722732,34.51422376572109,34.13754505050669,34.477294921875,3271400,0.0,0.0,PEG
2016-07-06 00:00:00-04:00,34.40343308179854,34.558535897725804,34.18185441048547,34.52899169921875,2737800,0.0,0.0,PEG
2016-07-07 00:00:00-04:00,34.35912793063797,34.41821352933046,33.56145121710865,33.642696380615234,2578100,0.0,0.0,PEG
2016-07-08 00:00:00-04:00,33.583596650664646,34.085836706927374,33.27338823121316,34.07844924926758,2854600,0.0,0.0,PEG
2016-07-11 00:00:00-04:00,33.93074577888787,33.96767744819742,33.53929487812559,33.938133239746094,2130500,0.0,0.0,PEG
2016-07-12 00:00:00-04:00,33.76086246036846,33.923352749190066,33.43588470021534,33.56144332885742,2449300,0.0,0.0,PEG
2016-07-13 00:00:00-04:00,33.90120279394507,33.97506049410991,33.64269520838679,33.952903747558594,3010500,0.0,0.0,PEG
2016-07-14 00:00:00-04:00,33.78301397938215,33.93811677225627,33.5318939643762,33.76824188232422,2774100,0.0,0.0,PEG
2016-07-15 00:00:00-04:00,33.80517826541331,34.03414159470793,33.74608986398629,33.87903594970703,2112700,0.0,0.0,PEG
2016-07-18 00:00:00-04:00,33.952896468652796,34.04891089478515,33.790406182136415,33.90119552612305,1663100,0.0,0.0,PEG
2016-07-19 00:00:00-04:00,33.90119328441075,33.98982306324539,33.55405599253109,33.864261627197266,1895500,0.0,0.0,PEG
2016-07-20 00:00:00-04:00,33.86426148513167,33.9676661804098,33.48019817262947,33.539283752441406,2190300,0.0,0.0,PEG
2016-07-21 00:00:00-04:00,33.458048140484024,33.97506049410991,33.332489486705654,33.952903747558594,2034800,0.0,0.0,PEG
2016-07-22 00:00:00-04:00,33.85687952978765,34.47729366321923,33.85687952978765,34.41820526123047,2205700,0.0,0.0,PEG
2016-07-25 00:00:00-04:00,34.351736484821714,34.43298163890328,34.05630289065016,34.25572204589844,1814700,0.0,0.0,PEG
2016-07-26 00:00:00-04:00,34.26309185595672,34.33695233564352,33.71653839372053,33.80516815185547,2242500,0.0,0.0,PEG
2016-07-27 00:00:00-04:00,33.75348248217163,33.790411329963106,33.073979849348355,33.347259521484375,2477100,0.0,0.0,PEG
2016-07-28 00:00:00-04:00,33.288167655460384,33.46543005094498,33.229082068625644,33.295555114746094,2566500,0.0,0.0,PEG
2016-07-29 00:00:00-04:00,33.39895092872905,34.0784505499068,33.30293369791405,33.9824333190918,4489800,0.0,0.0,PEG
2016-08-01 00:00:00-04:00,33.90118703646698,34.04890236813768,33.4875767823167,33.524505615234375,3415200,0.0,0.0,PEG
2016-08-02 00:00:00-04:00,33.35464859008789,33.3915774427797,32.918881366346525,33.35464859008789,4480900,0.0,0.0,PEG
2016-08-03 00:00:00-04:00,33.354650430479694,33.391579285209104,32.96319949886413,33.09614562988281,2106500,0.0,0.0,PEG
2016-08-04 00:00:00-04:00,33.07398012530824,33.26601464341099,32.82286001374422,32.948421478271484,1793200,0.0,0.0,PEG
2016-08-05 00:00:00-04:00,32.85240809137562,32.88933694382785,32.40186876598223,32.46834182739258,3869500,0.0,0.0,PEG
2016-08-08 00:00:00-04:00,32.49049120307484,32.76376800650432,32.387086504151554,32.52742004394531,1982300,0.0,0.0,PEG
2016-08-09 00:00:00-04:00,32.52742232527088,32.63820885565237,32.320615730409806,32.387088775634766,3002500,0.0,0.0,PEG
2016-08-10 00:00:00-04:00,32.40925030145408,32.46833589107663,32.128586002648596,32.342777252197266,2865700,0.0,0.0,PEG
2016-08-11 00:00:00-04:00,32.342774939219275,32.43878936767578,32.14335580571019,32.43878936767578,2770700,0.0,0.0,PEG
2016-08-12 00:00:00-04:00,32.52743185548669,32.815480863360314,32.43879922422482,32.475730895996094,2753400,0.0,0.0,PEG
2016-08-15 00:00:00-04:00,32.42401708968606,32.564347807346685,32.06210769915412,32.06949234008789,2346800,0.0,0.0,PEG
2016-08-16 00:00:00-04:00,31.98085816695464,32.23936564395314,31.810983273921643,31.995630264282227,3510000,0.0,0.0,PEG
2016-08-17 00:00:00-04:00,31.914381869985004,32.401849761925114,31.77405118597575,32.33537673950195,2603200,0.0,0.0,PEG
2016-08-18 00:00:00-04:00,32.29105910606041,32.6529655456543,32.29105910606041,32.6529655456543,2403600,0.0,0.0,PEG
2016-08-19 00:00:00-04:00,32.579125964034716,32.64559901475726,32.06211366035833,32.239376068115234,2434000,0.0,0.0,PEG
2016-08-22 00:00:00-04:00,32.30583758900559,32.44616828267396,32.15811943817663,32.35015106201172,1731200,0.0,0.0,PEG
2016-08-23 00:00:00-04:00,32.46094582298576,32.579119799968026,32.350156486913065,32.3575439453125,1748600,0.0,0.0,PEG
2016-08-24 00:00:00-04:00,32.28368128249773,32.32799757745111,32.003019866928675,32.20982360839844,2187400,0.0,0.0,PEG
2016-08-25 00:00:00-04:00,32.23937802301499,32.350164569276735,32.12858865926269,32.17290496826172,1346200,0.0,0.0,PEG
2016-08-26 00:00:00-04:00,32.291080896523944,32.44618376101543,31.338301327520686,31.36784553527832,2689900,0.0,0.0,PEG
2016-08-29 00:00:00-04:00,31.41954152140498,31.678046254677383,31.293980067036756,31.6558895111084,3313500,0.0,0.0,PEG
2016-08-30 00:00:00-04:00,31.65590591410684,31.81100883443926,31.205366444814974,31.500802993774414,3858900,0.0,0.0,PEG
2016-08-31 00:00:00-04:00,31.44907466640075,31.611562091256772,31.286584424055437,31.58201789855957,3626300,0.0,0.0,PEG
2016-09-01 00:00:00-04:00,31.567256014627993,31.611569496565355,31.35306479363091,31.456466674804688,4042600,0.0,0.0,PEG
2016-09-02 00:00:00-04:00,31.426921374286604,31.77405866391529,31.360448336219193,31.74451446533203,3141300,0.0,0.0,PEG
2016-09-06 00:00:00-04:00,31.892239600252154,32.12858760551417,31.722364647563236,31.87008285522461,3006600,0.0,0.0,PEG
2016-09-07 00:00:00-04:00,31.870075896516266,31.92972827725462,31.564349978373233,31.601633071899414,3086100,0.41,0.0,PEG
2016-09-08 00:00:00-04:00,31.512155203376246,32.20563166148944,31.497244239228525,32.15343475341797,2880500,0.0,0.0,PEG
2016-09-09 00:00:00-04:00,31.914819274533336,31.944646891650805,30.662087800780903,30.669546127319336,3135700,0.0,0.0,PEG
2016-09-12 00:00:00-04:00,30.66953742907291,31.348099881197236,30.624796016085902,31.251161575317383,3420100,0.0,0.0,PEG
2016-09-13 00:00:00-04:00,31.146766295790027,31.184049382565842,30.662077634152862,30.73664665222168,2750400,0.0,0.0,PEG
2016-09-14 00:00:00-04:00,30.863430910959817,31.206440096078996,30.691926318400228,30.923086166381836,3157700,0.0,0.0,PEG
2016-09-15 00:00:00-04:00,30.90069568426741,31.295904405590335,30.818674023519403,31.280990600585938,2860600,0.0,0.0,PEG
2016-09-16 00:00:00-04:00,31.0945722500875,31.58671643629676,31.01254774496638,31.541975021362305,4826600,0.0,0.0,PEG
2016-09-19 00:00:00-04:00,31.638916482437207,31.832790277426536,31.504695068783928,31.810420989990234,1782600,0.0,0.0,PEG
2016-09-20 00:00:00-04:00,31.89990556071674,32.04158532018644,31.758228645765172,31.765684127807617,2074500,0.0,0.0,PEG
2016-09-21 00:00:00-04:00,31.750773092683342,32.533729553222656,31.750773092683342,32.533729553222656,3000600,0.0,0.0,PEG
2016-09-22 00:00:00-04:00,32.63067121483948,32.817089590447495,32.354772815404836,32.563560485839844,3160300,0.0,0.0,PEG
2016-09-23 00:00:00-04:00,32.41441743269269,32.779795736151044,32.39950362619185,32.66048812866211,2416000,0.0,0.0,PEG
2016-09-26 00:00:00-04:00,32.645574253146144,32.69777115352984,32.377131425734106,32.43678665161133,2628200,0.0,0.0,PEG
2016-09-27 00:00:00-04:00,32.57845882757669,32.76487711466529,31.847699483531475,31.914810180664062,1869800,0.0,0.0,PEG
2016-09-28 00:00:00-04:00,32.01921177504578,32.093780814777254,31.616550338567897,31.877534866333008,1598500,0.0,0.0,PEG
2016-09-29 00:00:00-04:00,31.691093841551375,31.70600763881873,31.198949909792628,31.40028190612793,1984100,0.0,0.0,PEG
2016-09-30 00:00:00-04:00,31.676193605634282,31.706021212938914,31.049828074822987,31.221332550048828,3589600,0.0,0.0,PEG
2016-10-03 00:00:00-04:00,31.10949087412802,31.139315644186933,30.550235901143562,30.796306610107422,2632600,0.0,0.0,PEG
2016-10-04 00:00:00-04:00,30.863413576530178,30.863413576530178,30.110284889196187,30.333986282348633,3247500,0.0,0.0,PEG
2016-10-05 00:00:00-04:00,30.49058780824103,30.721747608536795,30.147578693881037,30.401107788085938,3981600,0.0,0.0,PEG
2016-10-06 00:00:00-04:00,30.26687518726628,30.483121097132322,30.155023069882464,30.38618278503418,3190900,0.0,0.0,PEG
2016-10-07 00:00:00-04:00,30.61734240026261,30.952893062283934,30.348899595031554,30.363813400268555,3269300,0.0,0.0,PEG
2016-10-10 00:00:00-04:00,30.408554993460374,30.58005950395376,30.259422615304583,30.468210220336914,2069600,0.0,0.0,PEG
2016-10-11 00:00:00-04:00,30.40855119270144,30.52785878702451,30.162480523886487,30.266874313354492,2490100,0.0,0.0,PEG
2016-10-12 00:00:00-04:00,30.28924787731559,30.51294929270878,30.237050975207772,30.438383102416992,2938200,0.0,0.0,PEG
2016-10-13 00:00:00-04:00,30.43839121790799,30.85596939062314,30.31162809171077,30.550243377685547,6126900,0.0,0.0,PEG
2016-10-14 00:00:00-04:00,30.505498542681078,30.885790723378435,30.401104722274674,30.498043060302734,3268500,0.0,0.0,PEG
2016-10-17 00:00:00-04:00,30.796300886150732,31.139309856476853,30.744103992601858,30.99763298034668,4263200,0.0,0.0,PEG
2016-10-18 00:00:00-04:00,31.206414724764176,31.31081133687659,30.78138133125825,31.176589965820312,2401400,0.0,0.0,PEG
2016-10-19 00:00:00-04:00,31.176595250736778,31.191509054995244,30.811214157697638,30.885780334472656,2046400,0.0,0.0,PEG
2016-10-20 00:00:00-04:00,30.89324709873335,31.102034726356937,30.7291980515902,30.781394958496094,3119800,0.0,0.0,PEG
2016-10-21 00:00:00-04:00,30.63226434155732,30.736658161426277,30.430932184159364,30.53532600402832,1944800,0.0,0.0,PEG
2016-10-24 00:00:00-04:00,30.66208401865011,30.773936146784735,30.38618570564056,30.468210220336914,2014400,0.0,0.0,PEG
2016-10-25 00:00:00-04:00,30.408547842458724,30.699359893798828,30.37872308055195,30.699359893798828,2431100,0.0,0.0,PEG
2016-10-26 00:00:00-04:00,30.69190524138039,30.818671149838785,30.453290072594545,30.73664665222168,1924900,0.0,0.0,PEG
2016-10-27 00:00:00-04:00,30.65463035496323,30.87833177997723,30.52040893105124,30.729196548461914,2847900,0.0,0.0,PEG
2016-10-28 00:00:00-04:00,30.781387085479157,30.915608481626556,30.43837811511019,30.594968795776367,2326600,0.0,0.0,PEG
2016-10-31 00:00:00-04:00,30.878336548196128,31.504702341669223,30.594979849013008,31.377939224243164,3434400,0.0,0.0,PEG
2016-11-01 00:00:00-04:00,31.40029119549134,31.40029119549134,30.766467424442293,30.83357810974121,4005700,0.0,0.0,PEG
2016-11-02 00:00:00-04:00,30.803762581600942,30.803762581600942,30.117741721358346,30.4234676361084,3428300,0.0,0.0,PEG
2016-11-03 00:00:00-04:00,30.401108112821667,30.71428960896909,30.199775931933214,30.550243377685547,2341000,0.0,0.0,PEG
2016-11-04 00:00:00-04:00,30.699372374218928,30.990187388303102,30.475670924131173,30.498043060302734,2059700,0.0,0.0,PEG
2016-11-07 00:00:00-05:00,30.684469875644744,31.23626674847348,30.430940737055607,31.228811264038086,2648100,0.0,0.0,PEG
2016-11-08 00:00:00-05:00,31.27354530005201,31.52707440167698,31.169151466062665,31.35556983947754,2448400,0.0,0.0,PEG
2016-11-09 00:00:00-05:00,30.86340595490176,30.990171847911455,30.22212670024727,30.296695709228516,3158600,0.0,0.0,PEG
2016-11-10 00:00:00-05:00,30.281789715302118,30.3638142240723,29.372067482785656,29.85675621032715,3689400,0.0,0.0,PEG
2016-11-11 00:00:00-05:00,29.82692437837401,30.05062574230838,29.35714952294981,29.506284713745117,2773100,0.0,0.0,PEG
2016-11-14 00:00:00-05:00,29.394448444974625,29.88659569308515,29.29005460853374,29.8045711517334,4418500,0.0,0.0,PEG
2016-11-15 00:00:00-05:00,29.901499118967237,30.826135291213514,29.886588155680833,30.818679809570312,4294700,0.0,0.0,PEG
2016-11-16 00:00:00-05:00,30.841044290570196,30.923068798446852,30.12519869467536,30.333986282348633,3921200,0.0,0.0,PEG
2016-11-17 00:00:00-05:00,30.199764387179023,30.51294576360359,30.18485058194202,30.363813400268555,2441100,0.0,0.0,PEG
2016-11-18 00:00:00-05:00,30.33399054178601,30.49058125452912,29.908956981758756,30.080461502075195,2768400,0.0,0.0,PEG
2016-11-21 00:00:00-05:00,30.162485389199702,30.624802036210184,30.162485389199702,30.57260513305664,1822300,0.0,0.0,PEG
2016-11-22 00:00:00-05:00,30.609890335378463,30.855963905336985,30.505496521887483,30.75902557373047,2491700,0.0,0.0,PEG
2016-11-23 00:00:00-05:00,30.363811247700156,30.691906406102223,30.311614355329766,30.378725051879883,1716000,0.0,0.0,PEG
2016-11-25 00:00:00-05:00,30.47566925164613,31.012554978007415,30.47566925164613,30.908161163330078,983300,0.0,0.0,PEG
2016-11-28 00:00:00-05:00,31.049829442353673,31.989379202209893,31.020001833735343,31.914810180664062,3177100,0.0,0.0,PEG
2016-11-29 00:00:00-05:00,31.750774909214513,32.14598090310765,31.728402772821,31.94464874267578,2500700,0.0,0.0,PEG
2016-11-30 00:00:00-05:00,31.601624744710453,31.653821630796507,30.803754806518555,30.803754806518555,3238200,0.0,0.0,PEG
2016-12-01 00:00:00-05:00,30.587526069634283,30.863424456968897,30.453304617521542,30.602439880371094,3152400,0.0,0.0,PEG
2016-12-02 00:00:00-05:00,30.848505578934443,31.184059154096936,30.647173433836947,30.75902557373047,2265800,0.0,0.0,PEG
2016-12-05 00:00:00-05:00,30.691913026278897,31.139315870105253,30.363817797107426,31.124404907226562,3526800,0.0,0.0,PEG
2016-12-06 00:00:00-05:00,31.258626116177993,31.318281350786297,30.796309426036228,30.85596466064453,3393200,0.0,0.0,PEG
2016-12-07 00:00:00-05:00,30.98399868162651,31.405755659486935,30.98399868162651,31.383159637451172,2760700,0.41,0.0,PEG
2016-12-08 00:00:00-05:00,31.127093483611237,31.865165973658062,30.98399589121474,31.819976806640625,2853200,0.0,0.0,PEG
2016-12-09 00:00:00-05:00,31.835041241974885,32.196545974828894,31.82750827732013,32.15888977050781,2219400,0.0,0.0,PEG
2016-12-12 00:00:00-05:00,32.06850983333151,32.407418497941975,32.03838372488228,32.36223220825195,2385000,0.0,0.0,PEG
2016-12-13 00:00:00-05:00,32.40742278163898,32.70867815998436,32.32457740894478,32.64089584350586,2373200,0.0,0.0,PEG
2016-12-14 00:00:00-05:00,32.799042316856415,33.11536064236705,32.09862624570774,32.16640853881836,3195400,0.0,0.0,PEG
2016-12-15 00:00:00-05:00,32.015782758301214,32.384820347301755,31.925407319906878,32.347164154052734,3986200,0.0,0.0,PEG
2016-12-16 00:00:00-05:00,32.445078934278854,33.35637220580839,32.445078934278854,33.13043212890625,5959900,0.0,0.0,PEG
2016-12-19 00:00:00-05:00,33.288587108216916,33.288587108216916,32.671016275667185,32.88942337036133,2931600,0.0,0.0,PEG
2016-12-20 00:00:00-05:00,33.09276474845842,33.183143054920045,32.86682472827082,32.9647331237793,2140700,0.0,0.0,PEG
2016-12-21 00:00:00-05:00,32.98733179510037,33.183148618951186,32.82917404174805,32.82917404174805,1309400,0.0,0.0,PEG
2016-12-22 00:00:00-05:00,32.836705181125375,32.96473970434654,32.63336113345236,32.89695739746094,1412800,0.0,0.0,PEG
2016-12-23 00:00:00-05:00,32.92708350562872,32.96473970434654,32.77645583777362,32.89695739746094,781500,0.0,0.0,PEG
2016-12-27 00:00:00-05:00,32.89695974710358,33.07771066305267,32.76892521473763,32.987335205078125,1745700,0.0,0.0,PEG
2016-12-28 00:00:00-05:00,32.97227431601873,33.07018274449722,32.62583264353695,32.6936149597168,2060800,0.0,0.0,PEG
2016-12-29 00:00:00-05:00,32.81412385286939,33.29613026518937,32.746341521575346,33.175628662109375,2126800,0.0,0.0,PEG
2016-12-30 00:00:00-05:00,33.228339269384236,33.28105852742328,32.93461686802838,33.04758834838867,2000200,0.0,0.0,PEG
2017-01-03 00:00:00-05:00,33.14549782120349,33.14549782120349,32.50533368472312,32.67855453491211,2976300,0.0,0.0,PEG
2017-01-04 00:00:00-05:00,32.78398985045694,33.115371333979965,32.76892679457097,32.90449142456055,2155600,0.0,0.0,PEG
2017-01-05 00:00:00-05:00,32.86683507883167,33.017462764054116,32.61076887584876,32.957210540771484,2208900,0.0,0.0,PEG
2017-01-06 00:00:00-05:00,32.84424694780429,33.31872322317599,32.74633850650879,33.288597106933594,2324100,0.0,0.0,PEG
2017-01-09 00:00:00-05:00,33.296121223719275,33.37143650080814,32.73126957398106,32.776458740234375,2049400,0.0,0.0,PEG
2017-01-10 00:00:00-05:00,32.6559536257972,32.83670452522586,32.53545206851685,32.731266021728516,2307700,0.0,0.0,PEG
2017-01-11 00:00:00-05:00,32.78399007504931,33.30365545123078,32.78399007504931,33.1680908203125,2993100,0.0,0.0,PEG
2017-01-12 00:00:00-05:00,33.137966010674916,33.24340453375867,32.979808226049286,33.1906852722168,1973800,0.0,0.0,PEG
2017-01-13 00:00:00-05:00,33.10029982863837,33.21326840946963,32.957202270742,33.16054916381836,1579100,0.0,0.0,PEG
2017-01-17 00:00:00-05:00,33.30363692456495,33.665141448248946,33.22832168651668,33.44673156738281,1599000,0.0,0.0,PEG
2017-01-18 00:00:00-05:00,33.326252132491746,33.476879835371086,33.213280637086115,33.27353286743164,1126700,0.0,0.0,PEG
2017-01-19 00:00:00-05:00,33.1078344086678,33.2584620765229,32.79151889185751,32.89695739746094,1538300,0.0,0.0,PEG
2017-01-20 00:00:00-05:00,32.99485791205334,33.13795258211127,32.76891502787973,32.942138671875,1497900,0.0,0.0,PEG
2017-01-23 00:00:00-05:00,32.964740656621686,33.07770925603856,32.535453658273,32.588172912597656,1488400,0.0,0.0,PEG
2017-01-24 00:00:00-05:00,32.58818259545058,32.919561274379326,32.56558944345093,32.72374725341797,1810300,0.0,0.0,PEG
2017-01-25 00:00:00-05:00,32.63336823580985,32.76139991391215,32.580646098549835,32.67855453491211,1570600,0.0,0.0,PEG
2017-01-26 00:00:00-05:00,32.67854810661978,32.896958085931395,32.49026423610643,32.63336181640625,1443700,0.0,0.0,PEG
2017-01-27 00:00:00-05:00,32.69361568465966,32.753867910592966,32.301984835045964,32.43001937866211,1679100,0.0,0.0,PEG
2017-01-30 00:00:00-05:00,32.49025713700862,32.61075867288831,32.27938016746497,32.54297637939453,1869300,0.0,0.0,PEG
2017-01-31 00:00:00-05:00,32.62582814137091,33.386496570530895,32.59570203322949,33.32624435424805,3496600,0.0,0.0,PEG
2017-02-01 00:00:00-05:00,33.16055967843633,33.16055967843633,32.56558473557566,32.663490295410156,3222700,0.0,0.0,PEG
2017-02-02 00:00:00-05:00,32.65595716987625,32.82917799770455,32.41495402916,32.776458740234375,3581500,0.0,0.0,PEG
2017-02-03 00:00:00-05:00,32.851765732945225,33.047582548136965,32.776453341246,32.91954803466797,1886300,0.0,0.0,PEG
2017-02-06 00:00:00-05:00,33.0024066623577,33.02499981435735,32.701151228433574,32.72374725341797,1886100,0.0,0.0,PEG
2017-02-07 00:00:00-05:00,32.731272468370875,32.783991730502954,32.63336690897376,32.716209411621094,2279400,0.0,0.0,PEG
2017-02-08 00:00:00-05:00,32.761385434235024,33.00992146138872,32.67854009185046,32.79151153564453,2524000,0.0,0.0,PEG
2017-02-09 00:00:00-05:00,32.79151890639636,32.8668313038654,32.43001422717411,32.52791976928711,2588600,0.0,0.0,PEG
2017-02-10 00:00:00-05:00,32.430021270896404,32.71621074182546,32.36976904144748,32.67855453491211,2113300,0.0,0.0,PEG
2017-02-13 00:00:00-05:00,32.70867730219097,32.97227359659214,32.671021099131394,32.957210540771484,1859900,0.0,0.0,PEG
2017-02-14 00:00:00-05:00,32.859303060912815,32.919552407678964,32.482735306426484,32.708675384521484,1908800,0.0,0.0,PEG
2017-02-15 00:00:00-05:00,32.42247484351484,32.67101087731977,32.21159787397119,32.54297637939453,3604500,0.0,0.0,PEG
2017-02-16 00:00:00-05:00,32.565577652552115,32.881893157958984,32.565577652552115,32.881893157958984,1952200,0.0,0.0,PEG
2017-02-17 00:00:00-05:00,32.90448525829729,33.01745671977926,32.62582595908767,32.75386047363281,5839600,0.0,0.0,PEG
2017-02-21 00:00:00-05:00,32.75386731635504,33.46181372032187,32.580643606431636,33.38650131225586,2680500,0.0,0.0,PEG
2017-02-22 00:00:00-05:00,33.43168022336627,33.461806329131974,33.16808398037531,33.341304779052734,2291400,0.0,0.0,PEG
2017-02-23 00:00:00-05:00,33.499465166585516,33.597373581553235,33.265992137965206,33.32624435424805,3280200,0.0,0.0,PEG
2017-02-24 00:00:00-05:00,33.491935657504854,34.36557269788691,33.22080642549251,34.35050964355469,3084600,0.0,0.0,PEG
2017-02-27 00:00:00-05:00,34.19988197321629,34.38816584289332,33.845907378868645,34.35050964355469,3649400,0.0,0.0,PEG
2017-02-28 00:00:00-05:00,34.26766099901762,34.74966719954621,34.22247184034923,34.62916564941406,3513400,0.0,0.0,PEG
2017-03-01 00:00:00-05:00,34.23754148384783,34.44088842752383,33.95888213421069,34.132102966308594,2608200,0.0,0.0,PEG
2017-03-02 00:00:00-05:00,33.95888091325492,34.70448634659283,33.85344239950662,34.48607635498047,2905800,0.0,0.0,PEG
2017-03-03 00:00:00-05:00,34.52374104862459,34.55386716652985,33.90616999649046,34.29026794433594,2722700,0.0,0.0,PEG
2017-03-06 00:00:00-05:00,34.26766417912215,34.37310268614973,33.936285603752076,33.973941802978516,2697200,0.0,0.0,PEG
2017-03-07 00:00:00-05:00,33.98901290978136,34.1321076499367,33.66516434833837,33.876041412353516,3525900,0.0,0.0,PEG
2017-03-08 00:00:00-05:00,33.663117561516934,33.754365316419204,33.36656018254919,33.427391052246094,3446300,0.43,0.0,PEG
2017-03-09 00:00:00-05:00,33.442604948511566,33.7391623758405,33.366565623811844,33.374168395996094,1914400,0.0,0.0,PEG
2017-03-10 00:00:00-05:00,33.48061935716896,33.84561327973947,33.44259970078505,33.78478240966797,2621800,0.0,0.0,PEG
2017-03-13 00:00:00-04:00,33.769571587287835,33.89123621957117,33.67832383825374,33.82279968261719,1861200,0.0,0.0,PEG
2017-03-14 00:00:00-04:00,33.71634052248542,33.97487820590672,33.66311243184398,33.83040237426758,1975900,0.0,0.0,PEG
2017-03-15 00:00:00-04:00,33.9292619284702,34.590816203994315,33.88363949616795,34.31707000732422,2543100,0.0,0.0,PEG
2017-03-16 00:00:00-04:00,34.172590641833104,34.22581874573562,33.68593203431635,33.76957702636719,2558500,0.0,0.0,PEG
2017-03-17 00:00:00-04:00,33.898846145419746,34.248631644547075,33.86842925835285,34.01290512084961,3940500,0.0,0.0,PEG
2017-03-20 00:00:00-04:00,34.08133788902518,34.13456598513577,33.45020350626515,33.55665969848633,3475400,0.0,0.0,PEG
2017-03-21 00:00:00-04:00,33.594692237105974,34.119370628871366,33.3589656491283,33.959686279296875,3878300,0.0,0.0,PEG
2017-03-22 00:00:00-04:00,34.06612587123973,34.47674505588742,34.05852310147071,34.294246673583984,3907800,0.0,0.0,PEG
2017-03-23 00:00:00-04:00,34.279048085354795,34.52237737729421,34.16498621069583,34.27144241333008,2855700,0.0,0.0,PEG
2017-03-24 00:00:00-04:00,34.20301267629571,34.51477857494023,34.16499301074677,34.33228302001953,1881200,0.0,0.0,PEG
2017-03-27 00:00:00-04:00,34.55280040911332,34.65165386631648,33.90645735207163,34.0205192565918,1733300,0.0,0.0,PEG
2017-03-28 00:00:00-04:00,33.92925655251875,34.00529876216417,33.617490744756736,33.845611572265625,4747700,0.0,0.0,PEG
2017-03-29 00:00:00-04:00,33.72395901289357,33.72395901289357,33.427401540874,33.57188034057617,3371100,0.0,0.0,PEG
2017-03-30 00:00:00-04:00,33.480613890467616,33.54905042106991,33.28290996912397,33.389366149902344,2157200,0.0,0.0,PEG
2017-03-31 00:00:00-04:00,33.427384482297306,33.876023298400824,33.4045732732336,33.723941802978516,3122500,0.0,0.0,PEG
2017-04-03 00:00:00-04:00,33.69354396042193,33.70875240731886,33.404589270809446,33.655521392822266,2478300,0.0,0.0,PEG
2017-04-04 00:00:00-04:00,33.61749874782372,33.77718307502342,33.41979475710709,33.663124084472656,2638400,0.0,0.0,PEG
2017-04-05 00:00:00-04:00,33.64031712158171,33.860832358158014,33.518652442509875,33.77718734741211,3387800,0.0,0.0,PEG
2017-04-06 00:00:00-04:00,33.67072368240722,34.14217674785441,33.579475918426596,34.13457107543945,3863000,0.0,0.0,PEG
2017-04-07 00:00:00-04:00,34.19541896683309,34.362706119730106,33.96729511164707,34.00531768798828,4103900,0.0,0.0,PEG
2017-04-10 00:00:00-04:00,33.97489472697751,34.09655940770781,33.64031758014789,33.959686279296875,2906400,0.0,0.0,PEG
2017-04-11 00:00:00-04:00,33.95208860992392,34.560412105026344,33.76198733640971,34.43874740600586,4408200,0.0,0.0,PEG
2017-04-12 00:00:00-04:00,34.3626963054775,34.712484763193295,34.20301197302662,34.68206787109375,3746900,0.0,0.0,PEG
2017-04-13 00:00:00-04:00,34.742884987634234,34.93298613685666,34.476744539008166,34.71247100830078,3868800,0.0,0.0,PEG
2017-04-17 00:00:00-04:00,34.74289329881751,34.83414396078683,34.537583660457585,34.73529052734375,2009300,0.0,0.0,PEG
2017-04-18 00:00:00-04:00,34.590818940768884,34.758106040302884,34.324675494854226,34.47675704956055,4108700,0.0,0.0,PEG
2017-04-19 00:00:00-04:00,34.42353536829086,34.50718038403375,33.693547250250006,33.9140625,4572900,0.0,0.0,PEG
2017-04-20 00:00:00-04:00,33.91405137833661,33.91405137833661,33.53384899561663,33.739158630371094,2666200,0.0,0.0,PEG
2017-04-21 00:00:00-04:00,33.68592728308077,33.9824846489137,33.68592728308077,33.845611572265625,3472700,0.0,0.0,PEG
2017-04-24 00:00:00-04:00,33.89124920336763,34.28666013494949,33.72395918212133,34.218223571777344,2409200,0.0,0.0,PEG
2017-04-25 00:00:00-04:00,34.096565489633505,34.21823019206557,33.921672661182114,34.00531768798828,1834700,0.0,0.0,PEG
2017-04-26 00:00:00-04:00,33.93685855555046,34.18018779868658,33.784777053412036,33.83040237426758,2873500,0.0,0.0,PEG
2017-04-27 00:00:00-04:00,33.86082479009805,34.13457098200475,33.716348922464675,33.76957702636719,3133300,0.0,0.0,PEG
2017-04-28 00:00:00-04:00,33.754383657980796,33.87604836419897,33.3969923144019,33.495845794677734,2443400,0.0,0.0,PEG
2017-05-01 00:00:00-04:00,33.533850652467954,33.56426754075976,33.16885669510871,33.2372932434082,2151700,0.0,0.0,PEG
2017-05-02 00:00:00-04:00,33.2677152345378,33.45021369156739,33.184070229262346,33.35896301269531,2532100,0.0,0.0,PEG
2017-05-03 00:00:00-04:00,33.32094446033677,33.38177824828436,33.10042633009875,33.19927978515625,2203200,0.0,0.0,PEG
2017-05-04 00:00:00-04:00,33.14604581115406,33.320938569512016,32.89511083130515,33.062400817871094,2104900,0.0,0.0,PEG
2017-05-05 00:00:00-04:00,33.176469920336835,33.38177961197514,33.176469920336835,33.3133430480957,2171700,0.0,0.0,PEG
2017-05-08 00:00:00-04:00,33.38177673662038,33.38177673662038,33.05480239299548,33.168861389160156,2153600,0.0,0.0,PEG
2017-05-09 00:00:00-04:00,33.13083195990167,33.16124884353401,32.64417342463891,32.65938186645508,2238600,0.0,0.0,PEG
2017-05-10 00:00:00-04:00,32.69740490705853,32.750633008571036,32.294391309688365,32.46928405761719,4261500,0.0,0.0,PEG
2017-05-11 00:00:00-04:00,32.400845888247986,32.54532174215072,32.30959813318909,32.52251052856445,4674500,0.0,0.0,PEG
2017-05-12 00:00:00-04:00,32.666986382467186,32.79625669445497,32.42365710183425,32.52251052856445,2650200,0.0,0.0,PEG
2017-05-15 00:00:00-04:00,32.5757436159317,32.803864488869394,32.5149098361007,32.72782516479492,4080100,0.0,0.0,PEG
2017-05-16 00:00:00-04:00,32.781058432822505,32.91032588424377,32.6441853073678,32.77345275878906,3603000,0.0,0.0,PEG
2017-05-17 00:00:00-04:00,32.77344746245472,33.381773655373976,32.75063624547024,33.18406677246094,4311500,0.0,0.0,PEG
2017-05-18 00:00:00-04:00,33.2677207667794,33.5794867196509,33.016785709223896,33.29813766479492,3506100,0.0,0.0,PEG
2017-05-19 00:00:00-04:00,33.29052401726552,33.511042123994145,33.024383475154664,33.4730224609375,2831700,0.0,0.0,PEG
2017-05-22 00:00:00-04:00,33.30572842408415,33.71634769701995,33.01677379860555,33.64030838012695,3312400,0.0,0.0,PEG
2017-05-23 00:00:00-04:00,33.609893171354955,33.77718025701564,33.389375080354334,33.51103973388672,3558200,0.0,0.0,PEG
2017-05-24 00:00:00-04:00,33.63271144748767,33.8988549271987,33.5870861050677,33.77718734741211,2061300,0.0,0.0,PEG
2017-05-25 00:00:00-04:00,33.78477848715258,33.990088088645265,33.70873918321315,33.86842346191406,2339600,0.0,0.0,PEG
2017-05-26 00:00:00-04:00,33.8608217224358,33.89123860782847,33.51864191426672,33.78478240966797,2574400,0.0,0.0,PEG
2017-05-30 00:00:00-04:00,33.739161515063195,33.96728238405667,33.69353908169303,33.88364028930664,2592500,0.0,0.0,PEG
2017-05-31 00:00:00-04:00,33.891242519189866,34.42352647213667,33.838014413966604,34.1497802734375,4928800,0.0,0.0,PEG
2017-06-01 00:00:00-04:00,34.164993926163355,34.66686106671412,34.005309586150524,34.628841400146484,2687500,0.0,0.0,PEG
2017-06-02 00:00:00-04:00,34.78851691624488,34.82653657316904,34.225816131340146,34.34748077392578,2463300,0.0,0.0,PEG
2017-06-05 00:00:00-04:00,34.25623950208974,34.40071828675173,34.15738605480223,34.21061706542969,1414300,0.0,0.0,PEG
2017-06-06 00:00:00-04:00,34.27144133773056,34.27904700951657,33.93686429699295,33.982486724853516,2877600,0.0,0.0,PEG
2017-06-07 00:00:00-04:00,34.08231272331455,34.31264991535871,33.96714559174063,34.22819519042969,1886500,0.43,0.0,PEG
2017-06-08 00:00:00-04:00,34.22818279186426,34.22818279186426,33.52948897381583,33.76750564575195,2883300,0.0,0.0,PEG
2017-06-09 00:00:00-04:00,33.629303877820995,34.12837006995767,33.59091484663249,34.03623580932617,1958500,0.0,0.0,PEG
2017-06-12 00:00:00-04:00,34.03623283808002,34.35870418658729,33.99016424733823,33.997840881347656,2743100,0.0,0.0,PEG
2017-06-13 00:00:00-04:00,33.92874283961353,33.93642240328306,33.521813831989526,33.813575744628906,2710600,0.0,0.0,PEG
2017-06-14 00:00:00-04:00,34.05157992867255,34.16674992018606,33.844278630179524,33.99015808105469,1505900,0.0,0.0,PEG
2017-06-15 00:00:00-04:00,33.9210587577242,34.074617779553,33.77517929787894,34.02854919433594,1494200,0.0,0.0,PEG
2017-06-16 00:00:00-04:00,34.12836456298828,34.33566881262994,34.02855075488788,34.12836456298828,5051200,0.0,0.0,PEG
2017-06-19 00:00:00-04:00,34.1437291704806,34.26657583806319,33.89803583531541,33.98249053955078,2664600,0.0,0.0,PEG
2017-06-20 00:00:00-04:00,34.01320971646858,34.113023569049176,33.88268638754457,34.02088928222656,1672600,0.0,0.0,PEG
2017-06-21 00:00:00-04:00,33.89036200919437,34.01320869757661,33.598600025950525,33.752159118652344,2154900,0.0,0.0,PEG
2017-06-22 00:00:00-04:00,33.76750427211708,33.805893300507655,33.51413434162315,33.52948760986328,2455500,0.0,0.0,PEG
2017-06-23 00:00:00-04:00,33.54484727614007,33.71376253320165,33.414323980334615,33.45271301269531,2450400,0.0,0.0,PEG
2017-06-26 00:00:00-04:00,33.45271624371256,34.028560571427,33.437360043506025,33.92107009887695,5160300,0.0,0.0,PEG
2017-06-27 00:00:00-04:00,33.767502170019576,33.85195978455827,33.391285614758985,33.49109649658203,5342000,0.0,0.0,PEG
2017-06-28 00:00:00-04:00,33.66769256961334,33.690728331210494,33.19934170760228,33.21469497680664,2377400,0.0,0.0,PEG
2017-06-29 00:00:00-04:00,33.02274904502757,33.18398767112964,32.85383671271875,32.95364761352539,2439100,0.0,0.0,PEG
2017-06-30 00:00:00-04:00,33.03043423449512,33.222382362592676,32.85384230811288,33.02275466918945,3479700,0.0,0.0,PEG
2017-07-03 00:00:00-04:00,33.09185184127977,33.13792044047965,32.700278999215485,32.78473663330078,1511700,0.0,0.0,PEG
2017-07-05 00:00:00-04:00,32.7770633845962,32.7770633845962,32.17050948718393,32.49298095703125,3085400,0.0,0.0,PEG
2017-07-06 00:00:00-04:00,32.439222907725636,32.46993530098729,32.17049678892379,32.25495147705078,2924600,0.0,0.0,PEG
2017-07-07 00:00:00-04:00,32.277996672947324,32.50065719584674,32.24728427070687,32.32406234741211,1813600,0.0,0.0,PEG
2017-07-10 00:00:00-04:00,32.31638124384848,32.40083887388626,32.19353458076503,32.224246978759766,2912200,0.0,0.0,PEG
2017-07-11 00:00:00-04:00,32.262640656220356,32.31638589600037,31.99391152842438,32.13211441040039,2674300,0.0,0.0,PEG
2017-07-12 00:00:00-04:00,32.416196993732285,32.615821734736016,32.37012839401035,32.454586029052734,2054900,0.0,0.0,PEG
2017-07-13 00:00:00-04:00,32.4622667562236,32.59279300743992,32.301031030217565,32.42387771606445,2828700,0.0,0.0,PEG
2017-07-14 00:00:00-04:00,32.67724068330677,32.754018740200095,32.48529261217834,32.523681640625,1667300,0.0,0.0,PEG
2017-07-17 00:00:00-04:00,32.623504653598445,33.20702566559762,32.61582508840733,33.19166946411133,3745200,0.0,0.0,PEG
2017-07-18 00:00:00-04:00,33.260758790586664,33.53716445886274,33.13023551884234,33.445030212402344,4052700,0.0,0.0,PEG
2017-07-19 00:00:00-04:00,33.50645801675292,34.020880419366115,33.34522232459321,33.94409942626953,5204200,0.0,0.0,PEG
2017-07-20 00:00:00-04:00,34.06694916354213,34.28960967029168,33.944102492386456,34.14373016357422,3235600,0.0,0.0,PEG
2017-07-21 00:00:00-04:00,34.12070939370459,34.35872620505874,34.066964134511224,34.335693359375,2288800,0.0,0.0,PEG
2017-07-24 00:00:00-04:00,34.35871595103186,34.35871595103186,33.79054818625583,33.805904388427734,3097800,0.0,0.0,PEG
2017-07-25 00:00:00-04:00,33.87500163780576,33.944103074571984,33.529494453974635,33.675376892089844,3566700,0.0,0.0,PEG
2017-07-26 00:00:00-04:00,33.68304181649313,34.01319268526404,33.6600089885446,34.005516052246094,2060400,0.0,0.0,PEG
2017-07-27 00:00:00-04:00,33.96713672724291,34.12069286260084,33.82125429819912,34.043914794921875,4611700,0.0,0.0,PEG
2017-07-28 00:00:00-04:00,33.49878834195794,34.51995086669922,33.49878834195794,34.51995086669922,2755700,0.0,0.0,PEG
2017-07-31 00:00:00-04:00,34.48157267646129,34.82708000365969,34.19749017583013,34.52764129638672,3603200,0.0,0.0,PEG
2017-08-01 00:00:00-04:00,34.61975518677993,34.86544849033214,34.55065376209993,34.75027847290039,3161800,0.0,0.0,PEG
2017-08-02 00:00:00-04:00,34.60441129080303,34.88849372485657,34.34336169686575,34.804039001464844,2049200,0.0,0.0,PEG
2017-08-03 00:00:00-04:00,34.7733171608656,35.14953378220735,34.71189236535934,35.1418571472168,1812100,0.0,0.0,PEG
2017-08-04 00:00:00-04:00,35.003658053675096,35.157217130072894,34.86545517780666,35.08811569213867,1576000,0.0,0.0,PEG
2017-08-07 00:00:00-04:00,35.07276007059945,35.157217710457275,34.9806257947981,35.08043670654297,1483800,0.0,0.0,PEG
2017-08-08 00:00:00-04:00,35.01901048509973,35.195602378837044,34.9882980873466,35.1418571472168,1836600,0.0,0.0,PEG
2017-08-09 00:00:00-04:00,35.25703265852116,35.28006842678056,34.83474733978351,34.888492584228516,1988600,0.0,0.0,PEG
2017-08-10 00:00:00-04:00,34.91152958787273,35.13418721035409,34.757970485926215,35.019020080566406,2589700,0.0,0.0,PEG
2017-08-11 00:00:00-04:00,35.29541873751432,35.318451573032725,34.873130560372395,34.95758819580078,2529100,0.0,0.0,PEG
2017-08-14 00:00:00-04:00,35.042053313958114,35.28007007109084,34.942239457238415,35.25703430175781,1759200,0.0,0.0,PEG
2017-08-15 00:00:00-04:00,35.065081357978215,35.587180481701246,35.04204852069204,35.541114807128906,2040800,0.0,0.0,PEG
2017-08-16 00:00:00-04:00,35.57950399548597,35.88662216210976,35.502725918277974,35.80984115600586,1999100,0.0,0.0,PEG
2017-08-17 00:00:00-04:00,35.794487169668244,35.863588614989645,35.533437590553625,35.54879379272461,1990200,0.0,0.0,PEG
2017-08-18 00:00:00-04:00,35.510390943542646,36.04784609495363,35.410577132691834,35.84054183959961,2028400,0.0,0.0,PEG
2017-08-21 00:00:00-04:00,35.89429888793225,35.99411273166869,35.79448504419581,35.97107696533203,1500400,0.0,0.0,PEG
2017-08-22 00:00:00-04:00,35.9710840521872,36.1016103241576,35.855916913397834,36.08625411987305,1886800,0.0,0.0,PEG
2017-08-23 00:00:00-04:00,36.116956371131565,36.30122491293059,35.98643013586957,36.27051544189453,1916100,0.0,0.0,PEG
2017-08-24 00:00:00-04:00,36.24748172053678,36.37800796315571,36.11695840681368,36.25516128540039,1266000,0.0,0.0,PEG
2017-08-25 00:00:00-04:00,36.370324608508106,36.4471056046645,36.1860560755238,36.308902740478516,1167800,0.0,0.0,PEG
2017-08-28 00:00:00-04:00,36.36266178535858,36.42408367671871,36.11696836212481,36.316593170166016,2886700,0.0,0.0,PEG
2017-08-29 00:00:00-04:00,36.33961916932218,36.42407388111769,36.16302432302432,36.17070388793945,1288800,0.0,0.0,PEG
2017-08-30 00:00:00-04:00,36.16303187188058,36.16303187188058,35.925018029952525,35.95573043823242,1330300,0.0,0.0,PEG
2017-08-31 00:00:00-04:00,35.97875036366616,36.12462985728042,35.92500513291904,35.96339416503906,2684200,0.0,0.0,PEG
2017-09-01 00:00:00-04:00,36.04785575750243,36.0939214295545,35.42594282473797,35.71770477294922,2858100,0.0,0.0,PEG
2017-09-05 00:00:00-04:00,35.75610198657925,35.75610198657925,35.3798852439346,35.602542877197266,3242800,0.0,0.0,PEG
2017-09-06 00:00:00-04:00,35.71002728743971,35.71002728743971,35.22632012935641,35.241676330566406,2182900,0.0,0.0,PEG
2017-09-07 00:00:00-04:00,35.404425391323436,35.69894639339936,35.288166245174466,35.68344497680664,2008900,0.43,0.0,PEG
2017-09-08 00:00:00-04:00,35.66795137949938,36.07097942948505,35.605945699535326,36.001224517822266,2043400,0.0,0.0,PEG
2017-09-11 00:00:00-04:00,35.993475744773264,36.30349826082292,35.89272094016189,36.22599411010742,1794700,0.0,0.0,PEG
2017-09-12 00:00:00-04:00,36.140731301593405,36.1562327202807,35.34242450046103,35.528438568115234,1781600,0.0,0.0,PEG
2017-09-13 00:00:00-04:00,35.45093565933787,35.528439798865875,35.233918746791346,35.249420166015625,3114300,0.0,0.0,PEG
2017-09-14 00:00:00-04:00,35.20293060717597,35.512953207923395,35.140927860983275,35.49745178222656,2385000,0.0,0.0,PEG
2017-09-15 00:00:00-04:00,35.49744565949644,35.85396951924518,35.36568799869135,35.51294708251953,3490100,0.0,0.0,PEG
2017-09-18 00:00:00-04:00,35.50518589399124,35.62144209262743,35.117659318684346,35.34242248535156,1773500,0.0,0.0,PEG
2017-09-19 00:00:00-04:00,35.419938806443774,35.55169645722555,35.257178311974315,35.33468246459961,1694200,0.0,0.0,PEG
2017-09-20 00:00:00-04:00,35.40444252786601,35.53620019778846,34.91615801692977,35.055667877197266,2788800,0.0,0.0,PEG
2017-09-21 00:00:00-04:00,35.241677504688695,36.01673087083294,35.218423893220475,35.822967529296875,4246400,0.0,0.0,PEG
2017-09-22 00:00:00-04:00,36.117481041112285,36.14073464959404,35.73770659616869,35.79970932006836,4037700,0.0,0.0,PEG
2017-09-25 00:00:00-04:00,36.01673118696268,36.19499310794924,35.7454607324748,36.039981842041016,3290700,0.0,0.0,PEG
2017-09-26 00:00:00-04:00,36.00122818407247,36.132985832523524,35.81521408183079,36.0477294921875,2042000,0.0,0.0,PEG
2017-09-27 00:00:00-04:00,35.776464137734735,35.96247825105898,35.536196523981346,35.768714904785156,3359800,0.0,0.0,PEG
2017-09-28 00:00:00-04:00,35.63694374665062,35.93146477368217,35.44318045771281,35.71445083618164,2142000,0.0,0.0,PEG
2017-09-29 00:00:00-04:00,35.79971384288574,36.24924621347344,35.760961765978436,35.84621810913086,3635600,0.0,0.0,PEG
2017-10-02 00:00:00-04:00,35.993472826642204,36.16398549230477,35.69120252412663,36.11748123168945,2324300,0.0,0.0,PEG
2017-10-03 00:00:00-04:00,36.07098429442472,36.07098429442472,35.72995892181502,35.84621810913086,2081400,0.0,0.0,PEG
2017-10-04 00:00:00-04:00,35.86946396610454,36.42750326002767,35.81521047437241,36.41975402832031,1888500,0.0,0.0,PEG
2017-10-05 00:00:00-04:00,36.373240062480754,36.784017235010644,36.21822886035481,36.776268005371094,4099800,0.0,0.0,PEG
2017-10-06 00:00:00-04:00,36.57475686262375,36.93128355647534,36.404247181139716,36.89252853393555,4711400,0.0,0.0,PEG
2017-10-09 00:00:00-04:00,36.91578904877272,36.97779177457463,36.78402845197896,36.90028762817383,2321600,0.0,0.0,PEG
2017-10-10 00:00:00-04:00,36.931290349355955,37.43507321251135,36.84603401463593,37.365318298339844,3366100,0.0,0.0,PEG
2017-10-11 00:00:00-04:00,37.29556465708148,37.512581595573955,37.194809854967794,37.50482940673828,3759500,0.0,0.0,PEG
2017-10-12 00:00:00-04:00,37.489321097659285,38.00085607285914,37.4273183813346,37.993106842041016,3067300,0.0,0.0,PEG
2017-10-13 00:00:00-04:00,38.10161736672766,38.23337795567068,37.582333112276906,37.69858932495117,5255800,0.0,0.0,PEG
2017-10-16 00:00:00-04:00,37.58233390515111,37.78384645199392,37.2568099982899,37.66758728027344,2683500,0.0,0.0,PEG
2017-10-17 00:00:00-04:00,37.62108597686009,37.75284361198931,37.36531698171245,37.66758728027344,3620400,0.0,0.0,PEG
2017-10-18 00:00:00-04:00,37.58233461701377,37.807097819820584,37.48932609523825,37.71409225463867,2416300,0.0,0.0,PEG
2017-10-19 00:00:00-04:00,37.776102075322314,37.94661180407464,37.675344310654616,37.93111038208008,2441700,0.0,0.0,PEG
2017-10-20 00:00:00-04:00,37.931107279568096,37.9931129624747,37.76059756476232,37.97761154174805,4128100,0.0,0.0,PEG
2017-10-23 00:00:00-04:00,38.0628663644819,38.0628663644819,37.737342455348916,37.96210861206055,2541700,0.0,0.0,PEG
2017-10-24 00:00:00-04:00,37.93109808293135,38.070607879052474,37.752836222686135,38.039608001708984,2763200,0.0,0.0,PEG
2017-10-25 00:00:00-04:00,37.86134834489811,38.18687223240988,37.44282185608781,38.10161590576172,3152400,0.0,0.0,PEG
2017-10-26 00:00:00-04:00,38.318632668122056,38.326384856527355,38.00086094515758,38.256629943847656,2468300,0.0,0.0,PEG
2017-10-27 00:00:00-04:00,38.15587583196378,38.473647585253346,37.98536314989831,38.357391357421875,2402900,0.0,0.0,PEG
2017-10-30 00:00:00-04:00,38.33413759802374,38.4426445928835,38.140374262461634,38.403892517089844,3225800,0.0,0.0,PEG
2017-10-31 00:00:00-04:00,37.714088513744755,38.52014454961751,37.45832249571576,38.13261795043945,3308500,0.0,0.0,PEG
2017-11-01 00:00:00-04:00,38.706163653042324,38.89992699263692,38.20238074405274,38.37289047241211,4265700,0.0,0.0,PEG
2017-11-02 00:00:00-04:00,38.434874535888376,38.682891234501945,38.1093507710879,38.58988571166992,2976400,0.0,0.0,PEG
2017-11-03 00:00:00-04:00,38.51240750933036,39.18670618585707,38.458154000634345,38.992942810058594,2412500,0.0,0.0,PEG
2017-11-06 00:00:00-05:00,38.977433200967766,39.07043877397585,38.39614319562796,38.48139953613281,3154200,0.0,0.0,PEG
2017-11-07 00:00:00-05:00,38.56664714431767,38.7914132889707,38.40388667678,38.71390914916992,2563100,0.0,0.0,PEG
2017-11-08 00:00:00-05:00,38.62864945784617,38.96967178250587,38.512390301674856,38.90766906738281,2503600,0.0,0.0,PEG
2017-11-09 00:00:00-05:00,38.79141665103687,39.140191223555604,38.675160431259734,38.96192932128906,1991900,0.0,0.0,PEG
2017-11-10 00:00:00-05:00,38.70615110176197,39.17118473994845,38.70615110176197,39.047176361083984,3590000,0.0,0.0,PEG
2017-11-13 00:00:00-05:00,39.15567610251053,39.550951813314875,39.08592121747537,39.264183044433594,3611000,0.0,0.0,PEG
2017-11-14 00:00:00-05:00,39.240949981591235,40.093507441440785,39.03943446494725,40.085758209228516,3483400,0.0,0.0,PEG
2017-11-15 00:00:00-05:00,40.16326218378373,40.395777584863545,39.64397788659194,39.76798629760742,3771300,0.0,0.0,PEG
2017-11-16 00:00:00-05:00,39.744724204512465,39.829980523249276,39.535459501229326,39.82223129272461,2959300,0.0,0.0,PEG
2017-11-17 00:00:00-05:00,39.58972030486437,39.94624408015708,39.54321604681137,39.91524124145508,5639700,0.0,0.0,PEG
2017-11-20 00:00:00-05:00,39.93848340445899,40.01599048474218,39.72921872258356,39.969486236572266,3676800,0.0,0.0,PEG
2017-11-21 00:00:00-05:00,40.031507108355946,40.132261916110615,39.84549300160423,39.99275207519531,2440500,0.0,0.0,PEG
2017-11-22 00:00:00-05:00,39.93848893667223,39.97724396047851,39.651720091383666,39.860984802246094,2539700,0.0,0.0,PEG
2017-11-24 00:00:00-05:00,39.868730086409556,40.140000443234165,39.775724542986254,39.96173858642578,1991300,0.0,0.0,PEG
2017-11-27 00:00:00-05:00,39.98500219275492,40.101261377159744,39.77573743478256,39.97725296020508,3549200,0.0,0.0,PEG
2017-11-28 00:00:00-05:00,40.078001767185235,40.333770751953125,40.078001767185235,40.333770751953125,2845100,0.0,0.0,PEG
2017-11-29 00:00:00-05:00,40.19426155570945,40.915061306445736,40.12450664574809,40.845306396484375,3820200,0.0,0.0,PEG
2017-11-30 00:00:00-05:00,40.81430611478319,41.23283560077747,40.659294865534164,41.12432861328125,4383500,0.0,0.0,PEG
2017-12-01 00:00:00-05:00,41.155330731966735,41.29484056820476,40.73680417984647,41.132080078125,3485800,0.0,0.0,PEG
2017-12-04 00:00:00-05:00,41.225084370709475,41.225084370709475,40.68254942061393,40.99256896972656,5120000,0.0,0.0,PEG
2017-12-05 00:00:00-05:00,41.05457344367799,41.11657616903588,40.651545380773946,40.82980728149414,4876400,0.0,0.0,PEG
2017-12-06 00:00:00-05:00,40.90731660799792,41.00807437563269,40.43453357132018,40.891815185546875,4895000,0.0,0.0,PEG
2017-12-07 00:00:00-05:00,40.88400025909814,40.88400025909814,40.34482013299546,40.618316650390625,4744100,0.43,0.0,PEG
2017-12-08 00:00:00-05:00,40.602684411263716,40.62612909711683,40.297930323167265,40.57924270629883,4213500,0.0,0.0,PEG
2017-12-11 00:00:00-05:00,40.501115146221004,40.96996728647648,40.35264301645837,40.94652557373047,4183100,0.0,0.0,PEG
2017-12-12 00:00:00-05:00,40.774597431437606,41.05590980928941,40.59487074134076,40.641754150390625,4230100,0.0,0.0,PEG
2017-12-13 00:00:00-05:00,40.649577382497206,40.985589118866415,40.54017876710048,40.77460479736328,3326100,0.0,0.0,PEG
2017-12-14 00:00:00-05:00,40.73551962798206,40.75896132830481,40.399508012547045,40.5870475769043,4244500,0.0,0.0,PEG
2017-12-15 00:00:00-05:00,40.74333124614657,40.95431548504283,40.555791687719356,40.86835861206055,5502600,0.0,0.0,PEG
2017-12-18 00:00:00-05:00,40.93868843798986,41.118415097852235,40.58704802482971,40.61049270629883,2947500,0.0,0.0,PEG
2017-12-19 00:00:00-05:00,40.71989743774631,40.71989743774631,40.09476048702999,40.10257339477539,3204300,0.0,0.0,PEG
2017-12-20 00:00:00-05:00,40.10257860016535,40.25886360335255,39.727496381049185,39.83689498901367,3556800,0.0,0.0,PEG
2017-12-21 00:00:00-05:00,39.78219529333097,40.14164871050035,39.62591029168258,39.86033630371094,2847200,0.0,0.0,PEG
2017-12-22 00:00:00-05:00,39.89939839725916,40.196336536628635,39.82907031564268,39.90721130371094,2277600,0.0,0.0,PEG
2017-12-26 00:00:00-05:00,40.01662168299836,40.25104769723901,39.79000857751405,39.821266174316406,1246600,0.0,0.0,PEG
2017-12-27 00:00:00-05:00,39.97755080016935,40.02443719493041,39.743124788140996,39.86033630371094,2341400,0.0,0.0,PEG
2017-12-28 00:00:00-05:00,39.96192482617355,40.1416515474602,39.813455703603374,40.11820983886719,1509400,0.0,0.0,PEG
2017-12-29 00:00:00-05:00,40.11820152428852,40.38388509653764,40.04006052458092,40.243228912353516,2313200,0.0,0.0,PEG
2018-01-02 00:00:00-05:00,40.24323482139438,40.50110552389193,39.82908209653425,39.85252380371094,2999500,0.0,0.0,PEG
2018-01-03 00:00:00-05:00,39.69622880049209,40.165083692135006,39.55557263108798,39.64934539794922,2553700,0.0,0.0,PEG
2018-01-04 00:00:00-05:00,37.508253688134516,38.72727300611864,37.508253688134516,38.48503112792969,8168700,0.0,0.0,PEG
2018-01-05 00:00:00-05:00,38.610049222176144,38.89917444007415,38.49283476527528,38.80540466308594,5762000,0.0,0.0,PEG
2018-01-08 00:00:00-05:00,38.85229078846275,39.00075984946576,38.696005840577385,38.9226188659668,3194200,0.0,0.0,PEG
2018-01-09 00:00:00-05:00,38.93824829884278,39.02420218974942,38.48502224061462,38.78196334838867,5176000,0.0,0.0,PEG
2018-01-10 00:00:00-05:00,38.60224914550781,38.719460660476216,38.32874964880463,38.60224914550781,3457600,0.0,0.0,PEG
2018-01-11 00:00:00-05:00,38.64911088279274,39.29769222923729,38.45375548652199,39.07107925415039,4552000,0.0,0.0,PEG
2018-01-12 00:00:00-05:00,38.98514828940294,39.23520312419763,38.70383585503672,39.14924621582031,2851500,0.0,0.0,PEG
2018-01-16 00:00:00-05:00,39.23519793485372,39.3758541334333,38.57099042669669,38.719459533691406,3476300,0.0,0.0,PEG
2018-01-17 00:00:00-05:00,38.8444842408916,39.39929310743331,38.79760083187511,39.282081604003906,2996300,0.0,0.0,PEG
2018-01-18 00:00:00-05:00,39.383665898423,39.40710760210195,38.73508427501664,38.86792755126953,2745500,0.0,0.0,PEG
2018-01-19 00:00:00-05:00,39.008579974393356,39.196122542739936,38.76634109218535,38.91481018066406,2690100,0.0,0.0,PEG
2018-01-22 00:00:00-05:00,39.21956363745505,39.407106202891896,38.977324759005405,39.102352142333984,3403700,0.0,0.0,PEG
2018-01-23 00:00:00-05:00,39.21956475688079,39.93065857877499,39.14923666544563,39.63372039794922,2745500,0.0,0.0,PEG
2018-01-24 00:00:00-05:00,39.53213526937965,39.579021657957135,39.16486601107626,39.3992919921875,2499200,0.0,0.0,PEG
2018-01-25 00:00:00-05:00,39.36023012020229,39.96192549151297,39.27427321274523,39.94629669189453,2678400,0.0,0.0,PEG
2018-01-26 00:00:00-05:00,40.01661722917583,40.11820291703281,39.61027745863609,40.00880432128906,2883300,0.0,0.0,PEG
2018-01-29 00:00:00-05:00,39.78218904144,39.80563074469236,39.235193112076914,39.61027526855469,3219700,0.0,0.0,PEG
2018-01-30 00:00:00-05:00,39.579026877809994,40.00099250710564,39.46181238135158,39.86033630371094,3115500,0.0,0.0,PEG
2018-01-31 00:00:00-05:00,39.87596169605886,40.58705556097869,39.71186379974387,40.53235626220703,5998400,0.0,0.0,PEG
2018-02-01 00:00:00-05:00,40.55579801917742,40.59486851820871,39.47743495676357,39.59464645385742,4298800,0.0,0.0,PEG
2018-02-02 00:00:00-05:00,39.360219816310696,39.60246167564829,39.102352142333984,39.102352142333984,3781300,0.0,0.0,PEG
2018-02-05 00:00:00-05:00,38.68038062305628,39.19611891212819,38.164642333984375,38.164642333984375,4792700,0.0,0.0,PEG
2018-02-06 00:00:00-05:00,37.719241083199066,37.76612747729527,36.39863894881771,37.21913146972656,4905800,0.0,0.0,PEG
2018-02-07 00:00:00-05:00,37.187862098212435,37.88332699553582,37.14879160594806,37.27381896972656,3300000,0.0,0.0,PEG
2018-02-08 00:00:00-05:00,37.10191657299431,37.61765497891174,36.47677956292598,36.51585006713867,5313800,0.0,0.0,PEG
2018-02-09 00:00:00-05:00,36.47677792730563,37.20350060045142,36.101695738083336,36.91437530517578,5032000,0.0,0.0,PEG
2018-02-12 00:00:00-05:00,36.98470124690852,37.39103802588975,36.56273269078792,37.21131134033203,5126800,0.0,0.0,PEG
2018-02-13 00:00:00-05:00,37.08628645505502,37.6254695290187,36.78934824889724,37.539512634277344,2519100,0.0,0.0,PEG
2018-02-14 00:00:00-05:00,37.21912722890172,37.594209396268454,37.015955858523014,37.21131134033203,2315100,0.0,0.0,PEG
2018-02-15 00:00:00-05:00,37.266003290906674,37.98491287231445,37.20349109911198,37.98491287231445,2704500,0.0,0.0,PEG
2018-02-16 00:00:00-05:00,38.07088530458093,38.81323390782484,37.92241319922118,38.625694274902344,2480800,0.0,0.0,PEG
2018-02-20 00:00:00-05:00,38.43814096657705,38.680382820999924,38.18027329783209,38.51628494262695,4765500,0.0,0.0,PEG
2018-02-21 00:00:00-05:00,38.531920250270815,38.766346256266026,37.898967351284185,37.92240905761719,2741900,0.0,0.0,PEG
2018-02-22 00:00:00-05:00,38.03962120432013,38.64912937848361,37.8364498256735,38.43033218383789,2805100,0.0,0.0,PEG
2018-02-23 00:00:00-05:00,38.29749429241005,39.50870088414404,37.93804085606163,39.48525619506836,2637500,0.0,0.0,PEG
2018-02-26 00:00:00-05:00,39.53213599632735,39.735304388789615,39.1804955277502,39.30552291870117,2619200,0.0,0.0,PEG
2018-02-27 00:00:00-05:00,39.28990086789742,39.391486572013854,38.117767758655724,38.12558364868164,4038000,0.0,0.0,PEG
2018-02-28 00:00:00-05:00,38.2662412637421,38.508480207434516,37.836456723212805,37.84427261352539,2961900,0.0,0.0,PEG
2018-03-01 00:00:00-05:00,37.875523286965354,38.30530476801475,37.45355471391109,37.734867095947266,3615300,0.0,0.0,PEG
2018-03-02 00:00:00-05:00,37.71922913949294,37.96147096095206,36.7893383076958,37.27381896972656,3558300,0.0,0.0,PEG
2018-03-05 00:00:00-05:00,37.226934701455185,37.71923127838732,36.922180671269274,37.56294631958008,4358200,0.0,0.0,PEG
2018-03-06 00:00:00-05:00,37.52387913941233,37.55513673011215,36.789343643294096,36.87529754638672,3251300,0.0,0.0,PEG
2018-03-07 00:00:00-05:00,36.843744132538966,36.954195987071095,36.44138036578641,36.59128189086914,3288400,0.45,0.0,PEG
2018-03-08 00:00:00-05:00,36.75695615337218,37.09620282243245,36.575499122644814,36.94630432128906,3245000,0.0,0.0,PEG
2018-03-09 00:00:00-05:00,37.009413587798264,37.16720320573854,36.488709955306014,37.11986541748047,2587400,0.0,0.0,PEG
2018-03-12 00:00:00-04:00,37.16720825713417,37.624794900806265,37.11987046244242,37.53801345825195,3133500,0.0,0.0,PEG
2018-03-13 00:00:00-04:00,37.60113434435626,37.932492948267345,37.23822021450076,37.388118743896484,2743400,0.0,0.0,PEG
2018-03-14 00:00:00-04:00,37.49068769557636,38.28752126630229,37.46702029542835,38.22440719604492,3770200,0.0,0.0,PEG
2018-03-15 00:00:00-04:00,38.177059443163216,38.737209837756986,38.177059443163216,38.38218688964844,3573100,0.0,0.0,PEG
2018-03-16 00:00:00-04:00,38.46896109207562,38.950218076356386,38.334841871977254,38.88710403442383,6025700,0.0,0.0,PEG
2018-03-19 00:00:00-04:00,38.82400287991837,39.25003412335741,38.57154058964068,38.8950080871582,2758200,0.0,0.0,PEG
2018-03-20 00:00:00-04:00,38.80032580781378,39.04489990724288,38.50841692175057,38.64253616333008,3927400,0.0,0.0,PEG
2018-03-21 00:00:00-04:00,38.67409551084836,38.966004403075985,38.06660732298906,38.177059173583984,3127800,0.0,0.0,PEG
2018-03-22 00:00:00-04:00,38.13761810981981,38.80822044944816,38.02716624301869,38.074501037597656,2405900,0.0,0.0,PEG
2018-03-23 00:00:00-04:00,38.24017629339758,38.64253703681833,37.743139955394255,37.79047775268555,2781100,0.0,0.0,PEG
2018-03-26 00:00:00-04:00,37.8535959838607,38.271736039193186,37.79048192342728,38.208621978759766,1738500,0.0,0.0,PEG
2018-03-27 00:00:00-04:00,38.271735085458346,39.42359750793609,38.200729888247984,38.91078186035156,3485600,0.0,0.0,PEG
2018-03-28 00:00:00-04:00,39.02913296256616,39.16325224648449,38.84767586748296,38.94234848022461,2801700,0.0,0.0,PEG
2018-03-29 00:00:00-04:00,39.13957933942555,39.77073501822387,39.02912747183431,39.63661575317383,3650800,0.0,0.0,PEG
2018-04-02 00:00:00-04:00,39.74705977987314,39.770727172663065,39.06067529309442,39.344696044921875,3259300,0.0,0.0,PEG
2018-04-03 00:00:00-04:00,39.32891874462802,39.920627670632975,39.08434764801513,39.68394470214844,2691500,0.0,0.0,PEG
2018-04-04 00:00:00-04:00,39.61294276163627,39.86540501668404,39.26580791334244,39.739173889160156,2223500,0.0,0.0,PEG
2018-04-05 00:00:00-04:00,39.75494805689859,40.08630660513734,39.23424434645522,40.023189544677734,1926400,0.0,0.0,PEG
2018-04-06 00:00:00-04:00,40.05474841675884,40.22042618749867,39.399922452043675,39.526153564453125,3382900,0.0,0.0,PEG
2018-04-09 00:00:00-04:00,39.54983072356908,40.03897599151986,39.39992918288347,39.69184112548828,2340200,0.0,0.0,PEG
2018-04-10 00:00:00-04:00,39.69184324941,39.8417417885291,39.24214462246491,39.32892608642578,2793000,0.0,0.0,PEG
2018-04-11 00:00:00-04:00,39.25791092703453,39.384142035754756,39.00544870959408,39.33680725097656,2294600,0.0,0.0,PEG
2018-04-12 00:00:00-04:00,39.46304088173938,39.526154935339534,38.90289048909393,39.00545120239258,4628400,0.0,0.0,PEG
2018-04-13 00:00:00-04:00,39.21845879697854,39.77072094915729,39.18690027180567,39.35258102416992,3278400,0.0,0.0,PEG
2018-04-16 00:00:00-04:00,39.68394080142658,39.92851488358635,39.45514598355972,39.77072525024414,3034300,0.0,0.0,PEG
2018-04-17 00:00:00-04:00,39.84173520361237,40.259875223869486,39.723392212043954,40.133644104003906,2088900,0.0,0.0,PEG
2018-04-18 00:00:00-04:00,40.20465265782695,40.536011256165175,39.786512602616554,39.80229187011719,1720100,0.0,0.0,PEG
2018-04-19 00:00:00-04:00,39.58927500450433,39.82595799025366,39.30525421777015,39.47093200683594,2182200,0.0,0.0,PEG
2018-04-20 00:00:00-04:00,39.54981319131653,39.61292722553155,38.91076666596656,39.060665130615234,2157800,0.0,0.0,PEG
2018-04-23 00:00:00-04:00,39.076446945110135,39.28946246748014,38.67408629813557,38.958106994628906,2544300,0.0,0.0,PEG
2018-04-24 00:00:00-04:00,39.10802702900837,39.518279037935486,38.87923211852414,39.39204788208008,3030100,0.0,0.0,PEG
2018-04-25 00:00:00-04:00,39.23424661238285,39.73128295865317,39.021231035409855,39.71550369262695,3422700,0.0,0.0,PEG
2018-04-26 00:00:00-04:00,39.77072993009844,40.44922332659798,39.56560548932726,40.37032699584961,3218800,0.0,0.0,PEG
2018-04-27 00:00:00-04:00,40.19676734424152,40.85159043864998,40.109982871703444,40.654354095458984,3027400,0.0,0.0,PEG
2018-04-30 00:00:00-04:00,40.72535064709566,41.26972476478407,40.48077955963529,41.14349365234375,3304900,0.0,0.0,PEG
2018-05-01 00:00:00-04:00,40.98571238719879,41.30128872801232,40.70957970320075,40.91470718383789,3188900,0.0,0.0,PEG
2018-05-02 00:00:00-04:00,40.92258467480907,41.00936912408781,40.22831509975305,40.599117279052734,3542700,0.0,0.0,PEG
2018-05-03 00:00:00-04:00,40.5281195102445,41.11194036066833,40.22832246098802,40.92259216308594,2240800,0.0,0.0,PEG
2018-05-04 00:00:00-04:00,40.92259641928525,41.214508379651534,40.89104089106247,41.10405349731445,1496500,0.0,0.0,PEG
2018-05-07 00:00:00-04:00,41.10404303694669,41.21449789117465,40.89103048490323,40.930477142333984,1619800,0.0,0.0,PEG
2018-05-08 00:00:00-04:00,40.77269769167109,40.77269769167109,40.22043532087519,40.29933166503906,3453800,0.0,0.0,PEG
2018-05-09 00:00:00-04:00,40.37820671599115,40.464991150480714,39.7154927730366,39.896949768066406,2183600,0.0,0.0,PEG
2018-05-10 00:00:00-04:00,40.12576762325604,40.378229936270955,39.91275198235192,40.338783264160156,1557300,0.0,0.0,PEG
2018-05-11 00:00:00-04:00,40.44133467743895,40.52811914180912,40.22043095692395,40.35455322265625,1736900,0.0,0.0,PEG
2018-05-14 00:00:00-04:00,40.42555432414909,40.46500098316055,39.96796465277208,40.14942169189453,1685000,0.0,0.0,PEG
2018-05-15 00:00:00-04:00,39.97585948523794,40.0626439553704,39.43148827657208,39.63661575317383,2606000,0.0,0.0,PEG
2018-05-16 00:00:00-04:00,39.6366079340707,39.66816345459491,39.25002346417509,39.344696044921875,1923400,0.0,0.0,PEG
2018-05-17 00:00:00-04:00,39.439378724231496,39.48671351831948,38.926563051302466,39.10013198852539,2547300,0.0,0.0,PEG
2018-05-18 00:00:00-04:00,39.250028382022954,39.439376576828074,38.99756612867442,39.234249114990234,2582700,0.0,0.0,PEG
2018-05-21 00:00:00-04:00,39.234241234609186,39.57348788370464,38.95811164096723,39.49459457397461,1838300,0.0,0.0,PEG
2018-05-22 00:00:00-04:00,39.44725988654936,40.01530139198354,39.43937175879037,39.873291015625,2757300,0.0,0.0,PEG
2018-05-23 00:00:00-04:00,39.88116987724288,40.67800602718004,39.88116987724288,40.512325286865234,3430600,0.0,0.0,PEG
2018-05-24 00:00:00-04:00,40.58334422899596,41.048822065832496,40.51233903322133,40.96992874145508,2332600,0.0,0.0,PEG
2018-05-25 00:00:00-04:00,41.04882823867156,41.60109062112378,41.00938157055094,41.34074020385742,1910600,0.0,0.0,PEG
2018-05-29 00:00:00-04:00,41.36439663904918,41.78253662755656,41.18293960611982,41.522186279296875,2582400,0.0,0.0,PEG
2018-05-30 00:00:00-04:00,41.40385268156112,41.711540894513696,41.111943737168644,41.56953048706055,4021100,0.0,0.0,PEG
2018-05-31 00:00:00-04:00,41.451185928878935,42.07445342531765,41.29339627021772,41.79832077026367,5552600,0.0,0.0,PEG
2018-06-01 00:00:00-04:00,41.81410961806786,41.93245264157688,41.12772790664462,41.459083557128906,3769500,0.0,0.0,PEG
2018-06-04 00:00:00-04:00,41.71154045190559,41.8772212652347,41.056717366342504,41.23817443847656,3725400,0.0,0.0,PEG
2018-06-05 00:00:00-04:00,41.23817071729068,41.4038485060819,40.80425140920478,41.001487731933594,2558100,0.0,0.0,PEG
2018-06-06 00:00:00-04:00,41.025145673657065,41.04881306386257,40.11785759434726,40.25197982788086,2705200,0.0,0.0,PEG
2018-06-07 00:00:00-04:00,40.37934028975506,40.67384675362723,40.0927921470175,40.45097732543945,3308500,0.45,0.0,PEG
2018-06-08 00:00:00-04:00,40.50669860839844,40.64201437174743,40.28382915861014,40.50669860839844,2439400,0.0,0.0,PEG
2018-06-11 00:00:00-04:00,40.63404994193087,40.71364833681591,40.2440284342832,40.44301986694336,2865100,0.0,0.0,PEG
2018-06-12 00:00:00-04:00,40.48282376873878,41.38226603279737,40.435064724466805,41.33450698852539,2671700,0.0,0.0,PEG
2018-06-13 00:00:00-04:00,41.31857571676204,41.67676085740487,41.087744955418,41.2150993347168,2830000,0.0,0.0,PEG
2018-06-14 00:00:00-04:00,41.215107430922934,41.59717064387098,41.08775302660692,41.56533432006836,2171800,0.0,0.0,PEG
2018-06-15 00:00:00-04:00,41.49369590125784,41.8439197424156,41.079793341870435,41.81208038330078,4402500,0.0,0.0,PEG
2018-06-18 00:00:00-04:00,41.82004407841531,42.21802698048693,41.71656767369348,42.06679153442383,2044600,0.0,0.0,PEG
2018-06-19 00:00:00-04:00,42.034955124764345,42.38517898478538,41.51757613857165,42.07475280761719,3776700,0.0,0.0,PEG
2018-06-20 00:00:00-04:00,42.0986319847884,42.24190607615146,41.867801166884725,42.23394775390625,3126500,0.0,0.0,PEG
2018-06-21 00:00:00-04:00,42.1463874131318,42.512530932386284,42.10658973258125,42.281700134277344,3840900,0.0,0.0,PEG
2018-06-22 00:00:00-04:00,42.36129496500578,42.62396206361805,42.17026186353201,42.456809997558594,4112200,0.0,0.0,PEG
2018-06-25 00:00:00-04:00,42.59212201065492,43.31645065476659,42.50456833679499,43.173179626464844,2987500,0.0,0.0,PEG
2018-06-26 00:00:00-04:00,43.06174595794684,43.26869875378168,42.70356379873059,42.759281158447266,2730400,0.0,0.0,PEG
2018-06-27 00:00:00-04:00,42.69559248048927,43.18909028129646,42.639875133770765,43.02989959716797,3004800,0.0,0.0,PEG
2018-06-28 00:00:00-04:00,43.077667342667475,43.364215510478786,42.92643493693083,43.133384704589844,3033700,0.0,0.0,PEG
2018-06-29 00:00:00-04:00,43.117463969294626,43.38013412881586,42.83887716650098,43.09358596801758,3395800,0.0,0.0,PEG
2018-07-02 00:00:00-04:00,43.13338340944451,43.25277948790368,42.51253108874103,42.91847229003906,3273600,0.0,0.0,PEG
2018-07-03 00:00:00-04:00,42.44089426327766,42.94235354442289,42.32945954221615,42.576210021972656,3419900,0.0,0.0,PEG
2018-07-05 00:00:00-04:00,42.600079491842436,42.6159991682871,42.218016366274036,42.52048110961914,4399700,0.0,0.0,PEG
2018-07-06 00:00:00-04:00,42.536409065559965,42.59212642577747,42.33741762582076,42.40109634399414,2732000,0.0,0.0,PEG
2018-07-09 00:00:00-04:00,42.44088452932962,42.44088452932962,40.69772100030641,40.90467071533203,4095700,0.0,0.0,PEG
2018-07-10 00:00:00-04:00,40.72956197009421,41.676763062847705,40.482814555102415,41.422054290771484,3481400,0.0,0.0,PEG
2018-07-11 00:00:00-04:00,41.39021867234179,41.931475620966495,41.30266195471597,41.88371658325195,2397900,0.0,0.0,PEG
2018-07-12 00:00:00-04:00,41.94738420470275,42.034940899168944,41.49368409371207,41.65287780761719,2562000,0.0,0.0,PEG
2018-07-13 00:00:00-04:00,41.69268274064847,41.74840009476714,41.071827451890634,41.422054290771484,3426800,0.0,0.0,PEG
2018-07-16 00:00:00-04:00,41.43001321796642,41.43797457516739,41.05591141146018,41.238983154296875,1970000,0.0,0.0,PEG
2018-07-17 00:00:00-04:00,41.36633742836808,41.517569814720986,41.159384650866095,41.183265686035156,2391600,0.0,0.0,PEG
2018-07-18 00:00:00-04:00,41.00815900151701,41.262867818465615,40.76936986517377,41.19123077392578,3387900,0.0,0.0,PEG
2018-07-19 00:00:00-04:00,41.366333447559846,41.95534629466707,41.223059395805585,41.5255241394043,2349800,0.0,0.0,PEG
2018-07-20 00:00:00-04:00,41.039988255626156,41.23101830310748,40.75344014803631,40.880794525146484,1849800,0.0,0.0,PEG
2018-07-23 00:00:00-04:00,41.008150417798326,41.079787447343286,40.538530565529825,40.618125915527344,3030600,0.0,0.0,PEG
2018-07-24 00:00:00-04:00,40.53852405945288,40.82507213164426,40.18830032475646,40.721595764160156,4768600,0.0,0.0,PEG
2018-07-25 00:00:00-04:00,40.70568417115535,41.302658427954924,40.642008496008124,40.94447326660156,3222100,0.0,0.0,PEG
2018-07-26 00:00:00-04:00,41.13551065493434,41.71656529445516,41.13551065493434,41.23102569580078,3854400,0.0,0.0,PEG
2018-07-27 00:00:00-04:00,41.43798276741476,41.45390244859588,40.79324934323864,40.9365234375,2623000,0.0,0.0,PEG
2018-07-30 00:00:00-04:00,40.91264018720393,40.93651818772909,40.4509786012619,40.602210998535156,3389900,0.0,0.0,PEG
2018-07-31 00:00:00-04:00,40.809162500461426,41.17530599998748,40.63404907183234,41.03999328613281,3856300,0.0,0.0,PEG
2018-08-01 00:00:00-04:00,40.92059676543837,41.063870835222765,39.80624356408598,40.22810745239258,3612700,0.0,0.0,PEG
2018-08-02 00:00:00-04:00,40.22811495924038,40.761410623557076,40.01320381445986,40.75345230102539,3028300,0.0,0.0,PEG
2018-08-03 00:00:00-04:00,40.73753197728908,41.079797531761365,40.546498839484364,40.9365234375,2280900,0.0,0.0,PEG
2018-08-06 00:00:00-04:00,40.872842713426934,41.254908970347095,40.82508670858834,40.91264343261719,2215800,0.0,0.0,PEG
2018-08-07 00:00:00-04:00,40.864881744780185,41.1036708626136,40.610172947575435,41.008155822753906,1896100,0.0,0.0,PEG
2018-08-08 00:00:00-04:00,40.848966590052584,40.976321002761395,40.68977281507439,40.8171272277832,2411900,0.0,0.0,PEG
2018-08-09 00:00:00-04:00,40.83303739402463,41.46980930918843,40.75344204326716,41.37429428100586,2393500,0.0,0.0,PEG
2018-08-10 00:00:00-04:00,41.44593904230307,41.64493049268338,40.82508668875442,40.84896469116211,2273200,0.0,0.0,PEG
2018-08-13 00:00:00-04:00,40.84895567476863,41.207140813666435,40.82507767763141,41.16734313964844,2149600,0.0,0.0,PEG
2018-08-14 00:00:00-04:00,41.13550624642046,41.52552772604119,40.960392826625316,41.414093017578125,1855200,0.0,0.0,PEG
2018-08-15 00:00:00-04:00,41.509609324478085,42.448849022223925,41.46185029300411,42.02698516845703,4113900,0.0,0.0,PEG
2018-08-16 00:00:00-04:00,41.955357046982506,42.84684093889349,41.89963968328414,42.822959899902344,3740700,0.0,0.0,PEG
2018-08-17 00:00:00-04:00,42.72743335154592,43.26072884235292,42.560281305445315,42.830909729003906,3010100,0.0,0.0,PEG
2018-08-20 00:00:00-04:00,42.95030428821812,42.96622396504222,42.496604126018966,42.631919860839844,2279900,0.0,0.0,PEG
2018-08-21 00:00:00-04:00,42.6000823593974,42.60804067997152,41.8916734099476,42.01106643676758,2605400,0.0,0.0,PEG
2018-08-22 00:00:00-04:00,42.05883053468298,42.07475021411654,41.4936955784494,41.644927978515625,2282100,0.0,0.0,PEG
2018-08-23 00:00:00-04:00,41.70064449935354,41.86779657549031,41.525531065475974,41.7165641784668,1522100,0.0,0.0,PEG
2018-08-24 00:00:00-04:00,41.764328413391354,42.05087660035445,41.53349759207456,41.98719787597656,2202200,0.0,0.0,PEG
2018-08-27 00:00:00-04:00,42.01107266853414,42.154346751065276,41.51757473779828,41.74044418334961,2351300,0.0,0.0,PEG
2018-08-28 00:00:00-04:00,41.66879950074174,41.756356205828645,41.079786635122794,41.2150993347168,2487000,0.0,0.0,PEG
2018-08-29 00:00:00-04:00,41.33449792138325,41.67676340599776,41.310619922669524,41.58920669555664,2105700,0.0,0.0,PEG
2018-08-30 00:00:00-04:00,41.748409066902525,42.011076216144794,41.49370024008693,41.6369743347168,2096500,0.0,0.0,PEG
2018-08-31 00:00:00-04:00,41.63696022402051,41.89962728424535,41.45388850656254,41.66879653930664,2380800,0.0,0.0,PEG
2018-09-04 00:00:00-04:00,41.78819596793802,41.979229056936205,41.724517259482646,41.97126770019531,2247300,0.0,0.0,PEG
2018-09-05 00:00:00-04:00,42.074752912472356,42.281702685644035,41.91555914429567,42.130470275878906,3519000,0.0,0.0,PEG
2018-09-06 00:00:00-04:00,42.17060700427506,42.78072983226218,42.10638532166844,42.612144470214844,3317800,0.45,0.0,PEG
2018-09-07 00:00:00-04:00,42.2910170358358,42.48368510125805,42.10637553047128,42.154541015625,2604000,0.0,0.0,PEG
2018-09-10 00:00:00-04:00,42.33918533905671,42.4435459312233,42.002011632908065,42.18665313720703,2028300,0.0,0.0,PEG
2018-09-11 00:00:00-04:00,42.186650741169295,42.483682443179674,42.10637289600005,42.3552360534668,2257700,0.0,0.0,PEG
2018-09-12 00:00:00-04:00,42.483695778727636,42.90114744193262,42.379335159729735,42.804813385009766,2740100,0.0,0.0,PEG
2018-09-13 00:00:00-04:00,42.804812870350425,43.22226452853622,42.60411513443828,43.11790084838867,2308500,0.0,0.0,PEG
2018-09-14 00:00:00-04:00,42.97339561083566,43.061703099232226,42.363275878356816,42.764671325683594,2644100,0.0,0.0,PEG
2018-09-17 00:00:00-04:00,42.764676120364,43.06973755200835,42.66031243488483,42.98143005371094,2028100,0.0,0.0,PEG
2018-09-18 00:00:00-04:00,42.7486131933629,42.94931090788573,42.451581433342255,42.62016677856445,2060300,0.0,0.0,PEG
2018-09-19 00:00:00-04:00,42.70044579692636,42.71650198201192,41.4159816141229,41.672874450683594,3329200,0.0,0.0,PEG
2018-09-20 00:00:00-04:00,41.68893120291701,41.94582404297254,41.23134064016783,41.89765548706055,2363000,0.0,0.0,PEG
2018-09-21 00:00:00-04:00,41.777239376997464,42.090327339556744,41.49626072316929,41.85751724243164,4304200,0.0,0.0,PEG
2018-09-24 00:00:00-04:00,41.937795282712,42.01807314261878,41.70498520161666,41.78526306152344,2313000,0.0,0.0,PEG
2018-09-25 00:00:00-04:00,41.72104660333238,41.729073165365165,40.91825565425863,41.110923767089844,1746700,0.0,0.0,PEG
2018-09-26 00:00:00-04:00,41.23133808030332,41.367811053307996,40.66135731821786,40.68544006347656,2232700,0.0,0.0,PEG
2018-09-27 00:00:00-04:00,40.7095233462468,41.5444265668178,40.669384416150976,41.21528244018555,2547700,0.0,0.0,PEG
2018-09-28 00:00:00-04:00,41.319653443639524,42.39539349816054,41.319653443639524,42.379337310791016,4051700,0.0,0.0,PEG
2018-10-01 00:00:00-04:00,42.1625764009808,42.33116174686888,42.002017616247535,42.299049377441406,2443700,0.0,0.0,PEG
2018-10-02 00:00:00-04:00,42.45959635546984,42.95732569357609,42.45959635546984,42.65226745605469,2932800,0.0,0.0,PEG
2018-10-03 00:00:00-04:00,42.61214775688798,42.75664731949922,41.440070569269736,41.75315856933594,4101900,0.0,0.0,PEG
2018-10-04 00:00:00-04:00,41.696960499141284,42.15455109190241,41.41598489390354,41.985965728759766,4397400,0.0,0.0,PEG
2018-10-05 00:00:00-04:00,42.06624223190857,42.523832776495624,41.97793474744368,42.31510543823242,3495900,0.0,0.0,PEG
2018-10-08 00:00:00-04:00,42.58002712566825,43.19817644339867,42.315104677039194,42.96536636352539,3200300,0.0,0.0,PEG
2018-10-09 00:00:00-04:00,43.302538642136746,43.575487661799485,42.92522901378249,43.40690231323242,3339000,0.0,0.0,PEG
2018-10-10 00:00:00-04:00,44.000971436810175,44.44250583042108,43.66379765788985,43.776187896728516,5033300,0.0,0.0,PEG
2018-10-11 00:00:00-04:00,43.84843424323696,43.960824469365456,42.893114258740745,43.02156066894531,4057400,0.0,0.0,PEG
2018-10-12 00:00:00-04:00,43.02156354787826,43.222261268653504,42.660307038001974,43.093814849853516,4064300,0.0,0.0,PEG
2018-10-15 00:00:00-04:00,43.10184341495205,43.32662695510495,42.88508949894979,42.933258056640625,2119800,0.0,0.0,PEG
2018-10-16 00:00:00-04:00,42.901142391091284,43.366762559141485,42.66833536947028,43.2142333984375,2613400,0.0,0.0,PEG
2018-10-17 00:00:00-04:00,43.246340749830516,43.31859204635039,42.7486112973625,43.06972885131836,2586500,0.0,0.0,PEG
2018-10-18 00:00:00-04:00,43.125925913986315,43.342679813347196,42.88508620642706,43.2142333984375,1872000,0.0,0.0,PEG
2018-10-19 00:00:00-04:00,43.24635024425338,44.17758768028704,43.021569744577725,44.05717086791992,2038200,0.0,0.0,PEG
2018-10-22 00:00:00-04:00,44.03307560114333,44.11335652122219,43.71196110803983,43.896602630615234,2553400,0.0,0.0,PEG
2018-10-23 00:00:00-04:00,43.97688117437729,44.29799873489455,43.59154193919899,43.85646438598633,3847100,0.0,0.0,PEG
2018-10-24 00:00:00-04:00,44.06519242562767,45.50218888512549,43.856468137121645,45.25332260131836,3881000,0.0,0.0,PEG
2018-10-25 00:00:00-04:00,44.96431907769538,45.05262657083607,44.28997456746257,44.835872650146484,4868000,0.0,0.0,PEG
2018-10-26 00:00:00-04:00,45.19713033257701,45.269381641308634,43.39888030121926,43.6557731628418,4837400,0.0,0.0,PEG
2018-10-29 00:00:00-04:00,43.74407506221804,44.41841950331209,43.74407506221804,44.338138580322266,3499700,0.0,0.0,PEG
2018-10-30 00:00:00-04:00,44.46658647778279,44.79573061700868,43.4952102452386,43.64773941040039,4168500,0.0,0.0,PEG
2018-10-31 00:00:00-04:00,43.29450757787851,43.366758871521704,42.45960442075804,42.89311218261719,4089000,0.0,0.0,PEG
2018-11-01 00:00:00-04:00,42.81283457326691,42.90916861120725,42.122433999486134,42.861000061035156,3688100,0.0,0.0,PEG
2018-11-02 00:00:00-04:00,42.97338315911286,43.198166626918756,42.20270485852982,42.5318489074707,3044700,0.0,0.0,PEG
2018-11-05 00:00:00-05:00,42.724532767273715,43.1500109651937,42.54791778893519,42.71650314331055,2995200,0.0,0.0,PEG
2018-11-06 00:00:00-05:00,42.612129690997605,42.86902245713446,42.30706838280883,42.54790496826172,2693100,0.0,0.0,PEG
2018-11-07 00:00:00-05:00,42.60410814711824,42.700442187083496,42.010044661194605,42.539886474609375,4675700,0.0,0.0,PEG
2018-11-08 00:00:00-05:00,42.580017886350795,42.83691065584645,42.226788031491736,42.52382278442383,3350200,0.0,0.0,PEG
2018-11-09 00:00:00-05:00,42.58002060629412,43.27844767657463,42.58002060629412,43.18211364746094,4986200,0.0,0.0,PEG
2018-11-12 00:00:00-05:00,43.19816951362184,44.1213769992206,43.11788860461094,43.1740837097168,4036700,0.0,0.0,PEG
2018-11-13 00:00:00-05:00,43.125917608227375,43.190139272111516,42.68438027100855,42.949302673339844,3950600,0.0,0.0,PEG
2018-11-14 00:00:00-05:00,42.82086329558131,43.59154176281961,42.60410940246979,43.2784538269043,5039900,0.0,0.0,PEG
2018-11-15 00:00:00-05:00,43.15804710887216,43.89661649484624,42.596095802854315,43.687889099121094,3500300,0.0,0.0,PEG
2018-11-16 00:00:00-05:00,44.04110525583423,44.18560784967549,43.31859228662793,43.5915412902832,3377800,0.0,0.0,PEG
2018-11-19 00:00:00-05:00,43.551407606475394,43.81633008122463,43.45507355311401,43.80027389526367,2771300,0.0,0.0,PEG
2018-11-20 00:00:00-05:00,43.96886623838009,44.225759129752234,42.95734779899805,43.013545989990234,3108500,0.0,0.0,PEG
2018-11-21 00:00:00-05:00,42.820856283168055,43.021553959211694,42.61213204754021,42.949302673339844,3403500,0.0,0.0,PEG
2018-11-23 00:00:00-05:00,42.94127888621465,42.97338818902807,42.53988350821168,42.73255157470703,899400,0.0,0.0,PEG
2018-11-26 00:00:00-05:00,42.732556842449576,42.95733730187127,42.299049045789964,42.9412841796875,2511000,0.0,0.0,PEG
2018-11-27 00:00:00-05:00,42.989452364577986,43.7842167082504,42.93325724620162,43.583518981933594,3717100,0.0,0.0,PEG
2018-11-28 00:00:00-05:00,43.543375213315656,44.02504847802065,43.47112391736951,43.920684814453125,3531300,0.0,0.0,PEG
2018-11-29 00:00:00-05:00,43.95279565810209,43.95279565810209,43.31859020038726,43.76815414428711,2993000,0.0,0.0,PEG
2018-11-30 00:00:00-05:00,43.92069526573259,44.90812783702803,43.760136451823364,44.87601852416992,3922800,0.0,0.0,PEG
2018-12-03 00:00:00-05:00,44.62714292796208,44.75558933989432,44.20969132358132,44.69939422607422,3029600,0.0,0.0,PEG
2018-12-04 00:00:00-05:00,44.77165959398066,45.22122370822403,44.627156952345466,44.80377197265625,3943800,0.0,0.0,PEG
2018-12-06 00:00:00-05:00,44.96561849446034,45.18413428418397,43.832574344922286,44.71472930908203,3998400,0.45,0.0,PEG
2018-12-07 00:00:00-05:00,44.76329465328339,45.1355794850902,44.35863642202452,44.86850357055664,3489000,0.0,0.0,PEG
2018-12-10 00:00:00-05:00,44.93323779299362,45.11128835284768,44.20485194567832,44.828025817871094,4011100,0.0,0.0,PEG
2018-12-11 00:00:00-05:00,44.949434810552894,45.37027972039104,44.6499855116141,45.151763916015625,2615900,0.0,0.0,PEG
2018-12-12 00:00:00-05:00,45.30552892491996,45.55641810497085,45.09510803222656,45.09510803222656,4049200,0.0,0.0,PEG
2018-12-13 00:00:00-05:00,45.1113055015619,45.47549547636713,45.02228018779259,45.15986251831055,2755900,0.0,0.0,PEG
2018-12-14 00:00:00-05:00,45.19223764933222,45.200329456667255,44.86850978457187,45.070838928222656,3008500,0.0,0.0,PEG
2018-12-17 00:00:00-05:00,45.13557300896124,45.14366481401458,43.023256850901085,43.2255859375,3515100,0.0,0.0,PEG
2018-12-18 00:00:00-05:00,43.314622223915194,43.72737230693275,42.82093863333699,43.055641174316406,3187700,0.0,0.0,PEG
2018-12-19 00:00:00-05:00,43.1689365452262,43.40363904025141,42.4729239529705,42.69953155517578,3125300,0.0,0.0,PEG
2018-12-20 00:00:00-05:00,42.715721799828216,43.07991482453462,42.05208254916202,42.650978088378906,3501800,0.0,0.0,PEG
2018-12-21 00:00:00-05:00,42.545763756370896,43.694994672869896,42.27059605134695,42.4405517578125,5593000,0.0,0.0,PEG
2018-12-24 00:00:00-05:00,42.48102533358089,42.69144626957928,40.24731001788786,40.376800537109375,1743000,0.0,0.0,PEG
2018-12-26 00:00:00-05:00,40.4010825751898,41.064725017403106,39.84265524111631,41.040443420410156,2572000,0.0,0.0,PEG
2018-12-27 00:00:00-05:00,41.088986016295735,41.62313461303711,40.39297355353954,41.62313461303711,3024500,0.0,0.0,PEG
2018-12-28 00:00:00-05:00,41.76072615714818,42.06017545626307,41.33178944125002,41.542213439941406,2167700,0.0,0.0,PEG
2018-12-31 00:00:00-05:00,41.51793256414104,42.16538509571241,41.210391453908194,42.12491989135742,2847100,0.0,0.0,PEG
2019-01-02 00:00:00-05:00,41.92259286626034,41.92259286626034,40.88666876425029,41.13755798339844,3355900,0.0,0.0,PEG
2019-01-03 00:00:00-05:00,41.16992840227164,41.78501065489913,41.105184689377744,41.12946319580078,3264000,0.0,0.0,PEG
2019-01-04 00:00:00-05:00,40.943315364303096,41.704071642209314,40.943315364303096,41.574581146240234,4473100,0.0,0.0,PEG
2019-01-07 00:00:00-05:00,41.372257936536904,42.01161870199482,41.30751422299417,41.663612365722656,3534200,0.0,0.0,PEG
2019-01-08 00:00:00-05:00,41.72835667723118,41.914499087596,41.485559275862364,41.82547378540039,2977500,0.0,0.0,PEG
2019-01-09 00:00:00-05:00,41.671701998616385,42.01970520365736,41.323695706278414,41.50983810424805,2750200,0.0,0.0,PEG
2019-01-10 00:00:00-05:00,41.59077761550949,42.157299826209616,41.493660492540165,42.0844612121582,2884500,0.0,0.0,PEG
2019-01-11 00:00:00-05:00,41.99542701057272,42.23822131027196,41.728354207092664,41.987335205078125,3800500,0.0,0.0,PEG
2019-01-14 00:00:00-05:00,41.70408086291528,41.70408086291528,40.44154901989722,41.07281494140625,4364200,0.0,0.0,PEG
2019-01-15 00:00:00-05:00,41.016156858423926,41.78500808324066,40.94331825634029,41.655517578125,3569000,0.0,0.0,PEG
2019-01-16 00:00:00-05:00,41.53411981506863,41.817379336613456,41.38844260761779,41.63933181762695,2908600,0.0,0.0,PEG
2019-01-17 00:00:00-05:00,41.69597880417449,42.32724457047639,41.64741871165247,42.2544059753418,4598300,0.0,0.0,PEG
2019-01-18 00:00:00-05:00,42.15729118086151,42.35962027981222,41.82547158207423,42.035892486572266,4101900,0.0,0.0,PEG
2019-01-22 00:00:00-05:00,42.10063419340998,42.739994809795974,42.06826080053803,42.66715621948242,3704400,0.0,0.0,PEG
2019-01-23 00:00:00-05:00,42.602416397422665,43.20131191426102,42.602416397422665,43.16084671020508,2906900,0.0,0.0,PEG
2019-01-24 00:00:00-05:00,43.12038682718832,43.12038682718832,42.67526332118095,43.088016510009766,2327100,0.0,0.0,PEG
2019-01-25 00:00:00-05:00,42.89377129872578,43.168939011681196,42.561951681982244,42.610511779785156,2559100,0.0,0.0,PEG
2019-01-28 00:00:00-05:00,42.60242210662792,42.83712464382122,42.14920682078991,42.40818786621094,2447700,0.0,0.0,PEG
2019-01-29 00:00:00-05:00,42.55386114080357,42.82093396841463,42.45674094231109,42.7076301574707,2496800,0.0,0.0,PEG
2019-01-30 00:00:00-05:00,42.48911253163512,43.282242261749985,42.48911253163512,43.096099853515625,2390100,0.0,0.0,PEG
2019-01-31 00:00:00-05:00,43.03945346204637,44.253428261267764,42.837124328842805,44.148216247558594,3429100,0.0,0.0,PEG
2019-02-01 00:00:00-05:00,44.099661112037936,44.21296493749603,43.743559846543704,44.1158447265625,2809800,0.0,0.0,PEG
2019-02-04 00:00:00-05:00,43.95397989957335,44.512407168993654,43.630252067061704,44.488128662109375,2583800,0.0,0.0,PEG
2019-02-05 00:00:00-05:00,44.40718737369904,44.55286456405559,44.10774118787585,44.43146896362305,3384600,0.0,0.0,PEG
2019-02-06 00:00:00-05:00,44.31007248271595,44.59333198512957,44.25342058223323,44.51240158081055,2733900,0.0,0.0,PEG
2019-02-07 00:00:00-05:00,44.51241160317366,45.070838928222656,44.3181742668579,45.070838928222656,3339800,0.0,0.0,PEG
2019-02-08 00:00:00-05:00,45.03036444926563,45.23269355127513,44.72282334976802,45.22460174560547,3049900,0.0,0.0,PEG
2019-02-11 00:00:00-05:00,45.24080208012202,45.41884964419308,45.095124835783324,45.305545806884766,2890000,0.0,0.0,PEG
2019-02-12 00:00:00-05:00,45.34600626176065,45.51596508717947,44.96562957462733,45.32172775268555,2685400,0.0,0.0,PEG
2019-02-13 00:00:00-05:00,45.18413864257841,45.32981276248207,45.03846143537751,45.313629150390625,3026400,0.0,0.0,PEG
2019-02-14 00:00:00-05:00,45.30552944002265,45.548323730443755,45.07082695478693,45.26506423950195,2847500,0.0,0.0,PEG
2019-02-15 00:00:00-05:00,45.483586622559734,45.6859157417995,45.36218791609693,45.58070373535156,3005600,0.0,0.0,PEG
2019-02-19 00:00:00-05:00,44.79566359446875,45.55642302182269,44.79566359446875,45.49977111816406,4177400,0.0,0.0,PEG
2019-02-20 00:00:00-05:00,45.540242862173145,45.89634103449127,45.31363521499776,45.81541061401367,3958700,0.0,0.0,PEG
2019-02-21 00:00:00-05:00,45.55642170898353,46.09057041901272,45.402649614372464,46.058197021484375,3939300,0.0,0.0,PEG
2019-02-22 00:00:00-05:00,46.17150738498322,46.640912453939805,45.92062123673872,46.373836517333984,3060900,0.0,0.0,PEG
2019-02-25 00:00:00-05:00,46.4385784555029,46.592347468549605,46.03392023320367,46.39811325073242,4385200,0.0,0.0,PEG
2019-02-26 00:00:00-05:00,46.495218995568734,46.59233608074057,46.13102606705375,46.39000701904297,5450300,0.0,0.0,PEG
2019-02-27 00:00:00-05:00,47.183142153640624,47.69301231389494,46.72183208536662,47.3935661315918,3402400,0.0,0.0,PEG
2019-02-28 00:00:00-05:00,47.34501227857681,47.790135708180905,47.223613576276946,47.59590148925781,4503600,0.0,0.0,PEG
2019-03-01 00:00:00-05:00,47.68491996044317,48.03292625325531,47.547337656785665,47.951995849609375,3221600,0.0,0.0,PEG
2019-03-04 00:00:00-05:00,48.08958446146968,48.24335657078399,47.70111291587639,48.219078063964844,3374700,0.0,0.0,PEG
2019-03-05 00:00:00-05:00,48.21097691022651,48.30000220673379,47.984369309878545,48.01674270629883,4108200,0.0,0.0,PEG
2019-03-06 00:00:00-05:00,48.10577328920728,48.27573210634973,47.733488427461985,47.87916564941406,4228200,0.0,0.0,PEG
2019-03-07 00:00:00-05:00,48.09127174483556,48.31153748219762,47.75679483521637,48.13206100463867,4472600,0.47,0.0,PEG
2019-03-08 00:00:00-05:00,48.18915720117503,48.26257909932289,47.65888759099376,48.034156799316406,2883600,0.0,0.0,PEG
2019-03-11 00:00:00-04:00,48.001522115265196,48.14836590532712,47.7567835025021,47.86283493041992,3506000,0.0,0.0,PEG
2019-03-12 00:00:00-04:00,47.96073829952413,48.303371773811854,47.764945519916395,48.23810958862305,2847300,0.0,0.0,PEG
2019-03-13 00:00:00-04:00,48.31969243989455,48.61338007968522,48.091270103177784,48.54811477661133,4637000,0.0,0.0,PEG
2019-03-14 00:00:00-04:00,48.57258485379675,48.907061710905346,48.384951798542716,48.6541633605957,2420800,0.0,0.0,PEG
2019-03-15 00:00:00-04:00,48.62969762322036,48.882592898912286,48.45838086639274,48.72759246826172,7124300,0.0,0.0,PEG
2019-03-18 00:00:00-04:00,48.809176190648586,48.84180573237989,48.39311763535769,48.62969970703125,2643900,0.0,0.0,PEG
2019-03-19 00:00:00-04:00,48.49100491640528,48.61337579286748,48.03416028325715,48.229949951171875,2539000,0.0,0.0,PEG
2019-03-20 00:00:00-04:00,48.29521479346373,48.45837492320252,47.903632349303024,48.04231643676758,2676900,0.0,0.0,PEG
2019-03-21 00:00:00-04:00,48.066784356319964,48.61337026716319,47.93625688853984,48.52363204956055,1808600,0.0,0.0,PEG
2019-03-22 00:00:00-04:00,48.66232767784511,49.0212774985157,48.5236404687541,48.64601135253906,1903700,0.0,0.0,PEG
2019-03-25 00:00:00-04:00,48.719435780404055,48.727592387468555,48.450221066960424,48.605224609375,1611600,0.0,0.0,PEG
2019-03-26 00:00:00-04:00,48.686797764671816,48.88258743286133,48.52363763316678,48.88258743286133,2573400,0.0,0.0,PEG
2019-03-27 00:00:00-04:00,48.8744307719679,48.947852675461924,48.22179335869921,48.360477447509766,1991600,0.0,0.0,PEG
2019-03-28 00:00:00-04:00,48.344165716654565,48.45837999784687,47.78126647772964,47.96074295043945,2298100,0.0,0.0,PEG
2019-03-29 00:00:00-04:00,48.0341732852809,48.515494091219125,47.797591186492966,48.46654510498047,2613400,0.0,0.0,PEG
2019-04-01 00:00:00-04:00,48.39311126544185,48.39311126544185,47.414153565875125,47.75679016113281,2898800,0.0,0.0,PEG
2019-04-02 00:00:00-04:00,47.87915632188863,48.21363318754767,47.5365228501494,48.17284393310547,2768300,0.0,0.0,PEG
2019-04-03 00:00:00-04:00,48.21363648229355,48.22995280758956,47.75679182208881,47.99337387084961,2089700,0.0,0.0,PEG
2019-04-04 00:00:00-04:00,48.21363658113841,48.539956863685816,47.895476017266155,48.37679672241211,3443900,0.0,0.0,PEG
2019-04-05 00:00:00-04:00,48.344168221286345,48.703121185302734,48.14021880519381,48.703121185302734,2611800,0.0,0.0,PEG
2019-04-08 00:00:00-04:00,48.58074481386587,48.72758862585908,48.20547867744801,48.33600616455078,1737900,0.0,0.0,PEG
2019-04-09 00:00:00-04:00,48.27891032848024,48.77654744601343,48.140223094928025,48.621543884277344,2972400,0.0,0.0,PEG
2019-04-10 00:00:00-04:00,48.74391001907412,49.24154708790353,48.40127649681059,48.51548767089844,2297300,0.0,0.0,PEG
2019-04-11 00:00:00-04:00,48.580742746315174,48.792851848842986,48.393109686091734,48.56442642211914,1970500,0.0,0.0,PEG
2019-04-12 00:00:00-04:00,48.474690294738984,48.88258908124613,48.074951226693614,48.858116149902344,2436900,0.0,0.0,PEG
2019-04-15 00:00:00-04:00,48.939701080322266,49.18443974635464,48.76022460628874,48.939701080322266,1889600,0.0,0.0,PEG
2019-04-16 00:00:00-04:00,48.95601570172448,49.20891409404031,47.74047894360958,47.9281120300293,2022300,0.0,0.0,PEG
2019-04-17 00:00:00-04:00,47.87915715575944,47.98521170877272,47.60178586389286,47.89547348022461,2624000,0.0,0.0,PEG
2019-04-18 00:00:00-04:00,48.091270094321644,49.20075535020611,47.21020717511188,48.026004791259766,7421500,0.0,0.0,PEG
2019-04-22 00:00:00-04:00,47.887314325451065,48.0831039845719,47.45493953018657,47.67520523071289,3138200,0.0,0.0,PEG
2019-04-23 00:00:00-04:00,47.52836903887221,47.879162272308825,47.07152435310994,47.41415786743164,3724500,0.0,0.0,PEG
2019-04-24 00:00:00-04:00,47.422313294677885,48.1157399796789,47.422313294677885,47.8873176574707,1924200,0.0,0.0,PEG
2019-04-25 00:00:00-04:00,47.732318789717674,48.336010415675275,47.63442394378599,48.13206100463867,1971300,0.0,0.0,PEG
2019-04-26 00:00:00-04:00,48.37679845171297,48.670486094099765,48.001532291783604,48.08311080932617,1643600,0.0,0.0,PEG
2019-04-29 00:00:00-04:00,47.936263519646324,48.12389969805533,47.61810296742184,47.8873176574707,1597900,0.0,0.0,PEG
2019-04-30 00:00:00-04:00,47.960744156859796,48.711276494305494,47.79758400593041,48.662330627441406,2182600,0.0,0.0,PEG
2019-05-01 00:00:00-04:00,48.45022421552651,48.531805851578184,47.936270800475214,47.95258712768555,2183200,0.0,0.0,PEG
2019-05-02 00:00:00-04:00,48.13206135119999,48.53180356899922,47.724162526189815,48.32785415649414,2950700,0.0,0.0,PEG
2019-05-03 00:00:00-04:00,48.51548724255629,48.77654224160111,48.197326656971725,48.32785415649414,2137900,0.0,0.0,PEG
2019-05-06 00:00:00-04:00,48.50731912131767,48.50731912131767,47.879154666164546,48.06678771972656,2129100,0.0,0.0,PEG
2019-05-07 00:00:00-04:00,48.05863909443202,48.24627217915194,47.830216749907066,48.00153350830078,2162300,0.0,0.0,PEG
2019-05-08 00:00:00-04:00,47.96073782140374,48.0015270757427,47.112307638262635,47.128623962402344,2233800,0.0,0.0,PEG
2019-05-09 00:00:00-04:00,47.20204798183962,47.61810337398839,46.908360358195424,47.55284118652344,1831200,0.0,0.0,PEG
2019-05-10 00:00:00-04:00,47.37337344516698,48.41759353298616,47.33258418149055,48.38496398925781,1320600,0.0,0.0,PEG
2019-05-13 00:00:00-04:00,48.344159389696394,49.00495649744833,48.29521353046921,48.923377990722656,1788400,0.0,0.0,PEG
2019-05-14 00:00:00-04:00,48.92338659130719,48.97233245913891,48.12390525917108,48.246273040771484,3246300,0.0,0.0,PEG
2019-05-15 00:00:00-04:00,48.33600868216349,48.71943455700794,48.09127002010103,48.42574691772461,1931200,0.0,0.0,PEG
2019-05-16 00:00:00-04:00,48.384955184828705,49.20890936443766,48.27074091048795,48.988643646240234,1707500,0.0,0.0,PEG
2019-05-17 00:00:00-04:00,48.727586125748694,49.42101589392058,48.727586125748694,49.29864501953125,1592000,0.0,0.0,PEG
2019-05-20 00:00:00-04:00,49.437331707371236,49.78812491292427,49.111014545196376,49.249698638916016,1655100,0.0,0.0,PEG
2019-05-21 00:00:00-04:00,49.363906015968816,49.86154299554814,49.2415382565444,49.51074981689453,1636800,0.0,0.0,PEG
2019-05-22 00:00:00-04:00,49.68207342435639,49.92681207377267,49.42101845004292,49.77996826171875,1526400,0.0,0.0,PEG
2019-05-23 00:00:00-04:00,49.853392262167354,50.08181459628283,49.567861232502096,50.07365798950195,1691800,0.0,0.0,PEG
2019-05-24 00:00:00-04:00,50.15524294605013,50.27761384762384,49.80444968102822,49.894187927246094,1489900,0.0,0.0,PEG
2019-05-28 00:00:00-04:00,49.918649275097046,49.92680899305253,48.77653461095469,48.84995651245117,2607600,0.0,0.0,PEG
2019-05-29 00:00:00-04:00,48.956007128706894,48.956007128706894,47.96889289004649,48.06678771972656,2843700,0.0,0.0,PEG
2019-05-30 00:00:00-04:00,48.10757665520332,48.22178780035807,47.61809631765683,47.86283493041992,2027700,0.0,0.0,PEG
2019-05-31 00:00:00-04:00,48.034158165049604,48.13205299469,47.43046663955598,47.93626022338867,2369200,0.0,0.0,PEG
2019-06-03 00:00:00-04:00,48.0912768169645,48.47469963397815,47.70785088792948,48.43391036987305,2389300,0.0,0.0,PEG
2019-06-04 00:00:00-04:00,48.646014738881846,48.65417134609225,47.49574017690961,48.45838165283203,1510800,0.0,0.0,PEG
2019-06-05 00:00:00-04:00,48.48285286308396,49.48628356343197,48.48285286308396,49.27417755126953,2158600,0.0,0.0,PEG
2019-06-06 00:00:00-04:00,49.43861355210118,49.701715846599456,49.26595012298995,49.59482955932617,1649500,0.47,0.0,PEG
2019-06-07 00:00:00-04:00,49.91548803865195,50.326585788539894,49.24951169114671,49.33995056152344,1872800,0.0,0.0,PEG
2019-06-10 00:00:00-04:00,49.282391684549715,49.3152802536509,48.846629121452104,49.22483825683594,1268300,0.0,0.0,PEG
2019-06-11 00:00:00-04:00,49.216628439175835,49.38106818419382,48.525984019242095,48.813751220703125,1422800,0.0,0.0,PEG
2019-06-12 00:00:00-04:00,49.019290500901704,49.57838364241947,49.01106992665584,49.47972106933594,1267000,0.0,0.0,PEG
2019-06-13 00:00:00-04:00,49.59482452732482,49.7181550875442,49.02751085045384,49.331722259521484,3234000,0.0,0.0,PEG
2019-06-14 00:00:00-04:00,49.619496776692486,50.408806834113676,49.43861590089811,50.121036529541016,1832000,0.0,0.0,PEG
2019-06-17 00:00:00-04:00,50.08814601367789,50.31836287568916,49.783934571094555,50.07170486450195,1287500,0.0,0.0,PEG
2019-06-18 00:00:00-04:00,50.41703593141687,50.44992450945778,49.381070814547726,49.81683349609375,1978900,0.0,0.0,PEG
2019-06-19 00:00:00-04:00,49.397502020043646,49.973036301185175,49.3317248813837,49.783931732177734,2557800,0.0,0.0,PEG
2019-06-20 00:00:00-04:00,49.95660384773585,50.37592536493436,49.64417177438766,50.26081848144531,1682500,0.0,0.0,PEG
2019-06-21 00:00:00-04:00,50.3019203189776,50.36769432722236,49.841489715556705,50.19503402709961,2885800,0.0,0.0,PEG
2019-06-24 00:00:00-04:00,50.301919222174156,50.38413751479411,50.005928350459406,50.252586364746094,1433800,0.0,0.0,PEG
2019-06-25 00:00:00-04:00,50.56502089393568,50.56502089393568,49.356392561594795,49.446834564208984,1931300,0.0,0.0,PEG
2019-06-26 00:00:00-04:00,49.26595480448124,49.44683882529732,48.575313568115234,48.575313568115234,2312900,0.0,0.0,PEG
2019-06-27 00:00:00-04:00,48.8137399868693,48.87129341391635,48.19709343728531,48.33686828613281,2061900,0.0,0.0,PEG
2019-06-28 00:00:00-04:00,48.46842804718943,48.66575322176187,48.13954857433255,48.361541748046875,5638200,0.0,0.0,PEG
2019-07-01 00:00:00-04:00,48.36153706429635,48.468423353087104,47.55578588390275,48.032657623291016,2277500,0.0,0.0,PEG
2019-07-02 00:00:00-04:00,48.16420810326325,48.616414946595526,48.16420810326325,48.345088958740234,2179600,0.0,0.0,PEG
2019-07-03 00:00:00-04:00,48.55065005773375,49.28240364751701,48.34510115559565,48.98641586303711,2059800,0.0,0.0,PEG
2019-07-05 00:00:00-04:00,48.67396851056954,48.978179931640625,48.147763954200116,48.978179931640625,1774400,0.0,0.0,PEG
2019-07-08 00:00:00-04:00,48.98639678520398,49.25771959941694,48.73151511670298,49.07683563232422,1436700,0.0,0.0,PEG
2019-07-09 00:00:00-04:00,48.93707729247643,49.41394905890237,48.70686355257612,49.348175048828125,2348600,0.0,0.0,PEG
2019-07-10 00:00:00-04:00,49.42216177166755,49.75926173139822,49.24127779547138,49.512603759765625,1911800,0.0,0.0,PEG
2019-07-11 00:00:00-04:00,49.41395109533573,49.825048868629466,49.22484649599187,49.627723693847656,2007800,0.0,0.0,PEG
2019-07-12 00:00:00-04:00,49.545494309175325,49.83326458617269,49.26594774272375,49.783931732177734,1902200,0.0,0.0,PEG
2019-07-15 00:00:00-04:00,49.701717987769776,50.219702024564924,49.64416455439552,50.19503402709961,2530900,0.0,0.0,PEG
2019-07-16 00:00:00-04:00,50.170370509188395,50.44169339715541,49.5619444503948,49.75104904174805,2428600,0.0,0.0,PEG
2019-07-17 00:00:00-04:00,49.91548114207399,50.31835826132846,49.882592573884544,50.0634765625,2231100,0.0,0.0,PEG
2019-07-18 00:00:00-04:00,49.874378287892526,50.27725545793917,49.55372254868544,50.19503402709961,1741000,0.0,0.0,PEG
2019-07-19 00:00:00-04:00,49.93192792709767,50.13747678393724,49.44683249949921,49.47972106933594,3488500,0.0,0.0,PEG
2019-07-22 00:00:00-04:00,49.5537216387354,49.561942213454955,48.85485360335334,49.14262390136719,2101400,0.0,0.0,PEG
2019-07-23 00:00:00-04:00,49.12617842542004,49.29061814366914,48.61641812163191,48.879520416259766,2094500,0.0,0.0,PEG
2019-07-24 00:00:00-04:00,48.97818026251019,49.0110688316121,48.35331313170689,48.821964263916016,2053500,0.0,0.0,PEG
2019-07-25 00:00:00-04:00,48.846636079696246,49.0604055364524,48.52598032634851,49.04396438598633,2457900,0.0,0.0,PEG
2019-07-26 00:00:00-04:00,49.04397138050725,49.58662037966236,48.772645312715966,48.953529357910156,2203200,0.0,0.0,PEG
2019-07-29 00:00:00-04:00,48.65753325518405,49.01929817071169,48.20532632666771,48.76441955566406,2376800,0.0,0.0,PEG
2019-07-30 00:00:00-04:00,48.58353235526726,48.67397436234652,47.35845967684006,47.59689712524414,3048700,0.0,0.0,PEG
2019-07-31 00:00:00-04:00,47.506449011795866,47.81066356676436,46.70892160986551,46.988468170166016,3755300,0.0,0.0,PEG
2019-08-01 00:00:00-04:00,46.988476769324805,47.34202110547684,46.445827833719115,47.01314163208008,3485900,0.0,0.0,PEG
2019-08-02 00:00:00-04:00,47.16935658375961,47.32557574146113,46.322496193206426,46.75825881958008,3693800,0.0,0.0,PEG
2019-08-05 00:00:00-04:00,46.75003135884047,47.14468477795584,45.68117795668301,45.738731384277344,3100200,0.0,0.0,PEG
2019-08-06 00:00:00-04:00,45.82918400202256,46.848704786909124,45.442751067394575,46.67604446411133,2822400,0.0,0.0,PEG
2019-08-07 00:00:00-04:00,46.56915829500927,47.47357533711497,46.10873076619582,47.004920959472656,3363700,0.0,0.0,PEG
2019-08-08 00:00:00-04:00,46.996696635737734,47.74489444682172,46.824036326201515,47.547569274902344,2420800,0.0,0.0,PEG
2019-08-09 00:00:00-04:00,47.646223551659126,47.78599526269112,47.17757242954662,47.45711898803711,2405400,0.0,0.0,PEG
2019-08-12 00:00:00-04:00,47.325578671151625,47.43246183822744,46.84870372969745,47.05425262451172,1943400,0.0,0.0,PEG
2019-08-13 00:00:00-04:00,47.06247336603153,47.57223371479427,46.87336563468328,47.38312911987305,1747700,0.0,0.0,PEG
2019-08-14 00:00:00-04:00,47.40778896964764,47.77777754512578,47.00491182380995,47.12002182006836,2691700,0.0,0.0,PEG
2019-08-15 00:00:00-04:00,47.13646435243911,47.720222340693375,47.04602235552687,47.49000549316406,1928800,0.0,0.0,PEG
2019-08-16 00:00:00-04:00,47.67088775608562,47.95865802094184,47.58866947265611,47.76955032348633,1843300,0.0,0.0,PEG
2019-08-19 00:00:00-04:00,47.89288362514954,48.27109276884609,47.670890483477216,48.13954162597656,1673900,0.0,0.0,PEG
2019-08-20 00:00:00-04:00,48.20532653684509,48.20532653684509,47.92577992112808,48.05733108520508,1640900,0.0,0.0,PEG
2019-08-21 00:00:00-04:00,47.991551169674736,48.4766466473375,47.90110916150299,48.40264892578125,1323600,0.0,0.0,PEG
2019-08-22 00:00:00-04:00,48.42730962679017,48.75618590026343,48.221760779709435,48.64929962158203,1783300,0.0,0.0,PEG
2019-08-23 00:00:00-04:00,48.83018524077302,49.04395780527221,47.82710582987667,48.04909896850586,2631800,0.0,0.0,PEG
2019-08-26 00:00:00-04:00,48.15599346419375,48.78086384315539,48.0902194506556,48.76441955566406,1260600,0.0,0.0,PEG
2019-08-27 00:00:00-04:00,49.002844127265455,49.43038610763923,48.81373956340472,48.88773727416992,2219200,0.0,0.0,PEG
2019-08-28 00:00:00-04:00,48.90418722033033,49.233066669902435,48.64108491524339,48.92885208129883,1834900,0.0,0.0,PEG
2019-08-29 00:00:00-04:00,49.224835673964556,49.397499084472656,48.895959409488924,49.397499084472656,2136900,0.0,0.0,PEG
2019-08-30 00:00:00-04:00,49.63593729695841,50.04703501250552,49.36461443563918,49.71815872192383,1765000,0.0,0.0,PEG
2019-09-03 00:00:00-04:00,49.84971493864486,50.31836613114904,49.652386635072425,50.30192184448242,2170900,0.0,0.0,PEG
2019-09-04 00:00:00-04:00,50.60613765502576,50.639026231184914,50.17037499841238,50.474586486816406,2709200,0.0,0.0,PEG
2019-09-05 00:00:00-04:00,50.19503064640181,50.44168864945401,49.923707783972404,50.047035217285156,2284200,0.0,0.0,PEG
2019-09-06 00:00:00-04:00,50.22104866739262,50.38676798677805,49.93103906825984,50.06361389160156,1678200,0.47,0.0,PEG
2019-09-09 00:00:00-04:00,49.94760675451907,50.36190343472798,49.715601625068594,50.03046798706055,1877200,0.0,0.0,PEG
2019-09-10 00:00:00-04:00,50.03046648644591,50.66848373413086,49.83989039856589,50.66848373413086,1909700,0.0,0.0,PEG
2019-09-11 00:00:00-04:00,50.6104906518441,51.298221588134766,50.494484910973874,51.298221588134766,1923100,0.0,0.0,PEG
2019-09-12 00:00:00-04:00,51.42250714255609,51.55508195909321,50.85906338206512,50.91706466674805,2518200,0.0,0.0,PEG
2019-09-13 00:00:00-04:00,50.55248286247039,50.82592020664235,49.806750685409924,50.37847900390625,2262200,0.0,0.0,PEG
2019-09-16 00:00:00-04:00,50.39505125150755,50.51105382388365,50.146473859154064,50.37847900390625,1245500,0.0,0.0,PEG
2019-09-17 00:00:00-04:00,50.55246474779236,51.09933607934053,50.43646221698394,50.68503952026367,2187700,0.0,0.0,PEG
2019-09-18 00:00:00-04:00,50.8259248504831,51.2319370517288,50.60220422867424,50.98335647583008,1890200,0.0,0.0,PEG
2019-09-19 00:00:00-04:00,51.03305957785858,51.1904911611112,50.792766771184205,51.140777587890625,1317500,0.0,0.0,PEG
2019-09-20 00:00:00-04:00,51.314787419607605,51.52193576114943,51.041350091572625,51.207069396972656,3240200,0.0,0.0,PEG
2019-09-23 00:00:00-04:00,51.173928474494296,51.55508385176014,51.12421489198841,51.30650329589844,1887100,0.0,0.0,PEG
2019-09-24 00:00:00-04:00,51.39764827147471,51.869946262865305,51.33964698557292,51.4970817565918,2312300,0.0,0.0,PEG
2019-09-25 00:00:00-04:00,51.63793183005144,51.66278861644269,51.2816364745588,51.48878479003906,2412900,0.0,0.0,PEG
2019-09-26 00:00:00-04:00,51.646223129304516,51.81193926456299,51.240211011922845,51.588218688964844,1347700,0.0,0.0,PEG
2019-09-27 00:00:00-04:00,51.671078956601754,51.72908023503022,51.03306173305603,51.3562126159668,1730800,0.0,0.0,PEG
2019-09-30 00:00:00-04:00,51.356210431876285,51.64621997251761,51.20706339059387,51.43907165527344,2250100,0.0,0.0,PEG
2019-10-01 00:00:00-04:00,51.28992965993144,51.39764451969609,50.767914964086835,51.124210357666016,2067200,0.0,0.0,PEG
2019-10-02 00:00:00-04:00,51.05791901267397,51.190493816192514,50.585621077587106,50.78448486328125,2025100,0.0,0.0,PEG
2019-10-03 00:00:00-04:00,50.850769027204095,51.0910618385096,50.444760087526205,51.07448959350586,2199000,0.0,0.0,PEG
2019-10-04 00:00:00-04:00,51.11592333881044,51.66279483102891,50.93363494862617,51.604793548583984,1698700,0.0,0.0,PEG
2019-10-07 00:00:00-04:00,51.505367279052734,51.86994724891367,51.331363418039544,51.505367279052734,1352900,0.0,0.0,PEG
2019-10-08 00:00:00-04:00,51.381057865946076,51.381057865946076,50.67675497984818,50.68503952026367,2152800,0.0,0.0,PEG
2019-10-09 00:00:00-04:00,50.74305298750551,51.30649350027417,50.74305298750551,51.01648712158203,1363200,0.0,0.0,PEG
2019-10-10 00:00:00-04:00,50.87563899199414,51.09107189779419,50.56077259659423,50.96678161621094,1604900,0.0,0.0,PEG
2019-10-11 00:00:00-04:00,50.999914416634105,52.93053822568917,50.859055079921475,51.66278839111328,2190800,0.0,0.0,PEG
2019-10-14 00:00:00-04:00,51.695938173176316,51.861657473972166,51.190495728123715,51.248497009277344,1496000,0.0,0.0,PEG
2019-10-15 00:00:00-04:00,51.28993083981765,51.55508046520878,51.12421153373998,51.25678634643555,1606300,0.0,0.0,PEG
2019-10-16 00:00:00-04:00,51.14907693815642,51.372797564916546,50.90049951758963,51.19050598144531,3082300,0.0,0.0,PEG
2019-10-17 00:00:00-04:00,51.14078472919492,51.546793717742986,50.99992221012412,51.41421890258789,1261700,0.0,0.0,PEG
2019-10-18 00:00:00-04:00,51.2733559335819,51.67936489353803,51.215354653588165,51.61307907104492,1603700,0.0,0.0,PEG
2019-10-21 00:00:00-04:00,51.72907616827927,51.795361983772395,51.472211126266565,51.679359436035156,1267000,0.0,0.0,PEG
2019-10-22 00:00:00-04:00,51.75393459078287,52.01908418280584,51.604787550165895,51.68764877319336,1161400,0.0,0.0,PEG
2019-10-23 00:00:00-04:00,51.87823244467136,52.01909180320418,51.621367356906134,51.9859504699707,1688800,0.0,0.0,PEG
2019-10-24 00:00:00-04:00,51.878233343624764,52.43338940510864,51.878233343624764,52.367103576660156,1202800,0.0,0.0,PEG
2019-10-25 00:00:00-04:00,52.46653801194222,52.582540591443795,52.002524533102694,52.1185302734375,1454400,0.0,0.0,PEG
2019-10-28 00:00:00-04:00,51.878234727782534,52.10195533132708,51.4142212729309,51.53022384643555,1480300,0.0,0.0,PEG
2019-10-29 00:00:00-04:00,51.34793162942297,51.737368360005654,51.27335810044624,51.604793548583984,1683700,0.0,0.0,PEG
2019-10-30 00:00:00-04:00,51.7125062805146,52.40852475948493,51.613075972328126,52.39195251464844,1626300,0.0,0.0,PEG
2019-10-31 00:00:00-04:00,52.4499604345435,52.665396483872875,51.86994443513051,52.458248138427734,2445700,0.0,0.0,PEG
2019-11-01 00:00:00-04:00,52.5411076885119,52.764828287178446,52.110238738579994,52.19309997558594,2092400,0.0,0.0,PEG
2019-11-04 00:00:00-05:00,52.13508508424717,52.483095888283806,51.546784643116695,51.75393295288086,1723300,0.0,0.0,PEG
2019-11-05 00:00:00-05:00,51.33136324798445,51.695943216637566,51.14907168324135,51.30650329589844,2658100,0.0,0.0,PEG
2019-11-06 00:00:00-05:00,51.38935852953949,51.861656473152024,51.25678372362778,51.31478500366211,2734100,0.0,0.0,PEG
2019-11-07 00:00:00-05:00,51.09934925457762,51.190495026808264,50.67676804612873,50.767913818359375,1860100,0.0,0.0,PEG
2019-11-08 00:00:00-05:00,50.67676542511802,50.917058237510346,50.4530448578044,50.90048599243164,1314800,0.0,0.0,PEG
2019-11-11 00:00:00-05:00,50.88390773253922,50.9999102735453,50.32046410979638,50.38675308227539,1138600,0.0,0.0,PEG
2019-11-12 00:00:00-05:00,50.44475433979509,50.51104015142485,50.04702998751995,50.08845901489258,1876300,0.0,0.0,PEG
2019-11-13 00:00:00-05:00,50.0138914482414,50.643620957347615,49.972462415942616,50.60219192504883,2438000,0.0,0.0,PEG
2019-11-14 00:00:00-05:00,50.58562860342216,50.70163117865499,50.12161830249082,50.21276092529297,2111600,0.0,0.0,PEG
2019-11-15 00:00:00-05:00,50.254184271945874,50.46961713644714,50.03874824661205,50.45304489135742,1631600,0.0,0.0,PEG
2019-11-18 00:00:00-05:00,50.62705133671511,51.13249377512657,50.43647524959538,50.544193267822266,1705100,0.0,0.0,PEG
2019-11-19 00:00:00-05:00,50.39504769251852,50.46962122104135,49.864748450059615,50.12989807128906,2769800,0.0,0.0,PEG
2019-11-20 00:00:00-05:00,50.237614382094144,50.759625903146784,50.03875059252692,50.718196868896484,2417000,0.0,0.0,PEG
2019-11-21 00:00:00-05:00,50.32047936787456,50.48619868848899,50.13818779911538,50.31219482421875,1662800,0.0,0.0,PEG
2019-11-22 00:00:00-05:00,50.39504671780278,50.48619249099366,49.715600431439725,50.04703903198242,1533100,0.0,0.0,PEG
2019-11-25 00:00:00-05:00,49.70731236230551,50.013890991515936,49.23501128374819,49.351016998291016,2034700,0.0,0.0,PEG
2019-11-26 00:00:00-05:00,49.42559390733074,49.558168715061385,49.110727553658194,49.3261604309082,2594000,0.0,0.0,PEG
2019-11-27 00:00:00-05:00,49.30958720516035,49.326159450901514,48.829004721997215,49.317874908447266,2400900,0.0,0.0,PEG
2019-11-29 00:00:00-05:00,49.48359828569786,49.7238879666786,49.06101388653131,49.14387512207031,1243300,0.0,0.0,PEG
2019-12-02 00:00:00-05:00,48.89528843545643,49.11900900206493,48.381561482966106,48.58042526245117,2359200,0.0,0.0,PEG
2019-12-03 00:00:00-05:00,48.480989401980516,48.78757117860561,48.406415883454464,48.464420318603516,4022700,0.0,0.0,PEG
2019-12-04 00:00:00-05:00,48.3152792049248,48.9698655468687,48.3152792049248,48.82900619506836,2898800,0.0,0.0,PEG
2019-12-05 00:00:00-05:00,48.804152270490405,48.84558130810833,48.547287179926556,48.67157745361328,3636000,0.0,0.0,PEG
2019-12-06 00:00:00-05:00,48.63843920324006,48.845587578755705,48.539008868025896,48.563865661621094,2039900,0.0,0.0,PEG
2019-12-09 00:00:00-05:00,48.547154404541466,48.6557432215155,48.271509790850544,48.355037689208984,1839200,0.47,0.0,PEG
2019-12-10 00:00:00-05:00,48.446910739850935,48.45526225348658,48.14620526681655,48.18796920776367,4211900,0.0,0.0,PEG
2019-12-11 00:00:00-05:00,48.23809136235885,48.73091354875436,48.06268088577351,48.67244338989258,3395000,0.0,0.0,PEG
2019-12-12 00:00:00-05:00,48.66408398617447,48.98985036512992,48.38008473355633,48.86455535888672,3998300,0.0,0.0,PEG
2019-12-13 00:00:00-05:00,48.8896124515094,49.15690548740284,48.797729872973974,48.90631866455078,3161600,0.0,0.0,PEG
2019-12-16 00:00:00-05:00,49.10679697235113,49.62467690426143,49.07338454154794,49.57455825805664,2915200,0.0,0.0,PEG
2019-12-17 00:00:00-05:00,49.56620038380303,50.05902252257025,49.47431780407593,49.491024017333984,2790800,0.0,0.0,PEG
2019-12-18 00:00:00-05:00,49.557848870366186,49.749965543257225,49.098435971730694,49.491024017333984,4181600,0.0,0.0,PEG
2019-12-19 00:00:00-05:00,49.574562188152946,49.90868014990296,48.98150583311245,48.98986053466797,3911200,0.0,0.0,PEG
2019-12-20 00:00:00-05:00,49.039962259296175,49.32396149130221,48.47196379528411,49.00654983520508,6090400,0.0,0.0,PEG
2019-12-23 00:00:00-05:00,49.04832306967444,49.28220369468413,48.63902878952295,48.94808578491211,2461800,0.0,0.0,PEG
2019-12-24 00:00:00-05:00,48.98150216799689,49.08173627446771,48.822797900552686,48.8729133605957,901800,0.0,0.0,PEG
2019-12-26 00:00:00-05:00,48.931380590973525,49.1652612056293,48.80608558375971,48.97314453125,2963700,0.0,0.0,PEG
2019-12-27 00:00:00-05:00,49.06503539826735,49.11515086050934,48.86456399014456,48.93138885498047,1953900,0.0,0.0,PEG
2019-12-30 00:00:00-05:00,48.831139388303036,49.039962259296175,48.80608166342679,49.00654983520508,2332500,0.0,0.0,PEG
2019-12-31 00:00:00-05:00,49.198667545258346,49.59960705779784,48.94807756183516,49.32395935058594,2877600,0.0,0.0,PEG
2020-01-02 00:00:00-05:00,49.38243983575869,49.407500751178176,48.83950219290131,49.03997039794922,2557800,0.0,0.0,PEG
2020-01-03 00:00:00-05:00,48.906317394874876,49.34066936352141,48.83114103133251,49.031612396240234,2992200,0.0,0.0,PEG
2020-01-06 00:00:00-05:00,49.03997133869485,49.1569116582802,48.53879763007626,48.555503845214844,3605300,0.0,0.0,PEG
2020-01-07 00:00:00-05:00,48.396796066106134,48.44691471118171,47.92903479093956,48.112796783447266,4094400,0.0,0.0,PEG
2020-01-08 00:00:00-05:00,48.20467883360032,48.522090542758505,48.17126640392374,48.41350173950195,3250900,0.0,0.0,PEG
2020-01-09 00:00:00-05:00,48.438560853565164,48.822794221402546,48.329972054346925,48.797733306884766,2081300,0.0,0.0,PEG
2020-01-10 00:00:00-05:00,48.84785871331498,49.1569157531621,48.66409351786724,48.697505950927734,1499400,0.0,0.0,PEG
2020-01-13 00:00:00-05:00,48.64738731603828,48.81444309767917,48.57221093974596,48.655738830566406,1484900,0.0,0.0,PEG
2020-01-14 00:00:00-05:00,48.64738768035139,48.78938573308652,48.43856476535164,48.76432800292969,2290500,0.0,0.0,PEG
2020-01-15 00:00:00-05:00,48.93973412059125,49.449262497554145,48.89797017859427,49.35737991333008,1528600,0.0,0.0,PEG
2020-01-16 00:00:00-05:00,49.424207704545715,49.51609030014964,49.257151915867574,49.29891586303711,2255300,0.0,0.0,PEG
2020-01-17 00:00:00-05:00,49.20702869020963,49.43255780760837,48.89797168624156,49.41585159301758,2976800,0.0,0.0,PEG
2020-01-21 00:00:00-05:00,49.390798132537725,49.8000892730357,49.1485627796149,49.74161911010742,2894600,0.0,0.0,PEG
2020-01-22 00:00:00-05:00,49.90867420099963,50.64373171740289,49.75832145477204,50.36808395385742,4059000,0.0,0.0,PEG
2020-01-23 00:00:00-05:00,50.334676876725595,51.604320654108015,50.284561413577144,51.5709114074707,3560600,0.0,0.0,PEG
2020-01-24 00:00:00-05:00,51.49573402587066,51.89667365519355,51.32032034910414,51.504085540771484,2549500,0.0,0.0,PEG
2020-01-27 00:00:00-05:00,51.512437374134876,51.671144835696,50.36808864255209,50.46832275390625,2514600,0.0,0.0,PEG
2020-01-28 00:00:00-05:00,50.51008613719614,50.593614026058084,49.74997087756746,49.84185028076172,3555300,0.0,0.0,PEG
2020-01-29 00:00:00-05:00,49.917023834784494,50.284554172333465,49.908672320924076,50.20102310180664,1830100,0.0,0.0,PEG
2020-01-30 00:00:00-05:00,50.292903135414235,50.451610568173535,49.78337478338896,50.11749267578125,3091900,0.0,0.0,PEG
2020-01-31 00:00:00-05:00,49.94209056218935,50.109149536303455,49.14856282493605,49.44926834106445,3023100,0.0,0.0,PEG
2020-02-03 00:00:00-05:00,49.649729279255254,49.86690686966775,49.39914244802767,49.5578498840332,1778200,0.0,0.0,PEG
2020-02-04 00:00:00-05:00,49.624678466700466,49.81679517029045,49.257151275448095,49.34067916870117,1952800,0.0,0.0,PEG
2020-02-05 00:00:00-05:00,49.273850632402976,49.97549567176767,49.11514319637554,49.516082763671875,2582700,0.0,0.0,PEG
2020-02-06 00:00:00-05:00,49.55784860804607,49.78337451987508,48.62231978885336,48.722557067871094,2771100,0.0,0.0,PEG
2020-02-07 00:00:00-05:00,48.889617598565145,48.95644245776593,48.16291477987226,48.196327209472656,2728300,0.0,0.0,PEG
2020-02-10 00:00:00-05:00,48.23809041058536,48.538795899589765,47.753619747992786,47.979148864746094,2217300,0.0,0.0,PEG
2020-02-11 00:00:00-05:00,48.15456034252203,48.655734010566356,48.08773548737774,48.29655838012695,2396200,0.0,0.0,PEG
2020-02-12 00:00:00-05:00,48.25479493460351,48.85620589154291,48.25479493460351,48.62232208251953,1876800,0.0,0.0,PEG
2020-02-13 00:00:00-05:00,48.597263078921436,48.92302627658298,48.49702898419121,48.747615814208984,2190200,0.0,0.0,PEG
2020-02-14 00:00:00-05:00,48.906328593278076,49.01491740690007,48.722566585285065,48.84785842895508,2229000,0.0,0.0,PEG
2020-02-18 00:00:00-05:00,48.99821034520059,49.415856189665774,48.86456380242713,49.29891586303711,3242500,0.0,0.0,PEG
2020-02-19 00:00:00-05:00,49.28220112819183,49.323965068142236,49.04832051536206,49.198673248291016,2226500,0.0,0.0,PEG
2020-02-20 00:00:00-05:00,49.14021295702919,49.52444637989971,49.05668187398016,49.43256378173828,3453300,0.0,0.0,PEG
2020-02-21 00:00:00-05:00,49.282215646951926,50.23444777844426,49.21539077423687,50.0840950012207,4165300,0.0,0.0,PEG
2020-02-24 00:00:00-05:00,49.875269692847944,50.25115161811545,49.36574121486146,49.37409591674805,3336200,0.0,0.0,PEG
2020-02-25 00:00:00-05:00,49.340674032202315,49.407498888956034,47.9540901184082,47.9540901184082,3657800,0.0,0.0,PEG
2020-02-26 00:00:00-05:00,49.03161994710025,49.28220680203705,46.375392274723744,46.41715621948242,3943100,0.0,0.0,PEG
2020-02-27 00:00:00-05:00,46.358691005402555,46.44221890383123,44.153521348480695,44.16187286376953,5723000,0.0,0.0,PEG
2020-02-28 00:00:00-05:00,43.35163642356459,43.560459328906646,41.88152138558111,42.85881423950195,6031800,0.0,0.0,PEG
2020-03-02 00:00:00-05:00,42.89221784021208,44.905270255436086,42.825396176213076,44.86350631713867,4264100,0.0,0.0,PEG
2020-03-03 00:00:00-05:00,44.87185700255878,46.16655809226485,44.18691827932372,44.31221008300781,5192500,0.0,0.0,PEG
2020-03-04 00:00:00-05:00,44.79668998612676,46.45056699339326,44.688101184518736,46.433860778808594,2751400,0.0,0.0,PEG
2020-03-05 00:00:00-05:00,45.63197526821892,46.07467874096655,44.62127013752433,45.097389221191406,3736900,0.0,0.0,PEG
2020-03-06 00:00:00-05:00,43.89456795656356,45.9744452063112,43.067631150873986,45.71550369262695,5261100,0.0,0.0,PEG
2020-03-09 00:00:00-04:00,43.20385518276376,44.25740221254913,42.04916853836669,42.78243637084961,4713600,0.49,0.0,PEG
2020-03-10 00:00:00-04:00,43.58313354555385,44.670394871617134,42.47058811917249,44.61982345581055,5151400,0.0,0.0,PEG
2020-03-11 00:00:00-04:00,43.490414973697625,43.53255942205433,40.582628086605105,41.08832931518555,5177400,0.0,0.0,PEG
2020-03-12 00:00:00-04:00,38.86324402856505,43.052148121077465,37.29556550641069,37.582130432128906,7155800,0.0,0.0,PEG
2020-03-13 00:00:00-04:00,39.545933735115305,39.74821614865654,35.59302703972733,37.20284652709961,7933100,0.0,0.0,PEG
2020-03-16 00:00:00-04:00,34.3877731571546,37.83497904171169,33.342656342154015,33.94949722290039,5742000,0.0,0.0,PEG
2020-03-17 00:00:00-04:00,34.741762366952344,36.52857694552011,33.88206774132459,36.30944061279297,7256000,0.0,0.0,PEG
2020-03-18 00:00:00-04:00,34.26977086890468,34.783902232040205,30.881563906350518,32.2469596862793,5646300,0.0,0.0,PEG
2020-03-19 00:00:00-04:00,32.17954312704339,34.303494482795,30.53600899537207,32.98866653442383,5351800,0.0,0.0,PEG
2020-03-20 00:00:00-04:00,32.988669000452504,34.03378922449025,31.614842568542574,31.876123428344727,6740100,0.0,0.0,PEG
2020-03-23 00:00:00-04:00,31.412553135445012,32.12053674432239,29.28860230881288,31.06698989868164,5522700,0.0,0.0,PEG
2020-03-24 00:00:00-04:00,32.4661066031598,34.72491175815302,32.2553971910535,34.37091827392578,3875000,0.0,0.0,PEG
2020-03-25 00:00:00-04:00,34.29506250478987,36.52858354276186,33.351085245742404,34.46363067626953,4929600,0.0,0.0,PEG
2020-03-26 00:00:00-04:00,34.615339443714454,37.354561601689035,34.12649531510289,37.09328079223633,3358100,0.0,0.0,PEG
2020-03-27 00:00:00-04:00,35.778455000240804,38.69467218091883,35.73631376535115,37.48941421508789,3651700,0.0,0.0,PEG
2020-03-30 00:00:00-04:00,37.90240189193069,38.29010635482441,36.6297155172029,37.51469421386719,5166300,0.0,0.0,PEG
2020-03-31 00:00:00-04:00,37.22813590847497,38.63567639730794,36.88257261495771,37.851837158203125,6465800,0.0,0.0,PEG
2020-04-01 00:00:00-04:00,36.284154037365,36.612860150704485,35.087326320573005,36.06501770019531,3904400,0.0,0.0,PEG
2020-04-02 00:00:00-04:00,35.68574350090712,38.38282441770973,35.55931657700612,38.1636848449707,5214800,0.0,0.0,PEG
2020-04-03 00:00:00-04:00,37.792840650528944,38.618821168176005,37.02585851163021,37.38827896118164,4001000,0.0,0.0,PEG
2020-04-06 00:00:00-04:00,38.778958542483146,39.942075390152695,38.28168420447134,39.486942291259766,4289600,0.0,0.0,PEG
2020-04-07 00:00:00-04:00,40.759630669365166,42.00703004841872,40.03478975102458,40.06007385253906,4271100,0.0,0.0,PEG
2020-04-08 00:00:00-04:00,39.73979175448525,43.18699746137045,39.73979175448525,42.86671829223633,4300200,0.0,0.0,PEG
2020-04-09 00:00:00-04:00,43.45670641032454,45.648082813500935,43.439849273048395,44.62825012207031,3819300,0.0,0.0,PEG
2020-04-13 00:00:00-04:00,43.85284176611197,44.37540342243158,43.03529143443601,43.540992736816406,2013600,0.0,0.0,PEG
2020-04-14 00:00:00-04:00,44.333256989695826,45.184524776094655,43.743273234968306,45.074954986572266,4253700,0.0,0.0,PEG
2020-04-15 00:00:00-04:00,43.94556071586647,44.18998444026517,42.90887064688718,43.83599090576172,2886700,0.0,0.0,PEG
2020-04-16 00:00:00-04:00,43.886546549569545,44.51867464838052,43.237561315636576,43.970829010009766,3339200,0.0,0.0,PEG
2020-04-17 00:00:00-04:00,44.7883864978623,46.24649506069189,44.468107331437224,46.03578567504883,3143600,0.0,0.0,PEG
2020-04-20 00:00:00-04:00,45.26880872860359,45.471091176234424,43.51570811487485,43.69270324707031,2911300,0.0,0.0,PEG
2020-04-21 00:00:00-04:00,42.61386223763907,43.19541891533073,41.50131707108217,42.150299072265625,3086400,0.0,0.0,PEG
2020-04-22 00:00:00-04:00,42.97628700203145,43.524129466570976,42.17559070675213,43.06899642944336,2211500,0.0,0.0,PEG
2020-04-23 00:00:00-04:00,43.102716913286784,43.50727859952934,42.150309468390695,42.453731536865234,2066900,0.0,0.0,PEG
2020-04-24 00:00:00-04:00,42.83300220514867,43.49884461286317,42.40315648767459,43.29656219482422,2594400,0.0,0.0,PEG
2020-04-27 00:00:00-04:00,43.53257200997853,44.02984642178202,43.178578475475085,43.83599090576172,2105100,0.0,0.0,PEG
2020-04-28 00:00:00-04:00,44.36696886086317,45.01595417105619,43.56627253191489,43.72641372680664,1828700,0.0,0.0,PEG
2020-04-29 00:00:00-04:00,44.54396237481896,44.796816207092476,43.49884563341257,44.08040237426758,2176400,0.0,0.0,PEG
2020-04-30 00:00:00-04:00,43.87812813881334,43.95398365405714,42.251451257050924,42.74029541015625,2310400,0.0,0.0,PEG
2020-05-01 00:00:00-04:00,42.31045004927001,42.445303942675096,41.32432834141931,41.64460754394531,2240600,0.0,0.0,PEG
2020-05-04 00:00:00-04:00,41.91431226223781,41.91431226223781,40.39720526870428,41.41703796386719,2168900,0.0,0.0,PEG
2020-05-05 00:00:00-04:00,41.467614881315086,42.38630808959115,41.417043462587465,42.00703048706055,2276300,0.0,0.0,PEG
2020-05-06 00:00:00-04:00,42.20931481916699,42.23459892206707,40.47306794788118,40.49835205078125,2146800,0.0,0.0,PEG
2020-05-07 00:00:00-04:00,41.079909086556185,41.164191566741316,40.18650000680932,40.30449676513672,2169600,0.0,0.0,PEG
2020-05-08 00:00:00-04:00,40.78490730279241,41.29903870724862,40.53205668843509,41.105186462402344,2121800,0.0,0.0,PEG
2020-05-11 00:00:00-04:00,40.768048132224145,40.78490526769616,39.596504545862906,40.6247673034668,2481100,0.0,0.0,PEG
2020-05-12 00:00:00-04:00,40.5994880094604,40.65005942586228,39.444801330566406,39.444801330566406,2794800,0.0,0.0,PEG
2020-05-13 00:00:00-04:00,39.25094718345196,39.27623128286072,37.455702176512894,37.893978118896484,3538900,0.0,0.0,PEG
2020-05-14 00:00:00-04:00,37.523129931231054,39.30994472362198,36.97528421109923,39.259376525878906,4694800,0.0,0.0,PEG
2020-05-15 00:00:00-04:00,39.06552028190847,39.26780271441106,37.893976568083545,38.31539535522461,4422700,0.0,0.0,PEG
2020-05-18 00:00:00-04:00,39.3689452549131,42.08288347506509,39.20037708446924,41.59403610229492,4632800,0.0,0.0,PEG
2020-05-19 00:00:00-04:00,41.324323564443795,41.56874722272659,40.58262884403884,40.877620697021484,4613200,0.0,0.0,PEG
2020-05-20 00:00:00-04:00,41.273754599411035,41.77102886742213,40.75962319509126,41.08832931518555,2767700,0.0,0.0,PEG
2020-05-21 00:00:00-04:00,40.902902226391035,41.54346051718054,40.464626347211336,40.51519775390625,1846100,0.0,0.0,PEG
2020-05-22 00:00:00-04:00,40.557342529296875,40.58262984243897,40.1527808858949,40.557342529296875,1168500,0.0,0.0,PEG
2020-05-26 00:00:00-04:00,41.61088593730209,42.46215360180218,41.551887570277714,41.636173248291016,1483500,0.0,0.0,PEG
2020-05-27 00:00:00-04:00,42.453725457476224,42.799288715938445,41.50974832475478,42.06602096557617,2633400,0.0,0.0,PEG
2020-05-28 00:00:00-04:00,42.66443127722926,43.2628483166889,41.981734993101554,43.00999450683594,3297000,0.0,0.0,PEG
2020-05-29 00:00:00-04:00,42.78243589880362,43.0942881311019,42.251450516573165,43.0184326171875,4433100,0.0,0.0,PEG
2020-06-01 00:00:00-04:00,42.91728993990638,44.434400223545786,42.83300746422435,44.01298141479492,2330900,0.0,0.0,PEG
2020-06-02 00:00:00-04:00,44.2489784719565,44.34169113175361,43.44828202800126,44.05512619018555,2032500,0.0,0.0,PEG
2020-06-03 00:00:00-04:00,44.409114862560465,44.78839245015729,44.08883886874137,44.459686279296875,1743300,0.0,0.0,PEG
2020-06-04 00:00:00-04:00,44.071976426468446,44.265828677875234,43.21228173642305,43.776981353759766,2370000,0.0,0.0,PEG
2020-06-05 00:00:00-04:00,44.48496801667442,46.06107666193315,44.16469203987101,45.074954986572266,2329900,0.0,0.0,PEG
2020-06-08 00:00:00-04:00,45.08345169204849,47.40567438038295,45.08345169204849,47.21002960205078,3050500,0.49,0.0,PEG
2020-06-09 00:00:00-04:00,46.65713825969076,46.65713825969076,45.18554609785314,45.65339279174805,2731700,0.0,0.0,PEG
2020-06-10 00:00:00-04:00,45.42371230117675,45.466243216806326,44.34341017070091,44.4029541015625,4257500,0.0,0.0,PEG
2020-06-11 00:00:00-04:00,43.48427670373233,43.662911765682516,42.03820265997667,42.53157043457031,2992700,0.0,0.0,PEG
2020-06-12 00:00:00-04:00,43.5693445466837,43.63739337633345,41.62139771882413,42.284889221191406,2385500,0.0,0.0,PEG
2020-06-15 00:00:00-04:00,41.366200557436635,42.625134477740474,40.76224987517598,42.446502685546875,2653900,0.0,0.0,PEG
2020-06-16 00:00:00-04:00,43.56082759565136,44.33490193999571,42.88032321242021,43.144020080566406,2232100,0.0,0.0,PEG
2020-06-17 00:00:00-04:00,43.22057828439529,43.35667916500265,42.54007063645751,42.922855377197266,1739300,0.0,0.0,PEG
2020-06-18 00:00:00-04:00,42.60812248911023,42.948376311401326,42.27637679707193,42.84629821777344,1723800,0.0,0.0,PEG
2020-06-19 00:00:00-04:00,43.450252397201055,43.4842751862364,41.43425369262695,41.43425369262695,4546300,0.0,0.0,PEG
2020-06-22 00:00:00-04:00,41.38321272869693,41.99566503871384,41.07698495123808,41.7915153503418,1826600,0.0,0.0,PEG
2020-06-23 00:00:00-04:00,42.25935781915662,42.49753351421597,41.485283565313274,41.7149543762207,1707000,0.0,0.0,PEG
2020-06-24 00:00:00-04:00,41.24712537492294,41.48530117106056,40.37097267002752,40.96641540527344,2430600,0.0,0.0,PEG
2020-06-25 00:00:00-04:00,40.81329156782746,40.8388094698242,40.03921717321612,40.804786682128906,2470100,0.0,0.0,PEG
2020-06-26 00:00:00-04:00,40.74523731127234,41.23009685392638,39.72447918387939,40.40498352050781,3910900,0.0,0.0,PEG
2020-06-29 00:00:00-04:00,40.78777543548199,41.93612650377339,40.532586669739594,41.85956954956055,2458300,0.0,0.0,PEG
2020-06-30 00:00:00-04:00,41.93611971542744,42.32740930921978,41.34918532473892,41.81703186035156,3386800,0.0,0.0,PEG
2020-07-01 00:00:00-04:00,41.83405663460685,42.91435900846574,41.6299036507297,42.31891632080078,2616900,0.0,0.0,PEG
2020-07-02 00:00:00-04:00,42.71870729648152,43.04194487210183,42.480528312723145,42.62513732910156,1594000,0.0,0.0,PEG
2020-07-06 00:00:00-04:00,43.101487062900915,43.790499594447276,42.599617703443606,43.058956146240234,2351700,0.0,0.0,PEG
2020-07-07 00:00:00-04:00,42.59111171136615,42.84630046904236,42.10625209831102,42.77825164794922,1822500,0.0,0.0,PEG
2020-07-08 00:00:00-04:00,42.642148718908246,43.441740986644874,42.51455272372962,43.27161407470703,2636400,0.0,0.0,PEG
2020-07-09 00:00:00-04:00,42.84629642864808,42.8973354733308,41.73197153473225,42.35293197631836,2981900,0.0,0.0,PEG
2020-07-10 00:00:00-04:00,42.35293896733427,43.40772010567881,42.24235597471866,43.033443450927734,3166000,0.0,0.0,PEG
2020-07-13 00:00:00-04:00,43.3481666476271,44.21581089052639,43.14401696982764,44.071205139160156,3269200,0.0,0.0,PEG
2020-07-14 00:00:00-04:00,44.011660014723375,44.30937963878555,43.416217521698485,43.824520111083984,2643800,0.0,0.0,PEG
2020-07-15 00:00:00-04:00,44.39445452769519,45.25359411553975,43.89258183877752,44.573089599609375,3863100,0.0,0.0,PEG
2020-07-16 00:00:00-04:00,44.564572133423404,45.14300166203195,44.13075160941741,45.006900787353516,1951800,0.0,0.0,PEG
2020-07-17 00:00:00-04:00,45.21956172024065,46.86128045933933,45.10897873791921,46.85277557373047,4412900,0.0,0.0,PEG
2020-07-20 00:00:00-04:00,46.38491445113731,46.43595348706906,44.9048181030194,44.930335998535156,2038200,0.0,0.0,PEG
2020-07-21 00:00:00-04:00,44.53055034725271,45.2791068517713,44.309387621661436,44.462501525878906,2058500,0.0,0.0,PEG
2020-07-22 00:00:00-04:00,44.19030137655148,45.13450273900043,43.48427576502614,45.07495880126953,2923500,0.0,0.0,PEG
2020-07-23 00:00:00-04:00,44.955868425530014,45.48326223259809,44.55607387198644,44.8367805480957,1810200,0.0,0.0,PEG
2020-07-24 00:00:00-04:00,45.07495714274876,45.4492337725575,44.309387621661436,44.462501525878906,1694100,0.0,0.0,PEG
2020-07-27 00:00:00-04:00,44.37743392332795,44.5050299178981,43.39070173267505,44.22432327270508,1704000,0.0,0.0,PEG
2020-07-28 00:00:00-04:00,44.105234022861,44.78574169605586,44.105234022861,44.58158874511719,1553700,0.0,0.0,PEG
2020-07-29 00:00:00-04:00,44.7006655956206,44.80274042347768,44.10522315080381,44.73469161987305,2133600,0.0,0.0,PEG
2020-07-30 00:00:00-04:00,44.20731159157298,44.70067607934199,43.858552873441106,44.5645751953125,1394200,0.0,0.0,PEG
2020-07-31 00:00:00-04:00,44.20731910973008,47.74594594119752,44.20731910973008,47.58432388305664,4457800,0.0,0.0,PEG
2020-08-03 00:00:00-04:00,47.210038228210074,47.36315212529905,45.900065217515944,46.33388900756836,2912900,0.0,0.0,PEG
2020-08-04 00:00:00-04:00,46.41895538257463,47.81399036372309,46.23181543562501,47.33763885498047,2686000,0.0,0.0,PEG
2020-08-05 00:00:00-04:00,47.575802900385675,47.575802900385675,46.274338213017835,46.427452087402344,1944200,0.0,0.0,PEG
2020-08-06 00:00:00-04:00,45.62786709022404,46.52953752882049,45.38969134017644,46.469993591308594,1777500,0.0,0.0,PEG
2020-08-07 00:00:00-04:00,46.05318361984653,47.584319495621635,46.05318361984653,47.33763885498047,1801200,0.0,0.0,PEG
2020-08-10 00:00:00-04:00,47.43971008643844,47.745937887152785,46.98887651588734,47.08244323730469,1511900,0.0,0.0,PEG
2020-08-11 00:00:00-04:00,47.43970907384354,47.830998702003825,46.291354845676224,46.33388900756836,1531000,0.0,0.0,PEG
2020-08-12 00:00:00-04:00,46.538040112745925,47.5162674575945,46.37642132533748,47.235557556152344,1987400,0.0,0.0,PEG
2020-08-13 00:00:00-04:00,46.895311080057674,47.34614469416316,46.52103117862548,47.17601776123047,1439200,0.0,0.0,PEG
2020-08-14 00:00:00-04:00,47.10795630544587,47.32911898753413,46.606083772541226,46.9293212890625,1016900,0.0,0.0,PEG
2020-08-17 00:00:00-04:00,46.81875637324728,46.92083123995351,46.299870663063274,46.54655456542969,1419500,0.0,0.0,PEG
2020-08-18 00:00:00-04:00,46.49550500105236,46.7677067473489,45.90857059401932,46.38492202758789,2050800,0.0,0.0,PEG
2020-08-19 00:00:00-04:00,46.56356625040725,46.580576023619855,46.05318544169091,46.22331237792969,1197800,0.0,0.0,PEG
2020-08-20 00:00:00-04:00,45.87455155058912,46.138248452115505,45.59384163171574,45.80649948120117,1121300,0.0,0.0,PEG
2020-08-21 00:00:00-04:00,45.98513084353133,45.98513084353133,44.92184168159628,45.32163619995117,2082200,0.0,0.0,PEG
2020-08-24 00:00:00-04:00,45.48325781306522,45.86603931193804,45.05794215218345,45.849029541015625,1390500,0.0,0.0,PEG
2020-08-25 00:00:00-04:00,45.96811759790507,45.97662248340162,45.125991158103155,45.59383773803711,1280100,0.0,0.0,PEG
2020-08-26 00:00:00-04:00,45.125997225262424,45.15151837498535,44.34341785832306,44.61561965942383,1475500,0.0,0.0,PEG
2020-08-27 00:00:00-04:00,44.88781389381013,45.08345870256524,44.156270459829656,44.47951126098633,2205300,0.0,0.0,PEG
2020-08-28 00:00:00-04:00,44.4965306420032,44.53906156392127,43.85855707852817,44.368934631347656,2792600,0.0,0.0,PEG
2020-08-31 00:00:00-04:00,44.4029589816655,44.65814774839035,44.156275101040954,44.43698501586914,1916500,0.0,0.0,PEG
2020-09-01 00:00:00-04:00,44.079711896815915,44.079711896815915,43.16953670277315,43.38219451904297,1463200,0.0,0.0,PEG
2020-09-02 00:00:00-04:00,43.32265306518235,45.16852145830987,43.11850012214336,45.01540756225586,2202000,0.0,0.0,PEG
2020-09-03 00:00:00-04:00,45.31313082256412,45.704420451132755,43.84153902780742,44.25834655761719,1680800,0.0,0.0,PEG
2020-09-04 00:00:00-04:00,44.37743653115341,44.76872942320896,43.688427205707804,44.6751594543457,2271900,0.0,0.0,PEG
2020-09-08 00:00:00-04:00,44.75243496074444,44.838301154489336,43.89379267605769,44.64939880371094,2656000,0.49,0.0,PEG
2020-09-09 00:00:00-04:00,44.898417803844225,46.443973672598226,44.81255158724269,45.87726974487305,3619000,0.0,0.0,PEG
2020-09-10 00:00:00-04:00,45.48228980235413,45.82574480331667,44.88982443929681,44.90699768066406,2377100,0.0,0.0,PEG
2020-09-11 00:00:00-04:00,44.95851378092959,45.147416145282264,44.22008083896254,44.98427200317383,1606100,0.0,0.0,PEG
2020-09-14 00:00:00-04:00,45.1645824818445,45.31055337224443,44.786781058947625,45.061546325683594,1422300,0.0,0.0,PEG
2020-09-15 00:00:00-04:00,45.24186247284876,45.24186247284876,44.20290605609464,44.348876953125,1762500,0.0,0.0,PEG
2020-09-16 00:00:00-04:00,44.38321880247765,45.65400899895291,44.18573146878153,45.50804138183594,2213800,0.0,0.0,PEG
2020-09-17 00:00:00-04:00,45.08731075853316,45.602498161247105,44.57212663128001,44.8554801940918,1931500,0.0,0.0,PEG
2020-09-18 00:00:00-04:00,44.64939299272911,45.061540842683726,43.82509729281988,44.07410430908203,3654300,0.0,0.0,PEG
2020-09-21 00:00:00-04:00,43.66195654728743,44.263006769738965,43.20687720871965,43.93672180175781,1681300,0.0,0.0,PEG
2020-09-22 00:00:00-04:00,44.53777590323845,45.28479707463573,44.254425642901246,45.05296325683594,2112200,0.0,0.0,PEG
2020-09-23 00:00:00-04:00,45.095894905798204,45.29338224575762,44.50343288591995,44.58070755004883,1890500,0.0,0.0,PEG
2020-09-24 00:00:00-04:00,44.529187477766484,46.315161649260695,44.357458373180826,45.91160202026367,3414700,0.0,0.0,PEG
2020-09-25 00:00:00-04:00,45.55955887302513,46.667204883959535,45.32772507293368,46.47830581665039,2392700,0.0,0.0,PEG
2020-09-28 00:00:00-04:00,46.85611198720559,47.371296078332435,46.6156931814078,46.66720962524414,1622100,0.0,0.0,PEG
2020-09-29 00:00:00-04:00,46.88186358395706,47.52584524459087,46.66720303041246,47.053592681884766,1802400,0.0,0.0,PEG
2020-09-30 00:00:00-04:00,47.37987838068731,47.568780718905295,46.82175962256699,47.14804458618164,2886800,0.0,0.0,PEG
2020-10-01 00:00:00-04:00,47.19097592463271,47.54301910604889,46.770243068419795,47.28542709350586,2277700,0.0,0.0,PEG
2020-10-02 00:00:00-04:00,46.8732807106233,48.43600934865757,46.52123751799932,48.04103469848633,3631400,0.0,0.0,PEG
2020-10-05 00:00:00-04:00,48.12690031653136,48.85674823766632,47.70616742329419,48.358734130859375,1907900,0.0,0.0,PEG
2020-10-06 00:00:00-04:00,48.41884466882779,48.89968559454494,47.70617317628611,47.998111724853516,2456000,0.0,0.0,PEG
2020-10-07 00:00:00-04:00,48.4102530095603,49.234548818141796,48.4102530095603,48.96836853027344,2112200,0.0,0.0,PEG
2020-10-08 00:00:00-04:00,49.05423818214788,50.2219922976871,49.04564992442327,50.14471435546875,1463500,0.0,0.0,PEG
2020-10-09 00:00:00-04:00,50.35078242263941,50.393713881246796,49.24313310308317,49.4234504699707,2202700,0.0,0.0,PEG
2020-10-12 00:00:00-04:00,49.38910818249428,49.83560259589914,49.14868937353036,49.59518051147461,1943700,0.0,0.0,PEG
2020-10-13 00:00:00-04:00,49.183021124781405,49.76689804669235,48.77087328733719,49.73255157470703,2469800,0.0,0.0,PEG
2020-10-14 00:00:00-04:00,49.732558033738336,50.37653972753097,49.67245333768784,49.818424224853516,1386400,0.0,0.0,PEG
2020-10-15 00:00:00-04:00,49.37193784073257,50.55686526603918,49.29465989396343,50.18764877319336,1445100,0.0,0.0,PEG
2020-10-16 00:00:00-04:00,50.38512041153701,51.37256017045858,50.02448901397635,51.08920669555664,2545400,0.0,0.0,PEG
2020-10-19 00:00:00-04:00,51.12355316684047,51.398318386191555,50.702817082262996,51.08920669555664,1946800,0.0,0.0,PEG
2020-10-20 00:00:00-04:00,51.32962873067043,51.58722400633526,51.080624986566406,51.42407989501953,1519800,0.0,0.0,PEG
2020-10-21 00:00:00-04:00,51.329637471475785,51.66450745631232,51.06346044530344,51.10639190673828,2199300,0.0,0.0,PEG
2020-10-22 00:00:00-04:00,51.235181171960924,52.282725758702156,50.780101830391146,52.26555252075195,1571400,0.0,0.0,PEG
2020-10-23 00:00:00-04:00,52.32566780929807,52.42870725785989,51.89634660000643,52.308494567871094,1845300,0.0,0.0,PEG
2020-10-26 00:00:00-04:00,51.90492885864805,52.36859649719729,51.50136592041514,52.360008239746094,1840200,0.0,0.0,PEG
2020-10-27 00:00:00-04:00,52.34282790321463,53.14136541395669,52.17968706382757,52.377174377441406,1789900,0.0,0.0,PEG
2020-10-28 00:00:00-04:00,51.71601895216644,52.12816681223604,50.239153330322054,50.38512420654297,2509500,0.0,0.0,PEG
2020-10-29 00:00:00-04:00,50.23915848288675,51.77612895390785,49.93863499434536,51.27811813354492,2627700,0.0,0.0,PEG
2020-10-30 00:00:00-04:00,50.805869902726364,51.2781258492945,49.31183394137165,49.930057525634766,3240600,0.0,0.0,PEG
2020-11-02 00:00:00-05:00,50.56543978582927,50.81444681561217,49.80124873449427,50.22198486328125,3326100,0.0,0.0,PEG
2020-11-03 00:00:00-05:00,51.08063276202805,51.535712140843835,50.55686042578924,50.934661865234375,1702300,0.0,0.0,PEG
2020-11-04 00:00:00-05:00,51.03769990665115,51.65592344439794,50.01591669328463,50.14471435546875,1898400,0.0,0.0,PEG
2020-11-05 00:00:00-05:00,50.55686168152446,51.2094284159492,50.05884755421933,50.479583740234375,1721800,0.0,0.0,PEG
2020-11-06 00:00:00-05:00,50.31643636580974,50.7801039837468,50.13612227287657,50.16188049316406,1502700,0.0,0.0,PEG
2020-11-09 00:00:00-05:00,52.41151413612899,53.36460738331068,51.776117546188,51.844810485839844,2495700,0.0,0.0,PEG
2020-11-10 00:00:00-05:00,51.87058231540669,52.15393585265538,51.39832969545271,52.145347595214844,1931500,0.0,0.0,PEG
2020-11-11 00:00:00-05:00,52.48021553310111,52.58325496561497,51.630161505354216,52.27414321899414,1655800,0.0,0.0,PEG
2020-11-12 00:00:00-05:00,51.621579607726396,51.75037727650566,50.47099867325976,50.814456939697266,1859900,0.0,0.0,PEG
2020-11-13 00:00:00-05:00,51.149320205355444,51.458431949309265,50.788692021049556,50.98617935180664,3022200,0.0,0.0,PEG
2020-11-16 00:00:00-05:00,51.887756296510375,51.95644597971401,50.88314306654023,51.10639190673828,4382900,0.0,0.0,PEG
2020-11-17 00:00:00-05:00,50.926083950151735,51.04629336686264,50.60838389117469,50.70283508300781,3758800,0.0,0.0,PEG
2020-11-18 00:00:00-05:00,50.986181178003555,50.986181178003555,49.59517828038915,49.646697998046875,2652000,0.0,0.0,PEG
2020-11-19 00:00:00-05:00,49.646693242126815,49.646693242126815,48.80522425375553,49.4749641418457,2496900,0.0,0.0,PEG
2020-11-20 00:00:00-05:00,49.629524171634415,50.17046973652869,49.24313448242422,49.9815673828125,5497100,0.0,0.0,PEG
2020-11-23 00:00:00-05:00,50.2391584294869,50.574031670526125,49.80125230729771,50.16188049316406,2038400,0.0,0.0,PEG
2020-11-24 00:00:00-05:00,50.37654382823714,51.43267677443249,50.18764474332769,51.2437744140625,2299100,0.0,0.0,PEG
2020-11-25 00:00:00-05:00,51.23518347271573,51.51853699842807,51.01193792025844,51.49277877807617,1982500,0.0,0.0,PEG
2020-11-27 00:00:00-05:00,51.35539664469573,51.49277928034651,50.531097555330625,50.960418701171875,898700,0.0,0.0,PEG
2020-11-30 00:00:00-05:00,50.72858820721808,50.72858820721808,49.95580883387384,50.04167175292969,3996400,0.0,0.0,PEG
2020-12-01 00:00:00-05:00,50.56543550260238,50.88313217979982,49.234540830111605,49.38050842285156,2521500,0.0,0.0,PEG
2020-12-02 00:00:00-05:00,49.234547471576136,49.83559771052572,48.9511939526795,49.54365921020508,3046900,0.0,0.0,PEG
2020-12-03 00:00:00-05:00,49.28607131090374,49.70680422055441,48.81381540655627,49.483558654785156,2688100,0.0,0.0,PEG
2020-12-04 00:00:00-05:00,49.440627193151904,49.74973568218766,49.191620130034245,49.483558654785156,3045000,0.0,0.0,PEG
2020-12-07 00:00:00-05:00,49.26889924606211,49.7754983665206,49.097170119973356,49.3976936340332,2085500,0.0,0.0,PEG
2020-12-08 00:00:00-05:00,49.14869064442289,49.2860732924491,48.65926148065252,49.14010238647461,2509500,0.0,0.0,PEG
2020-12-09 00:00:00-05:00,49.3133064811096,49.58178546072612,48.90626175531606,49.27000427246094,1597100,0.49,0.0,PEG
2020-12-10 00:00:00-05:00,49.10545996446606,49.42590030824182,48.34332845410345,49.01885223388672,1697100,0.0,0.0,PEG
2020-12-11 00:00:00-05:00,48.68109250893662,49.17474503207763,48.6031471998224,48.9149284362793,1626100,0.0,0.0,PEG
2020-12-14 00:00:00-05:00,49.25269194024332,49.68572071521512,48.69841563687899,48.87162780761719,2589600,0.0,0.0,PEG
2020-12-15 00:00:00-05:00,49.17473871096957,50.17070605454287,48.828317729017826,50.06678009033203,1990900,0.0,0.0,PEG
2020-12-16 00:00:00-05:00,49.91089304220944,50.387223991115384,49.417240547411836,49.49518585205078,2054000,0.0,0.0,PEG
2020-12-17 00:00:00-05:00,49.82428296199387,50.19668792172649,49.51250175814825,49.529823303222656,2246900,0.0,0.0,PEG
2020-12-18 00:00:00-05:00,49.51250370959474,49.711699833928,48.84564236855467,49.20938491821289,4616500,0.0,0.0,PEG
2020-12-21 00:00:00-05:00,48.733056909226036,49.28733319186118,48.421275674306955,48.90626907348633,3160300,0.0,0.0,PEG
2020-12-22 00:00:00-05:00,48.897602669349496,49.09679548572871,48.62912697515215,48.836978912353516,2009200,0.0,0.0,PEG
2020-12-23 00:00:00-05:00,49.19206115178858,49.651073834263315,48.95822525024414,48.95822525024414,1527700,0.0,0.0,PEG
2020-12-24 00:00:00-05:00,48.96689026546985,49.52982564008703,48.940906294758825,49.49518585205078,773000,0.0,0.0,PEG
2020-12-28 00:00:00-05:00,49.919544548118424,49.97150917786627,49.529818084376,49.64240646362305,1038700,0.0,0.0,PEG
2020-12-29 00:00:00-05:00,49.72901138069672,50.144721815404345,49.27866446663223,49.43455505371094,1946300,0.0,0.0,PEG
2020-12-30 00:00:00-05:00,49.33063863707737,49.94553872190417,49.33063863707737,49.67706298828125,1188100,0.0,0.0,PEG
2020-12-31 00:00:00-05:00,49.607763389494956,50.52578535945642,49.529818096727034,50.49114227294922,1860400,0.0,0.0,PEG
2021-01-04 00:00:00-05:00,50.35257916301442,51.01944378998594,48.10083113469902,48.265380859375,3856800,0.0,0.0,PEG
2021-01-05 00:00:00-05:00,48.24805244135699,48.5425120619227,47.598509452204375,48.2740364074707,2882500,0.0,0.0,PEG
2021-01-06 00:00:00-05:00,48.70706993688246,49.40857432090946,48.37796719775745,49.28732681274414,2320500,0.0,0.0,PEG
2021-01-07 00:00:00-05:00,49.19205622815215,49.38258990006158,48.308677345317356,48.5858154296875,2791700,0.0,0.0,PEG
2021-01-08 00:00:00-05:00,48.66376050609942,49.7896376855637,48.60313675689707,49.63374710083008,2925800,0.0,0.0,PEG
2021-01-11 00:00:00-05:00,49.39991843346415,49.763660981765106,49.027513460443444,49.34795379638672,2500900,0.0,0.0,PEG
2021-01-12 00:00:00-05:00,49.321974980486125,49.832949034473494,48.78502025885865,49.66839599609375,2356000,0.0,0.0,PEG
2021-01-13 00:00:00-05:00,49.86758959069499,51.0021227365681,49.720358106146485,50.82025146484375,2677500,0.0,0.0,PEG
2021-01-14 00:00:00-05:00,50.595070567307076,50.820247336265346,50.01481370835061,50.040794372558594,1894100,0.0,0.0,PEG
2021-01-15 00:00:00-05:00,49.98017316705773,51.5823813843764,49.64241130015588,51.426490783691406,3101300,0.0,0.0,PEG
2021-01-19 00:00:00-05:00,51.64301797224814,51.64301797224814,50.3266099636612,50.38723373413086,2093700,0.0,0.0,PEG
2021-01-20 00:00:00-05:00,50.23132850151207,51.48711237479922,49.85026444015977,51.32255935668945,2486000,0.0,0.0,PEG
2021-01-21 00:00:00-05:00,51.1839974776723,51.383193612107064,50.465171462908295,50.534454345703125,1749300,0.0,0.0,PEG
2021-01-22 00:00:00-05:00,50.283297132200104,50.742306527114586,49.91955128238811,50.543113708496094,1375700,0.0,0.0,PEG
2021-01-25 00:00:00-05:00,50.48248976876975,51.04542513142318,50.066782587445886,50.68168258666992,2284200,0.0,0.0,PEG
2021-01-26 00:00:00-05:00,50.82890586885459,50.89819204427059,50.04079379410439,50.517127990722656,1430100,0.0,0.0,PEG
2021-01-27 00:00:00-05:00,50.11008314698169,50.45650413478804,48.464572717724096,48.810997009277344,2233300,0.0,0.0,PEG
2021-01-28 00:00:00-05:00,48.897606711857335,50.28330072399606,48.802339856202806,49.4085807800293,1705400,0.0,0.0,PEG
2021-01-29 00:00:00-05:00,48.97555378856116,49.451884780280665,48.12681778606611,48.87162780761719,2096300,0.0,0.0,PEG
2021-02-01 00:00:00-05:00,48.94956871957819,49.79830464578718,48.25672340264709,49.49518585205078,1284700,0.0,0.0,PEG
2021-02-02 00:00:00-05:00,49.76366369103259,51.088733926797815,49.460544884279194,50.534454345703125,2613100,0.0,0.0,PEG
2021-02-03 00:00:00-05:00,50.395877424748655,50.80292544789752,50.11008020915764,50.31793212890625,1706900,0.0,0.0,PEG
2021-02-04 00:00:00-05:00,50.25731117205179,51.04542329440162,50.17070675129783,50.71632385253906,1423800,0.0,0.0,PEG
2021-02-05 00:00:00-05:00,51.088729740838,51.521758460003866,50.64703859719052,51.37452697753906,1953400,0.0,0.0,PEG
2021-02-08 00:00:00-05:00,51.40050693938657,51.95478646747358,50.56909260287639,50.932838439941406,1643500,0.0,0.0,PEG
2021-02-09 00:00:00-05:00,51.08007028034961,51.22730177135773,50.413205617688774,50.863555908203125,1513900,0.0,0.0,PEG
2021-02-10 00:00:00-05:00,51.1753272873372,51.235951035575354,50.707655540574414,50.967472076416016,1615800,0.0,0.0,PEG
2021-02-11 00:00:00-05:00,50.89819536141395,51.06274508313096,50.45650422371773,50.72498321533203,1405300,0.0,0.0,PEG
2021-02-12 00:00:00-05:00,50.41319574138916,50.8808674865047,50.239983616856016,50.46516036987305,1251400,0.0,0.0,PEG
2021-02-16 00:00:00-05:00,50.447854487897466,50.61240424022562,49.65108309294322,50.18803787231445,2307300,0.0,0.0,PEG
2021-02-17 00:00:00-05:00,50.257311779484525,50.43918635126108,49.71169797539564,50.239990234375,1331500,0.0,0.0,PEG
2021-02-18 00:00:00-05:00,50.214006002069276,50.92417278238468,50.023472323144325,50.66435623168945,1113800,0.0,0.0,PEG
2021-02-19 00:00:00-05:00,50.70765382821472,50.71631625123993,49.772313670021404,50.014808654785156,3815100,0.0,0.0,PEG
2021-02-22 00:00:00-05:00,49.95419224106064,50.01481599615016,48.6551061112905,49.44321823120117,2013300,0.0,0.0,PEG
2021-02-23 00:00:00-05:00,49.8329460092379,50.48248909078559,49.806962039428065,50.03213882446289,1488400,0.0,0.0,PEG
2021-02-24 00:00:00-05:00,49.77232580384501,49.92821641883899,48.48189866944973,48.54252243041992,2955000,0.0,0.0,PEG
2021-02-25 00:00:00-05:00,48.46457424778969,48.88894385315276,48.20475767279558,48.41261291503906,3159900,0.0,0.0,PEG
2021-02-26 00:00:00-05:00,48.44725541341484,48.83698194958872,46.58523376863521,46.619876861572266,4100900,0.0,0.0,PEG
2021-03-01 00:00:00-05:00,47.00093473968636,48.25671861026974,47.00093473968636,47.71110153198242,1935300,0.0,0.0,PEG
2021-03-02 00:00:00-05:00,47.73708656584543,47.85833408239694,46.87102910048087,47.2953987121582,1895700,0.0,0.0,PEG
2021-03-03 00:00:00-05:00,47.104863387613,47.34735841235073,46.56790870265935,46.98361587524414,2379700,0.0,0.0,PEG
2021-03-04 00:00:00-05:00,47.01825522553068,48.1268075975778,46.76709779631792,47.33869552612305,1832100,0.0,0.0,PEG
2021-03-05 00:00:00-05:00,47.68513308017176,49.04484326027064,47.572544666095794,48.72439956665039,2302700,0.0,0.0,PEG
2021-03-08 00:00:00-05:00,48.9603695077886,50.39369645269417,48.71565612713733,49.904266357421875,2643900,0.51,0.0,PEG
2021-03-09 00:00:00-05:00,49.956703363405126,50.72580680001583,49.913005024341125,50.28007507324219,2071300,0.0,0.0,PEG
2021-03-10 00:00:00-05:00,50.32377492246457,50.883121643739116,50.04409822785786,50.4636116027832,1982200,0.0,0.0,PEG
2021-03-11 00:00:00-05:00,50.218887014691,50.638396989677815,49.607100384263546,49.62458038330078,2075100,0.0,0.0,PEG
2021-03-12 00:00:00-05:00,50.04409872370895,50.56848878057672,49.799385364219006,50.4199104309082,1692800,0.0,0.0,PEG
2021-03-15 00:00:00-04:00,50.559742496977314,51.215227507745226,50.559742496977314,51.03169250488281,1390600,0.0,0.0,PEG
2021-03-16 00:00:00-04:00,50.64714657824432,51.42498832023959,50.41117155528461,51.180274963378906,1816700,0.0,0.0,PEG
2021-03-17 00:00:00-04:00,51.337589862232086,51.59978321175735,50.97925817328805,51.11909484863281,1853100,0.0,0.0,PEG
2021-03-18 00:00:00-04:00,51.0579160856004,51.39002945869837,50.75202438272694,51.18901443481445,2264500,0.0,0.0,PEG
2021-03-19 00:00:00-04:00,51.18027620422277,51.93189629479893,50.69958447877877,51.486167907714844,4571100,0.0,0.0,PEG
2021-03-22 00:00:00-04:00,51.21523527089664,51.39877363554878,50.437393473649344,50.58597183227539,2108400,0.0,0.0,PEG
2021-03-23 00:00:00-04:00,50.472347843485956,50.98799620589506,50.096536155596134,50.970516204833984,2178400,0.0,0.0,PEG
2021-03-24 00:00:00-04:00,50.74328201276271,51.80953538795248,50.62092200737572,51.31136703491211,1978600,0.0,0.0,PEG
2021-03-25 00:00:00-04:00,51.652226637144594,52.06299838330839,51.32885490823361,51.93190002441406,1817200,0.0,0.0,PEG
2021-03-26 00:00:00-04:00,52.05425159708931,52.194088268020295,51.11035156782826,51.8270149230957,2054800,0.0,0.0,PEG
2021-03-29 00:00:00-04:00,51.748364805101794,52.92824002904543,51.73962647039247,52.622344970703125,1805500,0.0,0.0,PEG
2021-03-30 00:00:00-04:00,52.403845868792644,52.578642555162745,51.521127436879404,52.27275085449219,1505100,0.0,0.0,PEG
2021-03-31 00:00:00-04:00,52.246533232776976,52.788403335908015,51.85324482543218,52.622344970703125,3238100,0.0,0.0,PEG
2021-04-01 00:00:00-04:00,52.4999801560279,52.68351516224747,51.89693513531968,52.150386810302734,1855800,0.0,0.0,PEG
2021-04-05 00:00:00-04:00,52.22031087330218,53.24286598800542,52.194092537223476,53.01563262939453,1583400,0.0,0.0,PEG
2021-04-06 00:00:00-04:00,52.70974522789832,53.26035033427861,52.5174685237193,53.24287033081055,1401400,0.0,0.0,PEG
2021-04-07 00:00:00-04:00,53.312782749718295,53.61867443190765,53.103026071953245,53.513797760009766,1648800,0.0,0.0,PEG
2021-04-08 00:00:00-04:00,53.69734602192125,53.77600437875,53.25161755587173,53.574989318847656,1484900,0.0,0.0,PEG
2021-04-09 00:00:00-04:00,53.67985935787176,53.81095771431419,53.36522930355538,53.53128433227539,1668700,0.0,0.0,PEG
2021-04-12 00:00:00-04:00,53.78473724745902,53.9857522744688,53.443885534965496,53.56624221801758,1827900,0.0,0.0,PEG
2021-04-13 00:00:00-04:00,53.19042515673449,54.562573537052444,52.998148483273376,54.54509353637695,1881700,0.0,0.0,PEG
2021-04-14 00:00:00-04:00,54.60627756419909,54.912172606954336,54.37030253143461,54.9034309387207,2225300,0.0,0.0,PEG
2021-04-15 00:00:00-04:00,54.64123455486965,55.00830458516276,54.23920452150975,54.53635787963867,2512100,0.0,0.0,PEG
2021-04-16 00:00:00-04:00,54.89469524403833,55.637577049078644,54.77233522067087,55.366641998291016,2298600,0.0,0.0,PEG
2021-04-19 00:00:00-04:00,55.41907678801706,55.55891346758085,54.868468403623,55.480255126953125,1718600,0.0,0.0,PEG
2021-04-20 00:00:00-04:00,55.55891376361279,55.86480545992301,55.296720404779826,55.62883377075195,1810100,0.0,0.0,PEG
2021-04-21 00:00:00-04:00,55.83858861201925,56.065825307306675,55.16562352823654,55.54143524169922,1922900,0.0,0.0,PEG
2021-04-22 00:00:00-04:00,55.66379844509856,55.66379844509856,54.877218255485296,54.9908332824707,1679400,0.0,0.0,PEG
2021-04-23 00:00:00-04:00,54.96460625908991,55.2705012850302,54.649972899365906,55.008304595947266,1514300,0.0,0.0,PEG
2021-04-26 00:00:00-04:00,54.96461186883547,54.96461186883547,54.28290840917102,54.32660675048828,2036400,0.0,0.0,PEG
2021-04-27 00:00:00-04:00,54.31786778195475,54.702417848616754,53.985754390673655,54.274166107177734,2369400,0.0,0.0,PEG
2021-04-28 00:00:00-04:00,54.49265620882049,54.79855123470081,54.18676451690956,54.53635787963867,1686900,0.0,0.0,PEG
2021-04-29 00:00:00-04:00,54.88594547214784,55.5676521658134,54.807287135723705,55.139400482177734,2148700,0.0,0.0,PEG
2021-04-30 00:00:00-04:00,55.27050060220731,55.32293727220057,54.78980890080676,55.20058059692383,2371500,0.0,0.0,PEG
2021-05-03 00:00:00-04:00,55.270502069087364,56.19692215986458,55.183102060163414,55.62883377075195,2195400,0.0,0.0,PEG
2021-05-04 00:00:00-04:00,55.803625719770146,55.84732739011976,54.99956566167153,55.22679901123047,2424100,0.0,0.0,PEG
2021-05-05 00:00:00-04:00,55.174364677051564,55.23554301736787,53.277826125337654,53.58372116088867,3679600,0.0,0.0,PEG
2021-05-06 00:00:00-04:00,53.99448388681029,54.824765562118145,53.880868886103,54.68492889404297,2173600,0.0,0.0,PEG
2021-05-07 00:00:00-04:00,54.43147984871023,55.67253333093129,54.43147984871023,55.19184494018555,2407100,0.0,0.0,PEG
2021-05-10 00:00:00-04:00,55.39285043526167,56.12699373020879,55.27923210769503,55.305450439453125,1713400,0.0,0.0,PEG
2021-05-11 00:00:00-04:00,55.37538433426348,55.445301014489125,54.0644140738272,54.40526580810547,1475500,0.0,0.0,PEG
2021-05-12 00:00:00-04:00,54.48391728567662,54.580055626085645,53.02436884613557,53.05059051513672,1824400,0.0,0.0,PEG
2021-05-13 00:00:00-04:00,53.05059540355528,54.58006065543884,53.05059540355528,54.317867279052734,1829600,0.0,0.0,PEG
2021-05-14 00:00:00-04:00,54.492657003347006,54.93838871402405,54.40526032837514,54.6412353515625,1887000,0.0,0.0,PEG
2021-05-17 00:00:00-04:00,54.74611157297712,54.95586825872218,54.33533986929315,54.44021987915039,1302400,0.0,0.0,PEG
2021-05-18 00:00:00-04:00,54.36156392247064,54.483920605366606,54.0644105494506,54.28290557861328,1839000,0.0,0.0,PEG
2021-05-19 00:00:00-04:00,54.064408144734806,54.19550315601975,53.38270475093878,54.16928482055664,1450600,0.0,0.0,PEG
2021-05-20 00:00:00-04:00,54.300380497706925,54.938385523058955,54.04692548745264,54.69367218017578,1938700,0.0,0.0,PEG
2021-05-21 00:00:00-04:00,54.80728916132811,55.139402520056606,54.52761580681023,55.078224182128906,3944500,0.0,0.0,PEG
2021-05-24 00:00:00-04:00,55.96094072395049,56.19691906807761,55.44529236856167,55.462772369384766,1516900,0.0,0.0,PEG
2021-05-25 00:00:00-04:00,55.314197580631486,55.462772587257525,54.33533753450863,54.35281753540039,1885300,0.0,0.0,PEG
2021-05-26 00:00:00-04:00,54.44895935058594,54.80729105682789,54.134325982379444,54.44895935058594,1897600,0.0,0.0,PEG
2021-05-27 00:00:00-04:00,54.63250374005662,54.63250374005662,54.151815271290694,54.21299362182617,2843000,0.0,0.0,PEG
2021-05-28 00:00:00-04:00,54.46644174383425,54.64997677202262,54.20424837014093,54.29164505004883,1622800,0.0,0.0,PEG
2021-06-01 00:00:00-04:00,54.466448693456044,54.59754706401496,53.82844351360744,54.21299362182617,1900900,0.0,0.0,PEG
2021-06-02 00:00:00-04:00,54.32660531175522,54.33534364619936,53.653640204588484,53.898353576660156,2430400,0.0,0.0,PEG
2021-06-03 00:00:00-04:00,53.3827063968839,54.33534151042298,53.199168041074905,53.933311462402344,2699400,0.0,0.0,PEG
2021-06-04 00:00:00-04:00,54.1168445073867,54.23046285036195,53.53127945891692,53.54875946044922,1901800,0.0,0.0,PEG
2021-06-07 00:00:00-04:00,53.62807945260112,53.883661909942376,53.504695745458136,53.64570617675781,2192700,0.51,0.0,PEG
2021-06-08 00:00:00-04:00,53.654516276886866,53.901283668439376,52.96708754592071,53.76908493041992,1974800,0.0,0.0,PEG
2021-06-09 00:00:00-04:00,54.05992679094942,54.183310500377935,53.63689548921425,53.87485122680664,2291500,0.0,0.0,PEG
2021-06-10 00:00:00-04:00,53.980604960344294,54.47414313028507,53.89247470519053,54.31550598144531,1767900,0.0,0.0,PEG
2021-06-11 00:00:00-04:00,54.14805012564633,54.5093895264504,54.06873155659404,54.46532440185547,1239100,0.0,0.0,PEG
2021-06-14 00:00:00-04:00,54.65039811027809,54.888353809457946,54.165675032076194,54.50057601928711,1745500,0.0,0.0,PEG
2021-06-15 00:00:00-04:00,54.65039899054478,55.22325568616269,54.491765217156455,54.95004653930664,1782400,0.0,0.0,PEG
2021-06-16 00:00:00-04:00,55.11749963887868,55.40833215056953,53.95416286820827,53.962974548339844,2432100,0.0,0.0,PEG
2021-06-17 00:00:00-04:00,53.81315880286295,54.13042975434282,53.636894921849304,53.93654251098633,1424700,0.0,0.0,PEG
2021-06-18 00:00:00-04:00,53.31080942043856,53.592830287887885,52.279667892239395,52.29729461669922,3369100,0.0,0.0,PEG
2021-06-21 00:00:00-04:00,52.63219142146557,53.12572621880315,52.25322528096498,52.93183898925781,1964400,0.0,0.0,PEG
2021-06-22 00:00:00-04:00,52.87014526046152,53.15216609518893,52.4118605635411,52.5440559387207,3155500,0.0,0.0,PEG
2021-06-23 00:00:00-04:00,52.306106717815545,52.544062457002354,52.04171257270374,52.165096282958984,2835900,0.0,0.0,PEG
2021-06-24 00:00:00-04:00,52.20915800193901,52.42948698793951,51.96238725149005,52.323726654052734,1885600,0.0,0.0,PEG
2021-06-25 00:00:00-04:00,52.26204646773331,52.81727657768554,52.22679301523857,52.755584716796875,2148600,0.0,0.0,PEG
2021-06-28 00:00:00-04:00,52.773206485702936,53.39894007991102,52.71151463060941,53.09048080444336,1607200,0.0,0.0,PEG
2021-06-29 00:00:00-04:00,53.028780909216636,53.38130864604034,52.15627997160613,52.42948913574219,1939600,0.0,0.0,PEG
2021-06-30 00:00:00-04:00,52.376609254771104,52.91421254350561,52.24441051224653,52.649818420410156,2259500,0.0,0.0,PEG
2021-07-01 00:00:00-04:00,52.87896347129843,53.3460599061363,52.65863445683468,53.09048080444336,1203000,0.0,0.0,PEG
2021-07-02 00:00:00-04:00,53.152169523002414,53.24029977880572,52.74676160522743,52.96709060668945,1128100,0.0,0.0,PEG
2021-07-06 00:00:00-04:00,52.98471536442166,53.19623267723722,52.36779351082604,53.14335250854492,1201700,0.0,0.0,PEG
2021-07-07 00:00:00-04:00,53.09047473619364,53.69858153630344,52.86133070464833,53.628074645996094,1513600,0.0,0.0,PEG
2021-07-08 00:00:00-04:00,53.39893496881355,53.83078127508791,53.196232698343096,53.3548698425293,1159200,0.0,0.0,PEG
2021-07-09 00:00:00-04:00,53.68096506273234,53.78672205643138,52.931847700936636,53.310813903808594,3131500,0.0,0.0,PEG
2021-07-12 00:00:00-04:00,53.16097911653306,53.53994525312464,52.878958274691,53.495880126953125,1389700,0.0,0.0,PEG
2021-07-13 00:00:00-04:00,53.469439626536754,53.469439626536754,52.526431783953676,52.7291374206543,2172000,0.0,0.0,PEG
2021-07-14 00:00:00-04:00,52.782013518669,53.469438907431126,52.658629819347965,53.22267150878906,1365500,0.0,0.0,PEG
2021-07-15 00:00:00-04:00,53.02878399023397,54.0070453229016,52.95828045594511,53.92772674560547,1864000,0.0,0.0,PEG
2021-07-16 00:00:00-04:00,54.15687404118917,54.70328907199264,53.84841139457688,54.41245651245117,2036900,0.0,0.0,PEG
2021-07-19 00:00:00-04:00,54.05992825414672,54.48295956733175,52.306107783068555,53.04641342163086,2590600,0.0,0.0,PEG
2021-07-20 00:00:00-04:00,52.993524810650996,53.88365237027393,52.984709769156346,53.46943283081055,2126400,0.0,0.0,PEG
2021-07-21 00:00:00-04:00,53.66332877172504,53.786712469374116,52.8789580978528,52.92302322387695,1137200,0.0,0.0,PEG
2021-07-22 00:00:00-04:00,52.83490043283974,53.231493346968705,52.83490043283974,53.06404113769531,1151200,0.0,0.0,PEG
2021-07-23 00:00:00-04:00,53.28436060459654,54.02466612421578,53.27554892450916,53.95416259765625,1215400,0.0,0.0,PEG
2021-07-26 00:00:00-04:00,54.01586205055448,54.3507597322906,53.68096100686441,54.24500274658203,2162900,0.0,0.0,PEG
2021-07-27 00:00:00-04:00,54.14804977614653,55.60222241206793,53.874843988249246,55.39070510864258,1823000,0.0,0.0,PEG
2021-07-28 00:00:00-04:00,55.364273366297596,55.48765707399044,54.562275904340204,55.082252502441406,1595300,0.0,0.0,PEG
2021-07-29 00:00:00-04:00,55.26732804374651,55.76086623629109,55.188009465693874,55.58460235595703,1492900,0.0,0.0,PEG
2021-07-30 00:00:00-04:00,55.59341226881313,56.007628483126766,54.641589420017056,54.84429168701172,3328000,0.0,0.0,PEG
2021-08-02 00:00:00-04:00,55.01173213034841,55.61984220066898,54.9941087723839,55.399513244628906,2333700,0.0,0.0,PEG
2021-08-03 00:00:00-04:00,55.478839186839075,56.792001418863165,55.24088347921242,55.972373962402344,2219300,0.0,0.0,PEG
2021-08-04 00:00:00-04:00,55.558169580964474,55.86662888134353,55.12632319847957,55.76087188720703,2036400,0.0,0.0,PEG
2021-08-05 00:00:00-04:00,55.86662040452416,56.3425318488582,55.5317193849609,56.31609344482422,1942500,0.0,0.0,PEG
2021-08-06 00:00:00-04:00,56.30728023228587,56.72149983936784,56.11338963119153,56.28084182739258,1429200,0.0,0.0,PEG
2021-08-09 00:00:00-04:00,56.474727332051806,56.52760413706664,55.95475079036696,56.254398345947266,1889700,0.0,0.0,PEG
2021-08-10 00:00:00-04:00,56.21914698788396,56.21914698788396,55.373084456709655,55.434776306152344,3091500,0.0,0.0,PEG
2021-08-11 00:00:00-04:00,55.48765185187852,56.15745386196527,55.443586726414445,55.9900016784668,1300200,0.0,0.0,PEG
2021-08-12 00:00:00-04:00,55.91949409253062,56.686237978221065,55.91949409253062,56.27201843261719,1956100,0.0,0.0,PEG
2021-08-13 00:00:00-04:00,56.45709701986731,57.22384430902239,56.307274923658724,57.03876876831055,1496000,0.0,0.0,PEG
2021-08-16 00:00:00-04:00,57.16215316417452,57.57637273729141,56.73031023054306,57.12689971923828,2018900,0.0,0.0,PEG
2021-08-17 00:00:00-04:00,56.88013995815456,57.162160831565934,56.43948192320502,57.04759216308594,1494200,0.0,0.0,PEG
2021-08-18 00:00:00-04:00,57.02114291051748,57.029957953273424,56.2455872456826,56.40422439575195,1476500,0.0,0.0,PEG
2021-08-19 00:00:00-04:00,56.31609134670125,57.223845712221596,55.9723752972964,56.633365631103516,1322600,0.0,0.0,PEG
2021-08-20 00:00:00-04:00,56.59811343549188,57.294353868086965,56.39541116308199,57.24147033691406,3820800,0.0,0.0,PEG
2021-08-23 00:00:00-04:00,57.22385265806921,57.23266770145791,56.650995868147874,56.70387268066406,1908800,0.0,0.0,PEG
2021-08-24 00:00:00-04:00,56.67742523235169,56.897754214562866,56.02525332770056,56.23677062988281,2329600,0.0,0.0,PEG
2021-08-25 00:00:00-04:00,56.192704691112844,56.68624284394137,55.91949889243669,56.50116729736328,1354200,0.0,0.0,PEG
2021-08-26 00:00:00-04:00,56.58048662025479,56.67743192178236,56.2103355001901,56.21915054321289,1716700,0.0,0.0,PEG
2021-08-27 00:00:00-04:00,56.298459948657694,56.76555965610521,56.21914138414421,56.554039001464844,1539000,0.0,0.0,PEG
2021-08-30 00:00:00-04:00,56.56286110672893,56.73912161703435,56.43066236204613,56.61573791503906,895600,0.0,0.0,PEG
2021-08-31 00:00:00-04:00,56.54523902427579,56.69506113381502,56.17508454796355,56.35134506225586,2510600,0.0,0.0,PEG
2021-09-01 00:00:00-04:00,56.71267944958567,57.25028271142308,56.342528368161986,57.03876876831055,1797400,0.0,0.0,PEG
2021-09-02 00:00:00-04:00,57.241473334640084,57.32079527359984,56.72150010554487,57.00352096557617,2787100,0.0,0.0,PEG
2021-09-03 00:00:00-04:00,56.79200445022257,57.1004637014141,56.50998360286069,56.52760696411133,1567000,0.0,0.0,PEG
2021-09-07 00:00:00-04:00,56.50095167066462,56.714164305275744,55.82578454071246,55.950157165527344,1355300,0.51,0.0,PEG
2021-09-08 00:00:00-04:00,55.92350990178963,57.05175267088007,55.745833261423414,56.94514465332031,3210200,0.0,0.0,PEG
2021-09-09 00:00:00-04:00,56.97179417939426,56.99845126676749,56.18114008788816,56.2522087097168,3002100,0.0,0.0,PEG
2021-09-10 00:00:00-04:00,56.24332843840338,56.261096441728604,55.16838626507807,55.203922271728516,2083600,0.0,0.0,PEG
2021-09-13 00:00:00-04:00,55.790248632764914,56.10118358423685,55.07066319112673,55.363826751708984,2735000,0.0,0.0,PEG
2021-09-14 00:00:00-04:00,55.74583087179581,55.87908919358317,55.159500355951245,55.58592224121094,2679600,0.0,0.0,PEG
2021-09-15 00:00:00-04:00,55.61257604164161,56.367700931013964,55.39048108398505,55.790252685546875,3255100,0.0,0.0,PEG
2021-09-16 00:00:00-04:00,55.79025472963401,56.07453601473811,55.488205440598364,55.621463775634766,1990900,0.0,0.0,PEG
2021-09-17 00:00:00-04:00,55.9235192446222,56.38547723119111,54.97295295709213,54.999603271484375,4899900,0.0,0.0,PEG
2021-09-20 00:00:00-04:00,54.73308117362863,55.30164371538609,54.59982284526044,55.1417350769043,2438500,0.0,0.0,PEG
2021-09-21 00:00:00-04:00,55.274988111076915,55.50596535070554,54.57316730817111,54.81303024291992,3620700,0.0,0.0,PEG
2021-09-22 00:00:00-04:00,54.93741753301354,55.00848616845332,54.12010619760181,54.208946228027344,1892600,0.0,0.0,PEG
2021-09-23 00:00:00-04:00,54.25334909664704,54.75972526469705,53.83580954481996,53.91576385498047,1541600,0.0,0.0,PEG
2021-09-24 00:00:00-04:00,53.96019192054976,54.182286876219145,53.54265231944329,53.92465591430664,1807200,0.0,0.0,PEG
2021-09-27 00:00:00-04:00,54.066795929737054,55.31052563386858,54.00460961397548,54.37772750854492,2614600,0.0,0.0,PEG
2021-09-28 00:00:00-04:00,54.573170469049025,54.75972941058146,53.48046374005915,53.62260437011719,2175000,0.0,0.0,PEG
2021-09-29 00:00:00-04:00,53.58706628327663,54.68865866509947,53.57818397688684,54.422142028808594,1419600,0.0,0.0,PEG
2021-09-30 00:00:00-04:00,55.34606279903144,55.34606279903144,54.075679369462925,54.102333068847656,2607900,0.0,0.0,PEG
2021-10-01 00:00:00-04:00,54.44880175604454,54.475452067065255,53.631490532773995,53.71144485473633,1657900,0.0,0.0,PEG
2021-10-04 00:00:00-04:00,53.61372197540232,54.46656919715904,53.61372197540232,54.32442855834961,2173600,0.0,0.0,PEG
2021-10-05 00:00:00-04:00,54.280005875125156,54.51098652708233,53.91577028294661,54.05791091918945,1849200,0.0,0.0,PEG
2021-10-06 00:00:00-04:00,53.5248961566816,54.182298862004515,52.982983802746666,54.14676284790039,1920800,0.0,0.0,PEG
2021-10-07 00:00:00-04:00,54.182288479136815,54.5642886964011,53.56930421445887,53.71144485473633,1533900,0.0,0.0,PEG
2021-10-08 00:00:00-04:00,53.50711979050131,53.76475076915664,53.13400186740073,53.20507049560547,1257300,0.0,0.0,PEG
2021-10-11 00:00:00-04:00,53.196184526954575,53.231717144161436,52.38775902697222,52.66315460205078,1402600,0.0,0.0,PEG
2021-10-12 00:00:00-04:00,52.592091529979115,52.98297747171428,52.4232971776045,52.787532806396484,1438000,0.0,0.0,PEG
2021-10-13 00:00:00-04:00,52.83194848841236,53.56041966292421,52.60985353547825,53.45381164550781,1745100,0.0,0.0,PEG
2021-10-14 00:00:00-04:00,53.667024842231974,54.62647667542629,53.4005115737558,54.55540466308594,1517700,0.0,0.0,PEG
2021-10-15 00:00:00-04:00,54.741965180822156,55.2927631255434,54.51098791189724,55.17727279663086,2960200,0.0,0.0,PEG
2021-10-18 00:00:00-04:00,54.68866440064836,55.24834126219655,54.493219750577474,54.83968734741211,2834400,0.0,0.0,PEG
2021-10-19 00:00:00-04:00,55.31052999424633,55.57704667012097,55.08843502361766,55.47932434082031,2060000,0.0,0.0,PEG
2021-10-20 00:00:00-04:00,55.6658740251655,56.60755776368784,55.568151712151895,56.32327651977539,2048100,0.0,0.0,PEG
2021-10-21 00:00:00-04:00,56.3055130370805,56.429885667660955,55.9412774522806,56.047882080078125,1228100,0.0,0.0,PEG
2021-10-22 00:00:00-04:00,56.136712751139584,56.81188322968094,55.96792182595408,56.71416091918945,895300,0.0,0.0,PEG
2021-10-25 00:00:00-04:00,56.71416647115412,57.167238677268,56.35881319619815,56.79412078857422,1282800,0.0,0.0,PEG
2021-10-26 00:00:00-04:00,56.88295814582036,57.73580195002391,56.749703207669825,57.39822006225586,1495500,0.0,0.0,PEG
2021-10-27 00:00:00-04:00,57.53148539349462,57.53148539349462,56.82077874789977,56.83854675292969,1523500,0.0,0.0,PEG
2021-10-28 00:00:00-04:00,56.86520141955065,57.19389765702833,56.71417506868467,57.14948272705078,1108200,0.0,0.0,PEG
2021-10-29 00:00:00-04:00,56.945147924965866,57.362687545480206,56.42988936609095,56.67863464355469,1759000,0.0,0.0,PEG
2021-11-01 00:00:00-04:00,56.554261807066105,57.31826564073322,56.367702849620656,57.17612838745117,1581900,0.0,0.0,PEG
2021-11-02 00:00:00-04:00,57.50483508039997,57.50483508039997,56.3588207838233,56.83854675292969,1852400,0.0,0.0,PEG
2021-11-03 00:00:00-04:00,56.69639863293756,57.016215903545415,55.683646201946004,56.296627044677734,1633500,0.0,0.0,PEG
2021-11-04 00:00:00-04:00,56.12783918881148,56.57202911376953,55.95904823733149,56.57202911376953,1700700,0.0,0.0,PEG
2021-11-05 00:00:00-04:00,56.376584252448616,57.19389208465648,56.376584252448616,57.02510452270508,1515200,0.0,0.0,PEG
2021-11-08 00:00:00-05:00,57.113935459231165,57.113935459231165,55.15949931371175,55.230567932128906,1755100,0.0,0.0,PEG
2021-11-09 00:00:00-05:00,55.07955429656362,55.42602191846311,54.74196898262806,55.22169494628906,1410200,0.0,0.0,PEG
2021-11-10 00:00:00-05:00,55.34606736809749,55.71918869018555,55.23057703162972,55.71918869018555,1638900,0.0,0.0,PEG
2021-11-11 00:00:00-05:00,55.497085432565015,55.612572362898945,54.84856860577493,55.24833679199219,1617300,0.0,0.0,PEG
2021-11-12 00:00:00-05:00,55.168381620176454,55.3904765596923,54.706427128215346,55.230567932128906,1546800,0.0,0.0,PEG
2021-11-15 00:00:00-05:00,55.57704239892012,56.2877455725329,55.239457120616535,56.26997756958008,1473300,0.0,0.0,PEG
2021-11-16 00:00:00-05:00,56.3588199169216,56.545382272415814,55.683652680672324,55.71918869018555,1938800,0.0,0.0,PEG
2021-11-17 00:00:00-05:00,55.657003123781706,55.781375769866514,55.28388179662686,55.48820877075195,1503500,0.0,0.0,PEG
2021-11-18 00:00:00-05:00,55.3549478717086,55.736951465886456,55.141735223532564,55.43490219116211,1614600,0.0,0.0,PEG
2021-11-19 00:00:00-05:00,55.56816288811692,56.101192869331484,55.47044055544923,56.030120849609375,1780600,0.0,0.0,PEG
2021-11-22 00:00:00-05:00,55.994578650934415,56.625330895102636,55.7458333872005,56.35881423950195,1552700,0.0,0.0,PEG
2021-11-23 00:00:00-05:00,56.49206870515854,57.371566152932836,56.34992808004247,57.03397750854492,1911100,0.0,0.0,PEG
2021-11-24 00:00:00-05:00,57.18501332893482,57.70026849030581,56.85631034474613,57.38045120239258,1972500,0.0,0.0,PEG
2021-11-26 00:00:00-05:00,56.85631634510279,57.33604232760072,56.29663603218853,56.5364990234375,1064500,0.0,0.0,PEG
2021-11-29 00:00:00-05:00,56.651985351883646,57.36268857807367,56.39435437335841,57.078407287597656,1368500,0.0,0.0,PEG
2021-11-30 00:00:00-05:00,56.625329165910635,56.696397786707195,55.41713211226963,55.514854431152344,3285700,0.0,0.0,PEG
2021-12-01 00:00:00-05:00,56.03011634535896,56.7141692301415,55.434903478087236,55.470436096191406,2141200,0.0,0.0,PEG
2021-12-02 00:00:00-05:00,55.550391140960755,56.61644764267315,55.4793225149267,56.118953704833984,1715200,0.0,0.0,PEG
2021-12-03 00:00:00-05:00,56.51872160790867,56.52760730364248,55.45266517614941,56.367698669433594,1710300,0.0,0.0,PEG
2021-12-06 00:00:00-05:00,56.84742341615916,57.5225905555016,56.56313876975719,56.59867477416992,2400600,0.0,0.0,PEG
2021-12-07 00:00:00-05:00,56.61644363210331,57.620313744086644,56.42988468946657,57.4071044921875,1491600,0.0,0.0,PEG
2021-12-08 00:00:00-05:00,57.27278756513002,57.79214844900854,57.02206350580059,57.2280158996582,1636500,0.51,0.0,PEG
2021-12-09 00:00:00-05:00,57.201152432415334,57.52351046684062,56.708657290418294,57.07579040527344,2143600,0.0,0.0,PEG
2021-12-10 00:00:00-05:00,57.362327482981506,57.613051527392706,57.02206011295456,57.129512786865234,2007600,0.0,0.0,PEG
2021-12-13 00:00:00-05:00,57.03997377021739,58.75923376196066,56.94147405508376,58.37419128417969,2402000,0.0,0.0,PEG
2021-12-14 00:00:00-05:00,58.024962357074486,58.34732379041406,57.60410121734128,57.78318786621094,2232300,0.0,0.0,PEG
2021-12-15 00:00:00-05:00,58.00705804607794,58.72341840938171,57.75633396843724,58.696556091308594,1402600,0.0,0.0,PEG
2021-12-16 00:00:00-05:00,58.606999867656015,59.368135236930996,58.45477552648823,58.750274658203125,1698300,0.0,0.0,PEG
2021-12-17 00:00:00-05:00,58.85773384187779,58.85773384187779,57.210107822655246,57.38919448852539,4058000,0.0,0.0,PEG
2021-12-20 00:00:00-05:00,56.905655708473134,57.49665058707851,56.12661778118859,57.38919448852539,1570400,0.0,0.0,PEG
2021-12-21 00:00:00-05:00,57.89064477547654,58.02496317989234,57.174284506404156,57.58618927001953,1467300,0.0,0.0,PEG
2021-12-22 00:00:00-05:00,57.41606026613756,57.908551984226165,57.22801381263914,57.84587097167969,979100,0.0,0.0,PEG
2021-12-23 00:00:00-05:00,57.935414042765494,58.15927577682829,57.666784060920904,57.827964782714844,1190300,0.0,0.0,PEG
2021-12-27 00:00:00-05:00,58.0160142886315,58.29360068367207,57.74737744511445,58.257781982421875,790500,0.0,0.0,PEG
2021-12-28 00:00:00-05:00,58.311510578243585,58.78609639092689,58.311510578243585,58.72341537475586,912800,0.0,0.0,PEG
2021-12-29 00:00:00-05:00,58.812959016483006,59.22486381515851,58.74132161713464,59.07263946533203,859500,0.0,0.0,PEG
2021-12-30 00:00:00-05:00,59.28754002569689,59.4487207453059,58.92041033930397,59.38603973388672,954400,0.0,0.0,PEG
2021-12-31 00:00:00-05:00,59.29649400247162,60.039716558948825,59.117400525883234,59.753173828125,1221800,0.0,0.0,PEG
2022-01-03 00:00:00-05:00,59.92330588493533,59.92330588493533,58.54431681665634,59.24277114868164,1134700,0.0,0.0,PEG
2022-01-04 00:00:00-05:00,59.215907687838275,60.147173388230414,59.03682102041297,59.090545654296875,1846400,0.0,0.0,PEG
2022-01-05 00:00:00-05:00,59.00100170241281,59.81586174361281,58.87563967018486,58.9472770690918,2037400,0.0,0.0,PEG
2022-01-06 00:00:00-05:00,59.2964985861084,59.7800407626986,58.94727481941295,59.000999450683594,1570400,0.0,0.0,PEG
2022-01-07 00:00:00-05:00,59.43082396586212,60.55013279339043,58.732369518840564,59.99495315551758,2098500,0.0,0.0,PEG
2022-01-10 00:00:00-05:00,59.905399007356934,59.93226132129601,59.036814420832435,59.332313537597656,1521300,0.0,0.0,PEG
2022-01-11 00:00:00-05:00,59.368130823330475,59.5651233981107,58.49058987576344,58.96517562866211,1668600,0.0,0.0,PEG
2022-01-12 00:00:00-05:00,58.77713860153275,59.27858671890089,58.56223324147758,59.135318756103516,1467900,0.0,0.0,PEG
2022-01-13 00:00:00-05:00,58.69655212628281,59.70840475175764,58.52641501435443,59.36813735961914,1403900,0.0,0.0,PEG
2022-01-14 00:00:00-05:00,59.21591225704597,59.29650604580904,58.338377954544036,58.427921295166016,2630900,0.0,0.0,PEG
2022-01-18 00:00:00-05:00,58.11451161584196,58.750278165483266,57.46978868332728,58.40105438232422,1973900,0.0,0.0,PEG
2022-01-19 00:00:00-05:00,58.490600266550175,59.332322668674294,58.41001331233083,58.696556091308594,1610900,0.0,0.0,PEG
2022-01-20 00:00:00-05:00,58.848784779779244,59.67259447601215,58.65178532378459,58.73237228393555,1608400,0.0,0.0,PEG
2022-01-21 00:00:00-05:00,59.018910313120365,59.421858698097495,58.42791206132149,58.59804916381836,2197800,0.0,0.0,PEG
2022-01-24 00:00:00-05:00,58.54432240910027,58.66968444258104,56.243027307893364,57.622013092041016,2582200,0.0,0.0,PEG
2022-01-25 00:00:00-05:00,57.36233269380973,58.44582274513607,57.05788399271635,57.953330993652344,2869900,0.0,0.0,PEG
2022-01-26 00:00:00-05:00,57.99809464309623,58.79504869587986,57.63096495433416,57.92646408081055,2358100,0.0,0.0,PEG
2022-01-27 00:00:00-05:00,58.4816391917188,59.4218612391628,58.177190502355636,58.562232971191406,2698500,0.0,0.0,PEG
2022-01-28 00:00:00-05:00,58.454780396347395,59.17114074532678,58.060781521236876,59.126365661621094,1978000,0.0,0.0,PEG
2022-01-31 00:00:00-05:00,58.82191683394554,59.69945108635088,58.580142313177724,59.57408905029297,2382800,0.0,0.0,PEG
2022-02-01 00:00:00-05:00,59.84271799759319,59.96808001712068,58.589090970600644,59.332313537597656,1888500,0.0,0.0,PEG
2022-02-02 00:00:00-05:00,59.35021584345566,60.415799776051635,59.180078756613,60.245662689208984,2605000,0.0,0.0,PEG
2022-02-03 00:00:00-05:00,60.174038356192845,60.585950006511375,59.923314278064176,60.075538635253906,2232000,0.0,0.0,PEG
2022-02-04 00:00:00-05:00,59.60095094779792,60.19194925509382,58.795054102166844,59.67258834838867,1983600,0.0,0.0,PEG
2022-02-07 00:00:00-05:00,59.717360508615165,60.066584279752945,59.377086288324264,59.80690383911133,1819100,0.0,0.0,PEG
2022-02-08 00:00:00-05:00,60.12029989277961,60.4784799927502,59.79793848597781,60.21879959106445,1869200,0.0,0.0,PEG
2022-02-09 00:00:00-05:00,60.74713468179243,60.94413415858555,60.19196179088815,60.3800048828125,1698600,0.0,0.0,PEG
2022-02-10 00:00:00-05:00,59.860622507857336,60.156121617603965,58.77713260383721,58.96517562866211,3010300,0.0,0.0,PEG
2022-02-11 00:00:00-05:00,59.189044060426994,59.744223647903034,58.848776667165204,59.054725646972656,2083100,0.0,0.0,PEG
2022-02-14 00:00:00-05:00,59.296498654248175,59.421860681835824,57.33546762999856,57.99809646606445,3337900,0.0,0.0,PEG
2022-02-15 00:00:00-05:00,58.30255736764602,58.72341856985819,57.46979134651011,57.69365310668945,2434600,0.0,0.0,PEG
2022-02-16 00:00:00-05:00,57.66678271925104,58.22195543451069,57.11160317227358,58.01600646972656,2391800,0.0,0.0,PEG
2022-02-17 00:00:00-05:00,57.9443789504067,58.1413783984415,57.36233698986358,57.9622917175293,1751200,0.0,0.0,PEG
2022-02-18 00:00:00-05:00,57.61305546038934,58.64282085456259,57.61305546038934,57.917510986328125,3219900,0.0,0.0,PEG
2022-02-22 00:00:00-05:00,58.01601070074494,58.23987244592529,57.52351212866086,57.917510986328125,1841400,0.0,0.0,PEG
2022-02-23 00:00:00-05:00,57.971236250125784,58.150329747250744,56.83402157818538,56.92356491088867,2282700,0.0,0.0,PEG
2022-02-24 00:00:00-05:00,56.59224301389792,56.84296704507318,54.65807790631758,55.80424880981445,4986400,0.0,0.0,PEG
2022-02-25 00:00:00-05:00,56.45793358983814,58.22196188589332,56.23407183617831,58.087650299072266,2819100,0.0,0.0,PEG
2022-02-28 00:00:00-05:00,57.62201272844157,58.338373056712896,57.5235130125113,58.05183029174805,3555400,0.0,0.0,PEG
2022-03-01 00:00:00-05:00,57.935421584629,58.580144555732886,57.308611380344026,57.720516204833984,2237100,0.0,0.0,PEG
2022-03-02 00:00:00-05:00,57.657828584891305,58.705499877159255,57.639922651840756,58.54431915283203,2108500,0.0,0.0,PEG
2022-03-03 00:00:00-05:00,58.589091744632356,59.52035735322372,58.589091744632356,59.35917663574219,2795200,0.0,0.0,PEG
2022-03-04 00:00:00-05:00,59.11739978443898,60.62175081032603,58.9830882183292,60.53220748901367,1910600,0.0,0.0,PEG
2022-03-07 00:00:00-05:00,60.63967842973915,60.89040252352565,59.985999043750745,60.63072204589844,2102100,0.0,0.0,PEG
2022-03-08 00:00:00-05:00,60.89935454765967,61.167984558177544,59.69945197251335,59.70840835571289,2193300,0.0,0.0,PEG
2022-03-09 00:00:00-05:00,60.48477975194383,60.58408367268553,59.35633236851204,59.419525146484375,2170200,0.54,0.0,PEG
2022-03-10 00:00:00-05:00,59.08550088827069,59.61813162254983,58.570929168710734,59.040367126464844,3985400,0.0,0.0,PEG
2022-03-11 00:00:00-05:00,59.04036049072475,59.66325867860601,58.97716772130215,59.32924270629883,1940000,0.0,0.0,PEG
2022-03-14 00:00:00-04:00,59.61813258234974,60.575053752990584,59.61813258234974,60.060482025146484,2883000,0.0,0.0,PEG
2022-03-15 00:00:00-04:00,60.71047425901213,61.1167125957094,60.511866401072375,60.9632453918457,2980800,0.0,0.0,PEG
2022-03-16 00:00:00-04:00,60.918109579484764,61.143799067292214,60.06951490132986,61.12574005126953,2622100,0.0,0.0,PEG
2022-03-17 00:00:00-04:00,61.17087566815669,61.7215585240736,60.83685277420014,61.16184616088867,3415800,0.0,0.0,PEG
2022-03-18 00:00:00-04:00,59.825762269692106,60.954209630869684,59.47368724400439,60.304229736328125,6449600,0.0,0.0,PEG
2022-03-21 00:00:00-04:00,60.42158683389736,61.18892967535281,60.304230785791155,60.89101791381836,1726100,0.0,0.0,PEG
2022-03-22 00:00:00-04:00,61.125737042848144,61.125737042848144,60.349364692001465,60.57505416870117,2073500,0.0,0.0,PEG
2022-03-23 00:00:00-04:00,60.52088970117531,60.80977195013693,59.91604356858319,60.304229736328125,2297700,0.0,0.0,PEG
2022-03-24 00:00:00-04:00,60.43963264658933,61.09864887862819,60.43061002748279,60.97226333618164,1953600,0.0,0.0,PEG
2022-03-25 00:00:00-04:00,61.27017254988841,61.78474420514036,61.08961686274153,61.667381286621094,1731600,0.0,0.0,PEG
2022-03-28 00:00:00-04:00,61.60419681746105,61.89307906831975,61.297262439203244,61.85696792602539,2438500,0.0,0.0,PEG
2022-03-29 00:00:00-04:00,61.99237949488817,62.39862465718829,61.775719540825555,62.38056564331055,2339000,0.0,0.0,PEG
2022-03-30 00:00:00-04:00,62.54306201798442,63.18401925752403,62.3173725581115,63.138885498046875,2304100,0.0,0.0,PEG
2022-03-31 00:00:00-04:00,63.33748730170774,64.1048300148067,63.147902112446694,63.19304275512695,3043200,0.0,0.0,PEG
2022-04-01 00:00:00-04:00,63.52708032681127,64.17706027458202,62.7236262908548,64.14997863769531,2139200,0.0,0.0,PEG
2022-04-04 00:00:00-04:00,63.779842615759954,64.14996974774678,62.940277551136525,63.45484924316406,1692800,0.0,0.0,PEG
2022-04-05 00:00:00-04:00,63.57219997451889,64.48398724303162,63.40068068316144,63.698585510253906,1754100,0.0,0.0,PEG
2022-04-06 00:00:00-04:00,63.9603903698841,65.20620057338431,63.85206383914189,65.07078552246094,2939600,0.0,0.0,PEG
2022-04-07 00:00:00-04:00,65.07078930780564,65.17009322509318,64.49302481858506,64.64649200439453,2302000,0.0,0.0,PEG
2022-04-08 00:00:00-04:00,64.96246266903113,65.26940396020814,64.06873420758336,65.07981872558594,3573800,0.0,0.0,PEG
2022-04-11 00:00:00-04:00,65.38674949945121,65.57632781608345,64.52913232123457,64.75482177734375,3038200,0.0,0.0,PEG
2022-04-12 00:00:00-04:00,64.64647789014843,65.14299736818117,64.26732131828406,64.92633056640625,4185000,0.0,0.0,PEG
2022-04-13 00:00:00-04:00,64.99857691271738,65.08885133648565,64.186093323809,64.59233856201172,2250000,0.0,0.0,PEG
2022-04-14 00:00:00-04:00,65.13397783138602,66.16312119109229,64.95342213560696,65.72077178955078,4180900,0.0,0.0,PEG
2022-04-18 00:00:00-04:00,65.89229913185308,66.2534036799804,65.29648248181492,65.38675689697266,2608900,0.0,0.0,PEG
2022-04-19 00:00:00-04:00,65.47702171790758,66.14506055718401,65.47702171790758,65.97354125976562,1793800,0.0,0.0,PEG
2022-04-20 00:00:00-04:00,66.6686577694892,67.5984971403593,66.48810897635722,67.46308898925781,2461100,0.0,0.0,PEG
2022-04-21 00:00:00-04:00,67.39086816338327,68.2575147865081,67.07490432487347,67.40892028808594,2812900,0.0,0.0,PEG
2022-04-22 00:00:00-04:00,67.41794098535361,67.4901632497179,66.65962098451708,66.69573211669922,2399400,0.0,0.0,PEG
2022-04-25 00:00:00-04:00,66.77700173008004,66.93046891724286,65.15203478513237,65.57633209228516,3894200,0.0,0.0,PEG
2022-04-26 00:00:00-04:00,65.29646342449776,65.82908713972517,64.24023861167788,64.33051300048828,5111900,0.0,0.0,PEG
2022-04-27 00:00:00-04:00,64.52008647162452,64.90827251330504,63.53607711073927,63.59926986694336,5887300,0.0,0.0,PEG
2022-04-28 00:00:00-04:00,63.85205982192953,64.24926855548682,63.418733063736376,64.23121643066406,3705200,0.0,0.0,PEG
2022-04-29 00:00:00-04:00,63.89720042615756,64.04164499020173,62.80486423868321,62.88611602783203,2958200,0.0,0.0,PEG
2022-05-02 00:00:00-04:00,63.16596798233707,63.52707250049845,61.39656341959172,62.154876708984375,3059900,0.0,0.0,PEG
2022-05-03 00:00:00-04:00,62.335432538283435,63.292353658981106,61.31531175584566,61.83891296386719,3187600,0.0,0.0,PEG
2022-05-04 00:00:00-04:00,62.20904064201166,62.732634909110025,61.43266841623375,62.534027099609375,2939900,0.0,0.0,PEG
2022-05-05 00:00:00-04:00,62.272242239539715,62.97639229125232,61.649337091872674,62.19099044799805,3500000,0.0,0.0,PEG
2022-05-06 00:00:00-04:00,61.811831525382935,62.87708607136024,61.811831525382935,62.6784782409668,4054400,0.0,0.0,PEG
2022-05-09 00:00:00-04:00,62.21806636240393,62.99443862688654,61.58613865293924,62.344451904296875,3174900,0.0,0.0,PEG
2022-05-10 00:00:00-04:00,62.17293393051253,63.265270073023174,61.17989481232502,61.68544387817383,2435300,0.0,0.0,PEG
2022-05-11 00:00:00-04:00,61.69447623759668,63.229168915955285,61.69447623759668,62.24515914916992,2394600,0.0,0.0,PEG
2022-05-12 00:00:00-04:00,62.25418005595186,62.45278788350425,61.06253997813331,61.64933395385742,4390600,0.0,0.0,PEG
2022-05-13 00:00:00-04:00,62.02849267127185,62.100714954162044,61.21600920749708,61.911136627197266,2760100,0.0,0.0,PEG
2022-05-16 00:00:00-04:00,62.02849013839588,62.09168291147039,61.279199480872634,61.44169616699219,2315500,0.0,0.0,PEG
2022-05-17 00:00:00-04:00,61.88405649005099,62.11876858387817,61.10768414893977,61.97433090209961,2357200,0.0,0.0,PEG
2022-05-18 00:00:00-04:00,62.17292613406126,62.21805988718555,61.11669437603049,61.261138916015625,3000800,0.0,0.0,PEG
2022-05-19 00:00:00-04:00,61.08060750625814,61.43268256327054,60.186872157691234,61.089630126953125,2471300,0.0,0.0,PEG
2022-05-20 00:00:00-04:00,61.34239417533098,61.43267547183298,60.26811699941552,60.98129653930664,2223300,0.0,0.0,PEG
2022-05-23 00:00:00-04:00,61.793771746107666,61.96529794068645,61.035458462172414,61.64030456542969,2329800,0.0,0.0,PEG
2022-05-24 00:00:00-04:00,61.658357364385225,62.21806276396993,61.143785720011664,62.01945495605469,2538200,0.0,0.0,PEG
2022-05-25 00:00:00-04:00,62.16389899818874,62.16389899818874,61.18891897860608,61.5048828125,3153900,0.0,0.0,PEG
2022-05-26 00:00:00-04:00,61.93821123473272,62.1187600339796,61.29725404366254,61.369476318359375,2263300,0.0,0.0,PEG
2022-05-27 00:00:00-04:00,61.089627541192485,62.33543789403998,61.089627541192485,62.32640838623047,1802200,0.0,0.0,PEG
2022-05-31 00:00:00-04:00,61.829878429484005,62.30833895092951,61.27919563263288,61.87501907348633,3606100,0.0,0.0,PEG
2022-06-01 00:00:00-04:00,61.83891443348159,62.33543401969772,61.0083788415346,61.47780990600586,2401300,0.0,0.0,PEG
2022-06-02 00:00:00-04:00,61.7666856603779,61.93821184259243,60.58407517246578,61.87501907348633,2438700,0.0,0.0,PEG
2022-06-03 00:00:00-04:00,61.68544578177338,62.01946177956628,61.34239338945095,61.83891296386719,1864300,0.0,0.0,PEG
2022-06-06 00:00:00-04:00,62.1458393622535,62.24514326440806,61.622245108841675,61.739601135253906,2210000,0.0,0.0,PEG
2022-06-07 00:00:00-04:00,61.38754183442299,62.389603730072864,60.86394055989488,62.24515914916992,2248400,0.0,0.0,PEG
2022-06-08 00:00:00-04:00,61.82659832785241,62.00857924382944,60.953110756749105,61.08049392700195,2289700,0.54,0.0,PEG
2022-06-09 00:00:00-04:00,60.96221541399884,61.044101624998234,59.269830968052254,59.28803253173828,2673800,0.0,0.0,PEG
2022-06-10 00:00:00-04:00,58.69661118308492,60.034141600586054,58.596523400696185,59.570098876953125,4033900,0.0,0.0,PEG
2022-06-13 00:00:00-04:00,58.68750836543181,59.06056407628299,57.149805907407746,57.41366958618164,3225900,0.0,0.0,PEG
2022-06-14 00:00:00-04:00,57.40456914124732,57.53195231803238,54.98427836953756,55.475616455078125,2699500,0.0,0.0,PEG
2022-06-15 00:00:00-04:00,55.93965350623812,55.948754287617774,54.42924659381049,55.066165924072266,2672900,0.0,0.0,PEG
2022-06-16 00:00:00-04:00,54.24727830328975,54.29277180507385,53.09172530912881,53.68315124511719,4270300,0.0,0.0,PEG
2022-06-17 00:00:00-04:00,53.71043804504169,54.2745684837455,52.94613553637858,53.8287239074707,5865800,0.0,0.0,PEG
2022-06-21 00:00:00-04:00,53.98340866259571,54.711315023815466,53.65584993231399,54.283668518066406,2165200,0.0,0.0,PEG
2022-06-22 00:00:00-04:00,53.965209597562165,54.765904845014404,53.88331991646691,54.42924880981445,2699400,0.0,0.0,PEG
2022-06-23 00:00:00-04:00,54.60212283431934,55.084363586680624,54.429246169695375,54.984275817871094,2661800,0.0,0.0,PEG
2022-06-24 00:00:00-04:00,55.22994741108413,56.91323105444576,55.19355122602314,56.876834869384766,3563800,0.0,0.0,PEG
2022-06-27 00:00:00-04:00,56.585674511649486,57.4227694456589,56.494687516421486,57.16800308227539,2007900,0.0,0.0,PEG
2022-06-28 00:00:00-04:00,57.50466028316744,57.886809835907876,56.92233517179261,56.986026763916016,2078300,0.0,0.0,PEG
2022-06-29 00:00:00-04:00,57.09521002342313,57.222593203584545,56.76765129104731,56.96782684326172,1542600,0.0,0.0,PEG
2022-06-30 00:00:00-04:00,56.713059147170036,57.64113757246729,56.34910423733998,57.57744598388672,4529100,0.0,0.0,PEG
2022-07-01 00:00:00-04:00,57.83221033388271,58.96046767079325,57.55014513192235,58.84217834472656,2130800,0.0,0.0,PEG
2022-07-05 00:00:00-04:00,58.64200521924093,58.72389836694002,56.11252949163258,56.92232894897461,2115400,0.0,0.0,PEG
2022-07-06 00:00:00-04:00,57.06791324473646,57.74122531535151,56.77675070540056,57.304481506347656,1796700,0.0,0.0,PEG
2022-07-07 00:00:00-04:00,57.40457225827154,57.64114053215622,57.04061732975356,57.14070510864258,2185400,0.0,0.0,PEG
2022-07-08 00:00:00-04:00,57.13160794191904,57.304484624390255,56.7312568253499,56.83134460449219,1509500,0.0,0.0,PEG
2022-07-11 00:00:00-04:00,56.50378388666391,57.049716261735135,56.16712784480868,56.84954071044922,1925000,0.0,0.0,PEG
2022-07-12 00:00:00-04:00,56.41279583134046,56.958724725206736,55.90325965171568,56.17622756958008,2415700,0.0,0.0,PEG
2022-07-13 00:00:00-04:00,55.77587888745274,56.267216995746836,55.411927432774135,55.50291442871094,4003800,0.0,0.0,PEG
2022-07-14 00:00:00-04:00,54.756812059411885,55.066172716790035,54.38375980824395,54.90239334106445,5241100,0.0,0.0,PEG
2022-07-15 00:00:00-04:00,55.21174594175595,55.39372338499978,54.329157598128575,55.09346008300781,3829400,0.0,0.0,PEG
2022-07-18 00:00:00-04:00,55.02067720702176,55.26634626163519,54.611228782666046,54.64762496948242,2850000,0.0,0.0,PEG
2022-07-19 00:00:00-04:00,54.84778623416867,55.138948729393306,54.711305766930664,54.96607208251953,2949800,0.0,0.0,PEG
2022-07-20 00:00:00-04:00,55.04797695037593,55.12986664170136,54.092599532200374,54.26547622680664,2954300,0.0,0.0,PEG
2022-07-21 00:00:00-04:00,54.08349130303622,54.474741610953075,53.619452096702695,54.22907257080078,2308400,0.0,0.0,PEG
2022-07-22 00:00:00-04:00,54.42925081789261,54.79320574083933,54.22907526317877,54.684017181396484,1468800,0.0,0.0,PEG
2022-07-25 00:00:00-04:00,54.684012710356754,55.26634123364581,54.684012710356754,55.22084426879883,1658000,0.0,0.0,PEG
2022-07-26 00:00:00-04:00,55.02977648795174,56.00335195908304,55.02977648795174,55.9123649597168,1815500,0.0,0.0,PEG
2022-07-27 00:00:00-04:00,55.90325868097196,56.48558722083028,55.63939502037955,56.321807861328125,2154500,0.0,0.0,PEG
2022-07-28 00:00:00-04:00,58.232562217337005,59.63378407871516,58.07788363999417,59.54279708862305,3961900,0.0,0.0,PEG
2022-07-29 00:00:00-04:00,59.38811644848347,60.143321717830865,59.38811644848347,59.752071380615234,4391200,0.0,0.0,PEG
2022-08-01 00:00:00-04:00,59.46090231212783,59.897649571233345,59.27892833692014,59.761165618896484,2546100,0.0,0.0,PEG
2022-08-02 00:00:00-04:00,59.25163907383677,59.67927865406844,57.77762473122926,59.278934478759766,3559500,0.0,0.0,PEG
2022-08-03 00:00:00-04:00,59.21523636562695,59.83395759590921,58.95136924399135,59.488197326660156,2553100,0.0,0.0,PEG
2022-08-04 00:00:00-04:00,59.606486319964496,59.7793595117481,58.84218036130223,58.89677810668945,1983200,0.0,0.0,PEG
2022-08-05 00:00:00-04:00,58.97867235022773,59.11515631950416,58.10518466546688,58.905879974365234,2499100,0.0,0.0,PEG
2022-08-08 00:00:00-04:00,59.497300122645804,59.77936187449007,59.215238370801536,59.54279708862305,1945500,0.0,0.0,PEG
2022-08-09 00:00:00-04:00,59.8066708050852,60.143323399684334,59.54280364545744,60.07963180541992,2086700,0.0,0.0,PEG
2022-08-10 00:00:00-04:00,60.5072708970262,60.75293646128645,60.17061140198736,60.58915710449219,2264900,0.0,0.0,PEG
2022-08-11 00:00:00-04:00,60.78933068480275,61.426253470401036,60.56185974891666,60.68014907836914,1867300,0.0,0.0,PEG
2022-08-12 00:00:00-04:00,61.016811147207704,61.562747032060614,60.70745395819665,61.517250061035156,2537200,0.0,0.0,PEG
2022-08-15 00:00:00-04:00,61.508143940560466,62.718291069440035,61.3352707377652,62.62730407714844,3409300,0.0,0.0,PEG
2022-08-16 00:00:00-04:00,62.418024101280196,62.8911675405396,62.381627918117005,62.590904235839844,2333200,0.0,0.0,PEG
2022-08-17 00:00:00-04:00,62.345244609860934,62.927576718867236,62.263358387230035,62.60911178588867,1892800,0.0,0.0,PEG
2022-08-18 00:00:00-04:00,62.79109124458158,63.25512704550439,62.7546950547686,63.136844635009766,2246100,0.0,0.0,PEG
2022-08-19 00:00:00-04:00,63.31880442937495,63.63726928328853,62.80927177009215,63.145931243896484,2664400,0.0,0.0,PEG
2022-08-22 00:00:00-04:00,62.736485573669654,62.83657334756174,61.635527002719236,61.73561477661133,2179300,0.0,0.0,PEG
2022-08-23 00:00:00-04:00,61.708311555100245,61.708311555100245,60.980401826627194,61.307960510253906,1842000,0.0,0.0,PEG
2022-08-24 00:00:00-04:00,61.33527329795591,61.54454269477542,60.86212981131011,61.18058776855469,1771600,0.0,0.0,PEG
2022-08-25 00:00:00-04:00,61.19878264162415,61.69921453633216,60.880324719198676,61.690120697021484,1521400,0.0,0.0,PEG
2022-08-26 00:00:00-04:00,61.8720945610164,61.98128310931206,60.56185974891666,60.68014907836914,1652100,0.0,0.0,PEG
2022-08-29 00:00:00-04:00,60.307107006394304,60.98041918467986,59.91585663079656,60.43449020385742,2942900,0.0,0.0,PEG
2022-08-30 00:00:00-04:00,60.23430306066593,60.479975567083144,59.115149906114624,59.342620849609375,1484900,0.0,0.0,PEG
2022-08-31 00:00:00-04:00,59.36991562382865,59.56099038131866,58.51462266394387,58.56011962890625,3011100,0.0,0.0,PEG
2022-09-01 00:00:00-04:00,58.651118151870335,59.00597233440689,58.105189174265135,58.98777770996094,2300400,0.0,0.0,PEG
2022-09-02 00:00:00-04:00,59.033263228524525,59.770273886712616,58.00509695028045,58.241668701171875,2289100,0.0,0.0,PEG
2022-09-06 00:00:00-04:00,58.51462849272386,58.77849564369321,57.65024160723276,57.8049201965332,2146100,0.0,0.0,PEG
2022-09-07 00:00:00-04:00,58.36904236115816,61.48084303535958,58.050580974773,61.171485900878906,4743200,0.0,0.0,PEG
2022-09-08 00:00:00-04:00,60.905487741502796,62.28136469199726,60.70369133573874,62.26301574707031,5641900,0.54,0.0,PEG
2022-09-09 00:00:00-04:00,62.48316151274647,62.694125394303065,61.886946763958,62.37308883666992,3301000,0.0,0.0,PEG
2022-09-12 00:00:00-04:00,62.428139139538374,63.53801269101979,62.31807343074376,63.45546340942383,4444200,0.0,0.0,PEG
2022-09-13 00:00:00-04:00,62.93261706050123,63.161929903019285,61.06142342578517,61.309078216552734,2826100,0.0,0.0,PEG
2022-09-14 00:00:00-04:00,61.40996728145334,62.65742951881553,61.39162533593546,61.703487396240234,2487400,0.0,0.0,PEG
2022-09-15 00:00:00-04:00,61.3824601780818,61.42832554594325,60.7587289647581,60.96969985961914,2854100,0.0,0.0,PEG
2022-09-16 00:00:00-04:00,60.71287006449303,61.226528589304735,60.71287006449303,60.86880111694336,3872700,0.0,0.0,PEG
2022-09-19 00:00:00-04:00,60.62113547517182,61.15314291237084,60.29093144312536,61.10728454589844,1892100,0.0,0.0,PEG
2022-09-20 00:00:00-04:00,60.63948330017782,60.67617419152131,59.575468445432655,59.969886779785156,1815100,0.0,0.0,PEG
2022-09-21 00:00:00-04:00,60.40100092268882,60.83211018348115,59.144371032714844,59.144371032714844,1426200,0.0,0.0,PEG
2022-09-22 00:00:00-04:00,59.05264031268882,59.07098925889493,58.29132349983981,58.676570892333984,1724600,0.0,0.0,PEG
2022-09-23 00:00:00-04:00,58.01614543076048,58.346356462623234,56.95213404977834,57.73179626464844,1925500,0.0,0.0,PEG
2022-09-26 00:00:00-04:00,57.456621486783256,57.65841789463346,55.200184104414184,55.76887893676758,2926900,0.0,0.0,PEG
2022-09-27 00:00:00-04:00,56.108260456896794,56.255024024273325,54.35631061025387,54.63148880004883,2754900,0.0,0.0,PEG
2022-09-28 00:00:00-04:00,55.484522992246426,55.484522992246426,54.42968278174498,54.92499923706055,2504900,0.0,0.0,PEG
2022-09-29 00:00:00-04:00,54.56728489063346,54.65900862692593,52.118221942418465,52.20994567871094,2772000,0.0,0.0,PEG
2022-09-30 00:00:00-04:00,52.558504151873045,52.705264234883124,51.41193990990794,51.57704544067383,4775300,0.0,0.0,PEG
2022-10-03 00:00:00-04:00,52.87953532146895,53.677542919570904,51.879731331120325,53.118019104003906,3027300,0.0,0.0,PEG
2022-10-04 00:00:00-04:00,53.37484835511117,54.88831429956757,53.16388098995687,54.86079788208008,2327600,0.0,0.0,PEG
2022-10-05 00:00:00-04:00,54.05361425305361,54.11782155803011,52.90705023699365,53.63167953491211,1965600,0.0,0.0,PEG
2022-10-06 00:00:00-04:00,53.25561165262267,53.47575000481101,51.75131658383423,51.971458435058594,2150600,0.0,0.0,PEG
2022-10-07 00:00:00-04:00,51.861387759439175,52.13656244123619,50.31123087035256,50.742340087890625,2073400,0.0,0.0,PEG
2022-10-10 00:00:00-04:00,50.92579597565532,51.47614539256571,50.75151947674215,50.82489776611328,2207800,0.0,0.0,PEG
2022-10-11 00:00:00-04:00,50.5130293051193,51.173451367270076,50.06357812318362,50.56806564331055,2082700,0.0,0.0,PEG
2022-10-12 00:00:00-04:00,50.38461486460628,50.494684042352276,49.036254315832544,49.05459976196289,2773800,0.0,0.0,PEG
2022-10-13 00:00:00-04:00,48.38500754264938,50.54972123615682,48.16486568439603,50.42130661010742,3305300,0.0,0.0,PEG
2022-10-14 00:00:00-04:00,51.01751868020957,51.06338054751843,49.118808681526296,49.357295989990234,2095200,0.0,0.0,PEG
2022-10-17 00:00:00-04:00,50.384614215238955,51.356901853399755,50.274545038911555,50.69647979736328,2626100,0.0,0.0,PEG
2022-10-18 00:00:00-04:00,51.411937117817345,51.8430463690751,50.898278604696145,51.08172607421875,3181600,0.0,0.0,PEG
2022-10-19 00:00:00-04:00,50.44882037098488,50.81572228238824,50.045231067669945,50.2653694152832,1931000,0.0,0.0,PEG
2022-10-20 00:00:00-04:00,49.9718499948904,50.2561991552148,49.07294414813597,49.32060241699219,3437200,0.0,0.0,PEG
2022-10-21 00:00:00-04:00,49.568263625906994,50.283718556792536,48.88032511573668,49.80674743652344,5527500,0.0,0.0,PEG
2022-10-24 00:00:00-04:00,50.58641981345225,51.1184238449056,50.210346851878384,50.65062713623047,4378700,0.0,0.0,PEG
2022-10-25 00:00:00-04:00,50.889107808950655,51.75132287473202,50.65979495644149,51.43946075439453,4305300,0.0,0.0,PEG
2022-10-26 00:00:00-04:00,51.861391720823036,52.072359109616485,50.852413145116216,50.971656799316406,3598700,0.0,0.0,PEG
2022-10-27 00:00:00-04:00,51.36607391630531,51.51283398753331,50.65978998007178,50.898277282714844,3484300,0.0,0.0,PEG
2022-10-28 00:00:00-04:00,50.94414131069749,52.71443671321478,50.80655220725441,52.6777458190918,4898600,0.0,0.0,PEG
2022-10-31 00:00:00-04:00,52.741952294989105,52.84285050270357,50.56806758882143,51.43028259277344,4165700,0.0,0.0,PEG
2022-11-01 00:00:00-04:00,51.732973331082285,51.953111677713515,50.797376610309726,51.668766021728516,3098700,0.0,0.0,PEG
2022-11-02 00:00:00-04:00,51.66876889284475,52.99878051682366,51.42111061484586,51.92559814453125,3689500,0.0,0.0,PEG
2022-11-03 00:00:00-04:00,51.35690871935627,52.61354218928311,51.04504309553831,52.3383674621582,4131800,0.0,0.0,PEG
2022-11-04 00:00:00-04:00,52.41173955363703,53.228092663742245,51.89808105687118,53.09967803955078,3259500,0.0,0.0,PEG
2022-11-07 00:00:00-05:00,53.14553852332532,53.43905865642545,51.843043370073005,52.56767272949219,3265600,0.0,0.0,PEG
2022-11-08 00:00:00-05:00,52.71443150393735,53.42071540034627,52.301667733433966,53.062984466552734,5497800,0.0,0.0,PEG
2022-11-09 00:00:00-05:00,52.79699052501379,52.83367792082983,52.24663759933737,52.53098678588867,5133100,0.0,0.0,PEG
2022-11-10 00:00:00-05:00,54.035275176133844,54.69569724689632,53.30147481919558,54.59479904174805,4473200,0.0,0.0,PEG
2022-11-11 00:00:00-05:00,54.42969649163452,54.43886746576797,52.89788488266322,53.466583251953125,4936000,0.0,0.0,PEG
2022-11-14 00:00:00-05:00,52.283333377669656,52.971271974744255,51.421118262322686,52.61354446411133,7448200,0.0,0.0,PEG
2022-11-15 00:00:00-05:00,52.879540495217945,53.182231614167534,51.80635462122035,52.38422393798828,3622400,0.0,0.0,PEG
2022-11-16 00:00:00-05:00,52.54014595771193,53.65002253394224,52.48511312683203,53.0079460144043,3418600,0.0,0.0,PEG
2022-11-17 00:00:00-05:00,52.136561000839,52.39339023021591,51.035858805024574,51.246826171875,3139700,0.0,0.0,PEG
2022-11-18 00:00:00-05:00,51.91642139157897,52.92539990567039,51.91642139157897,52.91622543334961,3487600,0.0,0.0,PEG
2022-11-21 00:00:00-05:00,52.95291529409713,53.411540928204026,52.76029336754086,53.062984466552734,2140400,0.0,0.0,PEG
2022-11-22 00:00:00-05:00,53.39319564192325,53.87934119486837,53.26478102383673,53.521610260009766,2646200,0.0,0.0,PEG
2022-11-23 00:00:00-05:00,53.46658409788229,54.14534816365789,53.33816946376455,54.12700271606445,2166600,0.0,0.0,PEG
2022-11-25 00:00:00-05:00,54.292098309225814,54.56727647373,54.15451272600943,54.319618225097656,1123100,0.0,0.0,PEG
2022-11-28 00:00:00-05:00,53.86099574956516,54.18203229478145,53.26478102383673,53.521610260009766,2738800,0.0,0.0,PEG
2022-11-29 00:00:00-05:00,53.27396130382411,53.5032741465595,52.75112480327402,53.466583251953125,2410000,0.0,0.0,PEG
2022-11-30 00:00:00-05:00,53.384019530992674,55.78721664984873,53.384019530992674,55.53955841064453,10096100,0.0,0.0,PEG
2022-12-01 00:00:00-05:00,55.95232689580028,56.59440347801828,55.273559423390196,55.4019775390625,2412900,0.0,0.0,PEG
2022-12-02 00:00:00-05:00,54.75073325619471,55.888126499567825,54.74156228203039,55.87895202636719,3755700,0.0,0.0,PEG
2022-12-05 00:00:00-05:00,55.447847076310104,55.70467634512833,55.016737804476925,55.28274154663086,2970900,0.0,0.0,PEG
2022-12-06 00:00:00-05:00,55.337771563395464,55.603771776104246,54.622313183563534,55.585426330566406,3143200,0.0,0.0,PEG
2022-12-07 00:00:00-05:00,55.29191463015913,55.63130017579992,54.842463392581955,54.98922348022461,2314500,0.0,0.0,PEG
2022-12-08 00:00:00-05:00,54.9707030756855,55.572337041757905,54.69302721859058,55.53531265258789,2050800,0.54,0.0,PEG
2022-12-09 00:00:00-05:00,55.303906021483954,55.887027692855995,55.22060292557366,55.322418212890625,2021000,0.0,0.0,PEG
2022-12-12 00:00:00-05:00,55.6463823630238,56.13694669307655,55.276149063353145,56.10917663574219,2869000,0.0,0.0,PEG
2022-12-13 00:00:00-05:00,56.9329470283423,57.72895370253443,55.95182547899471,56.57196807861328,2884800,0.0,0.0,PEG
2022-12-14 00:00:00-05:00,56.72932538036937,57.4975620720264,56.14620358155675,56.62751007080078,1984900,0.0,0.0,PEG
2022-12-15 00:00:00-05:00,56.442393700274536,56.646024326819,55.37796890433843,55.85001754760742,2469900,0.0,0.0,PEG
2022-12-16 00:00:00-05:00,55.10028521389526,55.229867045872105,53.98958177932803,54.83186721801758,5284000,0.0,0.0,PEG
2022-12-19 00:00:00-05:00,54.82260844554737,55.35945149007478,54.415350761686604,54.942935943603516,1995100,0.0,0.0,PEG
2022-12-20 00:00:00-05:00,54.86888713680256,55.25763615691499,54.452375121393594,54.80409622192383,1903300,0.0,0.0,PEG
2022-12-21 00:00:00-05:00,54.979961905944016,56.016620105067034,54.94293751612244,55.99810791015625,1692400,0.0,0.0,PEG
2022-12-22 00:00:00-05:00,55.7759636158913,55.905548976813954,54.67451452934921,55.6556396484375,1787100,0.0,0.0,PEG
2022-12-23 00:00:00-05:00,55.516800734148454,56.571971114861725,55.516800734148454,56.534950256347656,1341400,0.0,0.0,PEG
2022-12-27 00:00:00-05:00,56.66453491197173,57.349468494955275,56.405367704417706,57.21063232421875,1792000,0.0,0.0,PEG
2022-12-28 00:00:00-05:00,57.3124425981072,57.719703828918576,56.67378775548053,56.72932434082031,1819200,0.0,0.0,PEG
2022-12-29 00:00:00-05:00,57.062535015357284,57.45128050811721,56.95146184813438,57.22914123535156,1353400,0.0,0.0,PEG
2022-12-30 00:00:00-05:00,57.256909007780244,57.284675534770194,56.164714222200224,56.710811614990234,1815300,0.0,0.0,PEG
2023-01-03 00:00:00-05:00,56.89593024350964,57.46053983332321,55.85001417599992,57.432769775390625,2220400,0.0,0.0,PEG
2023-01-04 00:00:00-05:00,57.76598213723613,58.413894838195525,57.54383932830942,57.85853958129883,1960500,0.0,0.0,PEG
2023-01-05 00:00:00-05:00,57.40499914017248,57.608629739851374,56.294292235040196,56.57196807861328,2379500,0.0,0.0,PEG
2023-01-06 00:00:00-05:00,57.293929253414596,58.182493361221994,57.11806517962528,57.97886276245117,2248400,0.0,0.0,PEG
2023-01-09 00:00:00-05:00,57.849286926812304,59.015526997687125,57.812262535777485,58.765621185302734,2308300,0.0,0.0,PEG
2023-01-10 00:00:00-05:00,58.61752374599482,59.01552356855221,58.33059002840781,58.932220458984375,1416400,0.0,0.0,PEG
2023-01-11 00:00:00-05:00,58.959998170590104,59.469071225888754,58.86743718636457,59.20990753173828,1665800,0.0,0.0,PEG
2023-01-12 00:00:00-05:00,59.42278249116769,59.47832260648956,57.98812446587754,58.117706298828125,2546100,0.0,0.0,PEG
2023-01-13 00:00:00-05:00,57.84002713748886,58.32133005217142,57.608630011613045,57.99737548828125,2031800,0.0,0.0,PEG
2023-01-17 00:00:00-05:00,58.099193070032044,58.49719642463439,58.052914349207605,58.219520568847656,2883600,0.0,0.0,PEG
2023-01-18 00:00:00-05:00,58.17324428476321,58.275059599525534,56.238763896800265,56.303558349609375,2447200,0.0,0.0,PEG
2023-01-19 00:00:00-05:00,56.27578331993666,56.33131990422275,55.38721915639979,55.55382537841797,1959000,0.0,0.0,PEG
2023-01-20 00:00:00-05:00,55.442754484956914,55.970339665785104,54.58195686763934,55.93331527709961,2210600,0.0,0.0,PEG
2023-01-23 00:00:00-05:00,55.8407539858142,56.960715185025,55.60935686874553,56.35908126831055,2013300,0.0,0.0,PEG
2023-01-24 00:00:00-05:00,55.92406648732335,56.56272493782049,55.396481220902615,56.41463088989258,1481500,0.0,0.0,PEG
2023-01-25 00:00:00-05:00,55.91480195653023,56.37759621325729,55.5075442817128,56.322059631347656,1358400,0.0,0.0,PEG
2023-01-26 00:00:00-05:00,56.118440822426294,56.6275138736157,55.97960111262896,56.48867416381836,1635100,0.0,0.0,PEG
2023-01-27 00:00:00-05:00,56.42387729218131,56.655274430220935,56.044386127029924,56.11843490600586,2075000,0.0,0.0,PEG
2023-01-30 00:00:00-05:00,55.840762855540234,57.00700295724196,55.75745973893009,56.553462982177734,2231000,0.0,0.0,PEG
2023-01-31 00:00:00-05:00,56.87741895504399,57.34946757733966,56.11843660180611,57.32170104980469,3245300,0.0,0.0,PEG
2023-02-01 00:00:00-05:00,56.93295292106513,57.645656562868204,56.46090429121649,57.21063232421875,2647100,0.0,0.0,PEG
2023-02-02 00:00:00-05:00,57.36798097644223,57.74747216102435,56.738580446280636,57.50682067871094,2533500,0.0,0.0,PEG
2023-02-03 00:00:00-05:00,57.025508878843176,57.17360289976224,55.21135623987468,56.322059631347656,2121700,0.0,0.0,PEG
2023-02-06 00:00:00-05:00,56.09066556458601,56.80336918254805,55.88703848148269,56.72006607055664,1798600,0.0,0.0,PEG
2023-02-07 00:00:00-05:00,56.39610856334922,56.67378441198616,55.5445652925773,56.47015380859375,1392000,0.0,0.0,PEG
2023-02-08 00:00:00-05:00,56.11843788691975,56.210995334716046,55.38722204447198,55.66489791870117,1577900,0.0,0.0,PEG
2023-02-09 00:00:00-05:00,55.85001737974512,56.16471765125871,55.054010602926006,55.12805938720703,2107000,0.0,0.0,PEG
2023-02-10 00:00:00-05:00,55.313170846715785,56.210992880672265,55.109543764285775,56.13694763183594,2335400,0.0,0.0,PEG
2023-02-13 00:00:00-05:00,56.34982990715081,56.79411197163805,56.14619930352917,56.747833251953125,1281800,0.0,0.0,PEG
2023-02-14 00:00:00-05:00,56.68304230639972,57.03476340047964,56.2017358540988,56.60899353027344,1800700,0.0,0.0,PEG
2023-02-15 00:00:00-05:00,56.359091294967065,57.30319212426981,56.30355823672836,57.16435241699219,1939800,0.0,0.0,PEG
2023-02-16 00:00:00-05:00,56.49792763448727,57.26616431799952,55.90555150964885,57.173606872558594,1859200,0.0,0.0,PEG
2023-02-17 00:00:00-05:00,57.2754220891034,57.88631040821738,56.65527590695606,57.5993766784668,2762100,0.0,0.0,PEG
2023-02-21 00:00:00-05:00,56.75709125267298,57.48830707582089,56.210993851071905,56.5997428894043,3013600,0.0,0.0,PEG
2023-02-22 00:00:00-05:00,56.68304476348687,56.960720624317126,55.93331676148904,56.27578353881836,2543800,0.0,0.0,PEG
2023-02-23 00:00:00-05:00,56.6645338773494,56.84039443607412,55.637129990792886,56.035133361816406,2813900,0.0,0.0,PEG
2023-02-24 00:00:00-05:00,55.75745742566436,56.73857905743427,55.43349930524734,56.5997428894043,3010200,0.0,0.0,PEG
2023-02-27 00:00:00-05:00,56.849646364032395,58.20100831425528,56.673785812745066,56.94220733642578,3602000,0.0,0.0,PEG
2023-02-28 00:00:00-05:00,56.6182488135811,57.09955527397243,55.86852436232001,55.93331527709961,3077200,0.0,0.0,PEG
2023-03-01 00:00:00-05:00,56.05364154919603,56.05364154919603,54.165440137605025,54.18395233154297,2830700,0.0,0.0,PEG
2023-03-02 00:00:00-05:00,54.0358606906046,55.4334978514915,53.9432997168385,55.41498565673828,2480900,0.0,0.0,PEG
2023-03-03 00:00:00-05:00,55.600105049812385,55.89629310938495,54.98921673558895,55.87778091430664,3152900,0.0,0.0,PEG
2023-03-06 00:00:00-05:00,55.85926578239649,56.599739423237274,55.41498371639602,55.62786865234375,2479200,0.0,0.0,PEG
2023-03-07 00:00:00-05:00,55.72043316970478,55.76671189249316,53.89702253895273,54.19321060180664,2951100,0.0,0.0,PEG
2023-03-08 00:00:00-05:00,54.18395670341121,54.804099361589216,53.85999857961831,54.63749313354492,2637400,0.0,0.0,PEG
2023-03-09 00:00:00-05:00,54.8057217873494,55.37583645462449,53.83372312724978,53.98326110839844,2134400,0.57,0.0,PEG
2023-03-10 00:00:00-05:00,54.17954047626183,54.17954047626183,52.506581618004574,52.67481231689453,2767500,0.0,0.0,PEG
2023-03-13 00:00:00-04:00,52.51592574409195,54.48796059159844,52.41312126475667,53.33838653564453,4790300,0.0,0.0,PEG
2023-03-14 00:00:00-04:00,53.983264864221866,55.011341675754494,53.6561516218465,54.693572998046875,3673200,0.0,0.0,PEG
2023-03-15 00:00:00-04:00,54.282348365799,55.20761364176875,53.82438622785466,54.78703689575195,3621600,0.0,0.0,PEG
2023-03-16 00:00:00-04:00,54.235606678715456,55.38518056792824,54.12345408508331,55.3104133605957,3150500,0.0,0.0,PEG
2023-03-17 00:00:00-04:00,55.11414732454562,55.310415261463724,54.2356085426453,54.70291519165039,6263400,0.0,0.0,PEG
2023-03-20 00:00:00-04:00,54.9365692481893,55.572106584526175,54.796379390779805,55.441261291503906,2959300,0.0,0.0,PEG
2023-03-21 00:00:00-04:00,55.59079853781342,55.74968465241388,53.79634271696194,54.70291519165039,2849600,0.0,0.0,PEG
2023-03-22 00:00:00-04:00,54.60945924791352,54.861805284506936,53.36642176009414,53.39446258544922,2195600,0.0,0.0,PEG
2023-03-23 00:00:00-04:00,53.291647383997464,54.00195187783166,52.7402254296692,53.02995681762695,2032400,0.0,0.0,PEG
2023-03-24 00:00:00-04:00,53.19819158103467,54.98330654951702,52.87107832596921,54.93657302856445,1906200,0.0,0.0,PEG
2023-03-27 00:00:00-04:00,55.403875725172746,56.067453883070094,55.23564504460912,55.347801208496094,2200200,0.0,0.0,PEG
2023-03-28 00:00:00-04:00,55.18891087382187,56.49737083035398,55.17021818126951,55.96464157104492,2047500,0.0,0.0,PEG
2023-03-29 00:00:00-04:00,56.45999474790894,57.41330083355145,56.3478421393825,57.329185485839844,3131100,0.0,0.0,PEG
2023-03-30 00:00:00-04:00,57.71237132795305,57.974061911307786,57.31048732336296,57.82452392578125,2277600,0.0,0.0,PEG
2023-03-31 00:00:00-04:00,58.10490589389546,58.46940806784187,57.703025463626446,58.366600036621094,3131600,0.0,0.0,PEG
2023-04-03 00:00:00-04:00,57.90863630690315,58.338557547668806,57.25440631667427,57.30113983154297,3470000,0.0,0.0,PEG
2023-04-04 00:00:00-04:00,57.30114695450716,57.60956751243313,56.83384026986346,57.413299560546875,1938400,0.0,0.0,PEG
2023-04-05 00:00:00-04:00,57.562833108262815,59.273173587935766,57.48806233317031,59.039520263671875,3073900,0.0,0.0,PEG
2023-04-06 00:00:00-04:00,59.413366079296324,59.73113473793556,58.7497915044301,59.17036819458008,3869100,0.0,0.0,PEG
2023-04-10 00:00:00-04:00,58.84325410252239,59.12363738704613,58.25445027460258,59.09560012817383,4334800,0.0,0.0,PEG
2023-04-11 00:00:00-04:00,59.011481525412485,59.60028888606266,58.889980801568264,59.488136291503906,2916200,0.0,0.0,PEG
2023-04-12 00:00:00-04:00,59.81525155435865,59.81525155435865,59.198406915315005,59.43206024169922,3415700,0.0,0.0,PEG
2023-04-13 00:00:00-04:00,58.99278898587342,59.572251784015194,58.422674317041476,59.32925033569336,1885600,0.0,0.0,PEG
2023-04-14 00:00:00-04:00,58.889984068797176,59.51617685079714,58.72175695025912,59.34794616699219,2763600,0.0,0.0,PEG
2023-04-17 00:00:00-04:00,59.48813638230923,59.693748878436345,58.97409622882467,59.53486633300781,1730800,0.0,0.0,PEG
2023-04-18 00:00:00-04:00,59.48813825291595,59.7872142251114,59.16102145720624,59.63767623901367,2202200,0.0,0.0,PEG
2023-04-19 00:00:00-04:00,59.815254547797885,60.254523964268714,59.534871255158485,59.86198806762695,1485300,0.0,0.0,PEG
2023-04-20 00:00:00-04:00,59.82460369884929,60.09564243130868,59.49748688079818,59.777870178222656,1733600,0.0,0.0,PEG
2023-04-21 00:00:00-04:00,60.21713670925524,60.3947155224643,59.54421397555121,59.89936447143555,1163900,0.0,0.0,PEG
2023-04-24 00:00:00-04:00,59.81525455915764,60.0862932870429,59.41337053236693,60.002174377441406,1855600,0.0,0.0,PEG
2023-04-25 00:00:00-04:00,59.86198373252133,60.17040069724253,59.665712233147104,59.7217903137207,1623100,0.0,0.0,PEG
2023-04-26 00:00:00-04:00,59.36663846239554,59.78721516908168,58.37594706056449,58.403987884521484,2965900,0.0,0.0,PEG
2023-04-27 00:00:00-04:00,58.41333651214748,59.3292572008259,58.41333651214748,59.30121994018555,1843100,0.0,0.0,PEG
2023-04-28 00:00:00-04:00,59.25448165218299,59.62832481413391,58.68436699754622,59.06755828857422,1846500,0.0,0.0,PEG
2023-05-01 00:00:00-04:00,58.90867420698676,59.71244220245197,58.85259969166288,59.01148223876953,2289200,0.0,0.0,PEG
2023-05-02 00:00:00-04:00,59.84328979187517,60.27321106379303,58.38529529315079,58.70306396484375,2923500,0.0,0.0,PEG
2023-05-03 00:00:00-04:00,59.291864922437775,59.843286897669834,58.76848376985596,59.076904296875,2565600,0.0,0.0,PEG
2023-05-04 00:00:00-04:00,59.60963437622357,59.72179053779156,58.861944458770694,59.3572883605957,1923100,0.0,0.0,PEG
2023-05-05 00:00:00-04:00,59.42271324501922,59.899360877348236,59.35728703626424,59.64701843261719,1739700,0.0,0.0,PEG
2023-05-08 00:00:00-04:00,59.60029457408942,59.936752389875934,59.03952441724448,59.33860397338867,1468300,0.0,0.0,PEG
2023-05-09 00:00:00-04:00,59.086250036622936,59.572249348127556,58.833904034576314,59.54420852661133,2091300,0.0,0.0,PEG
2023-05-10 00:00:00-04:00,59.805908467502945,60.0862917530374,59.3105609789496,59.94609832763672,1977900,0.0,0.0,PEG
2023-05-11 00:00:00-04:00,59.96478872476652,60.030211366152855,59.12363181986622,59.29186248779297,1961500,0.0,0.0,PEG
2023-05-12 00:00:00-04:00,59.62832810941998,59.92740764688225,59.25448492680908,59.63767623901367,1726900,0.0,0.0,PEG
2023-05-15 00:00:00-04:00,59.77786470562067,59.86198360894078,58.28248487941255,58.460060119628906,1439000,0.0,0.0,PEG
2023-05-16 00:00:00-04:00,58.478759781864426,58.73110582609593,57.562839083505914,57.72172164916992,2079900,0.0,0.0,PEG
2023-05-17 00:00:00-04:00,57.927336374046725,57.9740663295976,57.21703177997902,57.50675964355469,1746400,0.0,0.0,PEG
2023-05-18 00:00:00-04:00,57.07683505844275,57.516104458891306,56.796451776030274,57.39460372924805,2067000,0.0,0.0,PEG
2023-05-19 00:00:00-04:00,57.70302767294154,58.28248693032958,57.4039481319088,57.553489685058594,2119900,0.0,0.0,PEG
2023-05-22 00:00:00-04:00,57.55349132076824,58.3292185408118,57.55349132076824,58.160987854003906,2113000,0.0,0.0,PEG
2023-05-23 00:00:00-04:00,58.104904234391825,58.3852910625375,57.26375444575466,57.30113983154297,2056200,0.0,0.0,PEG
2023-05-24 00:00:00-04:00,57.25441086845064,57.48806420030327,56.693644298111096,56.82448959350586,1934800,0.0,0.0,PEG
2023-05-25 00:00:00-04:00,56.68429796356292,56.70298709209268,55.66556932588502,55.91791534423828,1936000,0.0,0.0,PEG
2023-05-26 00:00:00-04:00,55.88987594997725,55.88987594997725,55.16087869960574,55.6749153137207,1799300,0.0,0.0,PEG
2023-05-30 00:00:00-04:00,55.628181365712535,56.0113726576538,55.44125800165827,55.581451416015625,2262600,0.0,0.0,PEG
2023-05-31 00:00:00-04:00,55.497341338988825,56.38522472842616,55.29172526251975,55.84314727783203,5032400,0.0,0.0,PEG
2023-06-01 00:00:00-04:00,56.03006353582986,56.03940809935993,55.03937223411635,55.983333587646484,3059500,0.0,0.0,PEG
2023-06-02 00:00:00-04:00,55.983338998686925,57.34787358302233,55.92726091628677,57.048797607421875,3150700,0.0,0.0,PEG
2023-06-05 00:00:00-04:00,56.89925972352426,57.824524910581864,56.89925972352426,57.34787368774414,2445200,0.0,0.0,PEG
2023-06-06 00:00:00-04:00,57.721718929769345,57.87125692316511,57.347875728913436,57.54414367675781,2199300,0.0,0.0,PEG
2023-06-07 00:00:00-04:00,57.63760302984417,58.7404470574781,57.30114522189847,58.61894989013672,2093700,0.0,0.0,PEG
2023-06-08 00:00:00-04:00,58.41144815454111,58.826448265076124,58.0813348391116,58.60951614379883,3237900,0.57,0.0,PEG
2023-06-09 00:00:00-04:00,58.69440464078978,58.7321329059229,58.26997065295557,58.543495178222656,2576000,0.0,0.0,PEG
2023-06-12 00:00:00-04:00,58.703837631543955,58.703837631543955,58.166218856319276,58.43031311035156,2490200,0.0,0.0,PEG
2023-06-13 00:00:00-04:00,57.892693704732,58.666105082124304,57.892693704732,58.44917297363281,2126900,0.0,0.0,PEG
2023-06-14 00:00:00-04:00,58.647245690828306,59.26974766923156,58.34542676784281,58.41144943237305,3889800,0.0,0.0,PEG
2023-06-15 00:00:00-04:00,58.449181085158536,58.79815856046997,58.07190561057576,58.72270202636719,4529200,0.0,0.0,PEG
2023-06-16 00:00:00-04:00,59.00565383478593,59.373495402500446,58.88303877955937,58.98678970336914,5333000,0.0,0.0,PEG
2023-06-20 00:00:00-04:00,58.26996429310372,59.0433756540922,58.04360192294197,58.49633026123047,4075300,0.0,0.0,PEG
2023-06-21 00:00:00-04:00,58.34542273061623,59.31690209688119,57.741784926414105,59.02451705932617,4664800,0.0,0.0,PEG
2023-06-22 00:00:00-04:00,59.17543010792552,59.345200102458996,58.24167534918207,58.58122253417969,1798400,0.0,0.0,PEG
2023-06-23 00:00:00-04:00,58.760433469869895,59.166003367682585,57.902135136863784,58.00588607788086,3000200,0.0,0.0,PEG
2023-06-26 00:00:00-04:00,58.14735738449753,58.85474614295631,57.77951220780813,58.61894989013672,1786900,0.0,0.0,PEG
2023-06-27 00:00:00-04:00,58.88304209587233,59.40179314617224,58.7981552986985,59.15656661987305,2159400,0.0,0.0,PEG
2023-06-28 00:00:00-04:00,59.1377089648473,59.241459905864374,57.80781806210232,58.00588607788086,2493600,0.0,0.0,PEG
2023-06-29 00:00:00-04:00,57.62860625491752,58.63781399052858,57.43997211956127,58.32656478881836,1887200,0.0,0.0,PEG
2023-06-30 00:00:00-04:00,58.43030874192383,59.1376974589012,58.37371634929821,59.05281066894531,2617700,0.0,0.0,PEG
2023-07-03 00:00:00-04:00,58.86417425685931,59.45838179966032,58.73212893578467,59.298038482666016,899600,0.0,0.0,PEG
2023-07-05 00:00:00-04:00,59.118835151664214,60.420427840517945,58.96792569797254,60.03372573852539,2469000,0.0,0.0,PEG
2023-07-06 00:00:00-04:00,59.50554661430225,59.62816168166523,59.062248477042985,59.354637145996094,2097400,0.0,0.0,PEG
2023-07-07 00:00:00-04:00,58.93963117380975,59.31690300825007,58.86417464814258,58.98678970336914,2002000,0.0,0.0,PEG
2023-07-10 00:00:00-04:00,58.83588516555724,59.099975831525946,58.22281343616934,58.637813568115234,2183700,0.0,0.0,PEG
2023-07-11 00:00:00-04:00,58.7227004913368,59.382930755615234,58.543496624475495,59.382930755615234,1491000,0.0,0.0,PEG
2023-07-12 00:00:00-04:00,59.760199660841614,60.38269799276175,59.57156194918684,60.09031295776367,1586400,0.0,0.0,PEG
2023-07-13 00:00:00-04:00,59.9677089093406,60.46759584869041,59.939410910420335,60.401573181152344,1344500,0.0,0.0,PEG
2023-07-14 00:00:00-04:00,60.3261099612117,60.38269875684865,59.86395133967263,60.212928771972656,1402000,0.0,0.0,PEG
2023-07-17 00:00:00-04:00,60.014871397448665,60.18464501029305,59.33577694607112,59.34520721435547,1636200,0.0,0.0,PEG
2023-07-18 00:00:00-04:00,59.345194792901324,59.72247020869206,58.46803610742313,59.090538024902344,1883500,0.0,0.0,PEG
2023-07-19 00:00:00-04:00,59.345195909789915,60.07144876017805,59.30747124587287,59.79792785644531,2256900,0.0,0.0,PEG
2023-07-20 00:00:00-04:00,60.06202342670464,60.92975193347143,59.65645357307418,60.797706604003906,1501300,0.0,0.0,PEG
2023-07-21 00:00:00-04:00,60.96747547689332,61.740886859277424,60.7977018955929,61.42963409423828,2031900,0.0,0.0,PEG
2023-07-24 00:00:00-04:00,61.486232333442224,61.50509286719623,60.844866246848966,60.89202117919922,2049600,0.0,0.0,PEG
2023-07-25 00:00:00-04:00,60.89202870735835,61.51453433715877,60.70339456277533,61.19384765625,2107600,0.0,0.0,PEG
2023-07-26 00:00:00-04:00,61.0146464687612,61.66543929502994,60.863733398597795,61.23157501220703,1585200,0.0,0.0,PEG
2023-07-27 00:00:00-04:00,60.882598198347424,61.24100592882842,59.57156794918169,59.70361328125,2060300,0.0,0.0,PEG
2023-07-28 00:00:00-04:00,60.15634079912667,60.26009172937235,59.19429162498315,59.590431213378906,2383600,0.0,0.0,PEG
2023-07-31 00:00:00-04:00,59.81679497879929,59.99600244349824,59.30747777914482,59.53384017944336,5086600,0.0,0.0,PEG
2023-08-01 00:00:00-04:00,60.57134018190029,61.58998168084812,59.55269868295245,59.609291076660156,3966400,0.0,0.0,PEG
2023-08-02 00:00:00-04:00,59.448949117540764,59.73190749457496,58.66610744218443,59.55270004272461,2686900,0.0,0.0,PEG
2023-08-03 00:00:00-04:00,59.184859445016706,59.23201797597745,57.44939888071832,57.7134895324707,2463300,0.0,0.0,PEG
2023-08-04 00:00:00-04:00,57.82667706349159,58.10963186062443,56.808035476254794,57.157012939453125,1894500,0.0,0.0,PEG
2023-08-07 00:00:00-04:00,57.30792107526381,57.73235506010155,57.05326428232654,57.06269454956055,1988700,0.0,0.0,PEG
2023-08-08 00:00:00-04:00,56.94950740550038,57.402235742725594,56.52507346498768,57.14757537841797,2548800,0.0,0.0,PEG
2023-08-09 00:00:00-04:00,56.911783813696395,57.79837643042079,56.911783813696395,57.26076126098633,2494900,0.0,0.0,PEG
2023-08-10 00:00:00-04:00,57.39280357980078,57.760648737792444,56.96837322467172,57.0815544128418,1616600,0.0,0.0,PEG
2023-08-11 00:00:00-04:00,57.18531209640517,57.62860663497446,56.97781022858623,57.41167449951172,1657000,0.0,0.0,PEG
2023-08-14 00:00:00-04:00,56.75144524214113,57.10042631661504,56.48735456780679,56.62883377075195,2237700,0.0,0.0,PEG
2023-08-15 00:00:00-04:00,56.40245948091256,56.44018774255161,55.98745939677827,56.05348205566406,2499500,0.0,0.0,PEG
2023-08-16 00:00:00-04:00,56.308151053562476,57.05326814427415,56.12894358229741,56.91178894042969,2289900,0.0,0.0,PEG
2023-08-17 00:00:00-04:00,57.0061008256915,57.47769333165575,56.930647895679165,56.96837615966797,2317200,0.0,0.0,PEG
2023-08-18 00:00:00-04:00,56.89291709756099,57.51541903378766,56.89291709756099,57.36450958251953,1977300,0.0,0.0,PEG
2023-08-21 00:00:00-04:00,57.30792362375415,57.40224429011553,56.35530828028019,56.81747055053711,1448200,0.0,0.0,PEG
2023-08-22 00:00:00-04:00,56.75144096401114,56.89292015629109,56.402463513810005,56.6476936340332,2482400,0.0,0.0,PEG
2023-08-23 00:00:00-04:00,57.15701323336397,57.34565096507769,56.53451123728451,57.298492431640625,1879100,0.0,0.0,PEG
2023-08-24 00:00:00-04:00,57.23246674338042,58.00587816440189,57.16644408046141,57.27019500732422,1831000,0.0,0.0,PEG
2023-08-25 00:00:00-04:00,57.43053263937333,57.93041952553435,57.18530612860524,57.647464752197266,1942000,0.0,0.0,PEG
2023-08-28 00:00:00-04:00,57.82667466041285,58.109629445787064,57.53428601001249,57.70405960083008,1249400,0.0,0.0,PEG
2023-08-29 00:00:00-04:00,58.0719009244011,58.37371984052548,57.609742283195445,58.31713104248047,1913100,0.0,0.0,PEG
2023-08-30 00:00:00-04:00,58.25110493461428,58.562357716541236,57.760651893096835,58.15678787231445,1890800,0.0,0.0,PEG
2023-08-31 00:00:00-04:00,58.38315261885682,58.44917528065736,57.59087707928517,57.6097412109375,2932300,0.0,0.0,PEG
2023-09-01 00:00:00-04:00,57.93042305370404,57.93042305370404,56.553373767755254,57.06269454956055,2235600,0.0,0.0,PEG
2023-09-05 00:00:00-04:00,57.043827352547154,57.15700854310163,55.33666123767671,55.534732818603516,3069100,0.0,0.0,PEG
2023-09-06 00:00:00-04:00,55.64791304705632,55.94030168206253,55.30836588329817,55.8742790222168,2504500,0.0,0.0,PEG
2023-09-07 00:00:00-04:00,56.379027931856186,57.54089054914615,56.236174213809576,57.29328155517578,2599900,0.57,0.0,PEG
2023-09-08 00:00:00-04:00,57.493272732833454,58.09325325083865,57.24566374369212,57.89326095581055,2143900,0.0,0.0,PEG
2023-09-11 00:00:00-04:00,57.712304427834,58.31228486262648,57.645640338737095,57.902774810791016,1778900,0.0,0.0,PEG
2023-09-12 00:00:00-04:00,57.91230587131276,57.91230587131276,57.39803687797996,57.740882873535156,2244000,0.0,0.0,PEG
2023-09-13 00:00:00-04:00,57.893257675519166,58.674183040074965,57.79802065976804,57.98849105834961,4304100,0.0,0.0,PEG
2023-09-14 00:00:00-04:00,58.359905559758666,58.740846351845285,58.064679897166144,58.464664459228516,3745100,0.0,0.0,PEG
2023-09-15 00:00:00-04:00,58.34085939394307,59.036076899180884,58.217056721872304,58.426570892333984,5379900,0.0,0.0,PEG
2023-09-18 00:00:00-04:00,58.540859939000306,58.60752403935984,57.90278459323209,58.40753173828125,3329200,0.0,0.0,PEG
2023-09-19 00:00:00-04:00,58.29324711381984,58.7027572334661,57.731361389160156,57.731361389160156,3164200,0.0,0.0,PEG
2023-09-20 00:00:00-04:00,57.97897152533488,58.43609832072301,57.55993590487179,57.80754852294922,2562100,0.0,0.0,PEG
2023-09-21 00:00:00-04:00,57.7408850461896,58.34086192806619,57.178999339647405,57.5599365234375,2069700,0.0,0.0,PEG
2023-09-22 00:00:00-04:00,57.35994175865391,57.902780037685275,57.08375986008126,57.63612365722656,2077700,0.0,0.0,PEG
2023-09-25 00:00:00-04:00,57.28375555053525,57.49326972023929,56.88376734851716,57.417083740234375,1286600,0.0,0.0,PEG
2023-09-26 00:00:00-04:00,57.30280053457763,57.4075594381089,55.44572409168972,55.68381118774414,1722200,0.0,0.0,PEG
2023-09-27 00:00:00-04:00,55.655241347077535,55.83618987516606,54.979074828749276,55.14097595214844,2358200,0.0,0.0,PEG
2023-09-28 00:00:00-04:00,55.29334542188998,55.445721009577746,53.84577552239596,53.96005630493164,2788200,0.0,0.0,PEG
2023-09-29 00:00:00-04:00,54.512415859460226,54.60764923204504,53.721965061909195,54.19813919067383,2980000,0.0,0.0,PEG
2023-10-02 00:00:00-04:00,53.893394322689446,54.16005070335439,51.56966561123026,52.08393096923828,4150800,0.0,0.0,PEG
2023-10-03 00:00:00-04:00,51.72203723854958,53.14103416446657,51.15062608147419,52.8838996887207,3467200,0.0,0.0,PEG
2023-10-04 00:00:00-04:00,53.09342145859697,53.56959564208215,52.188689783391,53.4457893371582,3469500,0.0,0.0,PEG
2023-10-05 00:00:00-04:00,53.34103168198243,53.9791069918817,52.95056898771719,53.86482620239258,3785900,0.0,0.0,PEG
2023-10-06 00:00:00-04:00,53.08389926610251,54.78860007209096,52.44582397480752,54.58860778808594,3146500,0.0,0.0,PEG
2023-10-09 00:00:00-04:00,54.54099048410344,55.636188907727615,54.53146496616026,55.62666702270508,2469900,0.0,0.0,PEG
2023-10-10 00:00:00-04:00,55.63619121928628,56.49330622375175,55.598100044692885,56.23617172241211,2388800,0.0,0.0,PEG
2023-10-11 00:00:00-04:00,56.407593009223305,57.93135256720091,56.264742934767106,57.874210357666016,2594100,0.0,0.0,PEG
2023-10-12 00:00:00-04:00,57.61707842556604,58.50276273166709,57.093287530099616,57.68374252319336,3886100,0.0,0.0,PEG
2023-10-13 00:00:00-04:00,58.09324519374804,58.37894895172338,57.58850176689426,57.902774810791016,2859700,0.0,0.0,PEG
2023-10-16 00:00:00-04:00,58.207530745196166,58.407526661813186,57.60755389410716,57.98849105834961,1976200,0.0,0.0,PEG
2023-10-17 00:00:00-04:00,57.67421683930849,58.17896029750825,57.53136313498902,57.91230392456055,1730200,0.0,0.0,PEG
2023-10-18 00:00:00-04:00,57.73135609036068,57.950395775405624,56.93138332923445,57.32184600830078,2330600,0.0,0.0,PEG
2023-10-19 00:00:00-04:00,57.09328469179828,57.85516265032126,56.92186169701553,56.97900390625,1937600,0.0,0.0,PEG
2023-10-20 00:00:00-04:00,56.92185948076184,57.569456628522325,56.45520720581775,56.4742546081543,3233400,0.0,0.0,PEG
2023-10-23 00:00:00-04:00,55.655235163079034,57.03614096979403,55.455242885443774,56.34092712402344,2581100,0.0,0.0,PEG
2023-10-24 00:00:00-04:00,56.88376879908349,58.007540187948194,56.721871316869134,57.59803009033203,2782500,0.0,0.0,PEG
2023-10-25 00:00:00-04:00,57.31232282174414,57.87420848207185,57.25518061406112,57.70278549194336,2295200,0.0,0.0,PEG
2023-10-26 00:00:00-04:00,57.92182852009147,58.645615327564784,57.73135811639214,58.283721923828125,2576000,0.0,0.0,PEG
2023-10-27 00:00:00-04:00,58.093256051921,58.25515354629638,56.97901009767807,57.24566650390625,2199100,0.0,0.0,PEG
2023-10-30 00:00:00-04:00,57.63612757215087,58.16944400221445,56.93138813359975,57.29328155517578,2451100,0.0,0.0,PEG
2023-10-31 00:00:00-04:00,58.50275866196029,58.92179062259958,57.550410324481426,58.712276458740234,3948100,0.0,0.0,PEG
2023-11-01 00:00:00-04:00,58.40753225878071,59.864624226653895,58.255153018977,59.40749740600586,3482200,0.0,0.0,PEG
2023-11-02 00:00:00-04:00,59.2265496012157,60.664597814662464,59.2265496012157,60.3979377746582,3079200,0.0,0.0,PEG
2023-11-03 00:00:00-04:00,61.188387165316406,61.24552574654922,60.51222064597426,60.559837341308594,2538000,0.0,0.0,PEG
2023-11-06 00:00:00-05:00,60.57887630730519,60.788394097095335,59.788425469766345,60.016990661621094,3178900,0.0,0.0,PEG
2023-11-07 00:00:00-05:00,60.15032282116325,60.15032282116325,59.05512074400111,59.331302642822266,2170300,0.0,0.0,PEG
2023-11-08 00:00:00-05:00,58.978935234430104,59.312255712964195,58.08372906856659,58.750370025634766,2613800,0.0,0.0,PEG
2023-11-09 00:00:00-05:00,58.902747763515464,59.20749896438282,58.02658896925202,58.121822357177734,1814700,0.0,0.0,PEG
2023-11-10 00:00:00-05:00,58.4646688917187,58.71228151522391,58.10277547509158,58.67418670654297,1826400,0.0,0.0,PEG
2023-11-13 00:00:00-05:00,58.56942882713358,58.73132631748781,57.96944829510117,58.41705322265625,1935600,0.0,0.0,PEG
2023-11-14 00:00:00-05:00,59.50272948082938,60.29318042166933,59.2551204874714,60.23603820800781,3442100,0.0,0.0,PEG
2023-11-15 00:00:00-05:00,60.093181164843585,60.67411425636427,59.55034288032247,59.8836669921875,2573600,0.0,0.0,PEG
2023-11-16 00:00:00-05:00,60.2550864451724,60.73126066683529,60.20746974959031,60.436031341552734,2766000,0.0,0.0,PEG
2023-11-17 00:00:00-05:00,60.70268972319797,60.95982423184494,60.321748903071885,60.71221160888672,2106000,0.0,0.0,PEG
2023-11-20 00:00:00-05:00,60.38841238405324,60.988392898093394,59.88366889053104,60.95982360839844,3404000,0.0,0.0,PEG
2023-11-21 00:00:00-05:00,61.17885918028671,61.39790250925247,60.63602088293171,61.08362579345703,2815600,0.0,0.0,PEG
2023-11-22 00:00:00-05:00,61.331237397351586,61.59789378240035,60.84553768696046,61.5693244934082,2003400,0.0,0.0,PEG
2023-11-24 00:00:00-05:00,61.788361437597985,62.0835943817076,61.49313575933002,61.98835372924805,1199700,0.0,0.0,PEG
2023-11-27 00:00:00-05:00,62.08358877910569,62.11215806592872,61.29313793641061,61.369327545166016,3378900,0.0,0.0,PEG
2023-11-28 00:00:00-05:00,61.5407517736558,62.06453899627544,61.32170846052461,61.331233978271484,2738300,0.0,0.0,PEG
2023-11-29 00:00:00-05:00,61.331239091867765,61.502662096398424,60.2074676767983,60.274131774902344,3874200,0.0,0.0,PEG
2023-11-30 00:00:00-05:00,60.16937377595201,60.388413477728996,59.321784259056436,59.45511245727539,18266200,0.0,0.0,PEG
2023-12-01 00:00:00-05:00,59.4360674255931,60.578886307682716,59.2932137029865,60.3979377746582,3563500,0.0,0.0,PEG
2023-12-04 00:00:00-05:00,59.86461809637057,60.921725350271736,59.664625813989446,60.26460266113281,2563200,0.0,0.0,PEG
2023-12-05 00:00:00-05:00,60.24555415112308,60.24555415112308,59.331300620247795,59.61700439453125,3434900,0.0,0.0,PEG
2023-12-06 00:00:00-05:00,59.95032866136711,60.32174393227718,59.66462488627633,60.178890228271484,3935200,0.0,0.0,PEG
2023-12-07 00:00:00-05:00,60.409540426006146,60.82277810603305,59.861760927549945,59.986690521240234,3237800,0.57,0.0,PEG
2023-12-08 00:00:00-05:00,59.94824837030275,60.140452525571234,59.40046891068064,60.13084030151367,2835000,0.0,0.0,PEG
2023-12-11 00:00:00-05:00,59.92902699137447,60.63056903502721,59.75604361995442,60.52485656738281,2563200,0.0,0.0,PEG
2023-12-12 00:00:00-05:00,60.65940086636726,60.65940086636726,59.90980867008562,60.05396270751953,1612200,0.0,0.0,PEG
2023-12-13 00:00:00-05:00,60.28460761588036,62.21625054600061,59.82331980668731,62.004825592041016,3094600,0.0,0.0,PEG
2023-12-14 00:00:00-05:00,62.33156974333151,62.418057763052225,60.33265241402839,60.52485656738281,4457900,0.0,0.0,PEG
2023-12-15 00:00:00-05:00,59.909804131702614,60.15005839856604,58.545157989604,59.1409912109375,6826900,0.0,0.0,PEG
2023-12-18 00:00:00-05:00,59.189045371822644,59.35241652476796,58.7950284939075,59.29475784301758,3116700,0.0,0.0,PEG
2023-12-19 00:00:00-05:00,59.41007872869552,59.75604548231806,59.02567041000616,59.74643325805664,2165000,0.0,0.0,PEG
2023-12-20 00:00:00-05:00,59.55423543734957,59.842539856310275,58.352963970021975,58.37218475341797,2762800,0.0,0.0,PEG
2023-12-21 00:00:00-05:00,58.42984156525366,58.72775819936053,57.68985792517361,57.99738311767578,2191100,0.0,0.0,PEG
2023-12-22 00:00:00-05:00,58.34334898909168,58.86229911829863,58.26646952512922,58.28569030761719,2063400,0.0,0.0,PEG
2023-12-26 00:00:00-05:00,58.14153754787847,58.61243756419419,58.14153754787847,58.352962493896484,1217200,0.0,0.0,PEG
2023-12-27 00:00:00-05:00,58.276078747322344,58.525945256523286,58.06465380353531,58.2952995300293,1592400,0.0,0.0,PEG
2023-12-28 00:00:00-05:00,58.0934828096895,58.70853314999565,58.0934828096895,58.59321212768555,1324300,0.0,0.0,PEG
2023-12-29 00:00:00-05:00,58.30490576994471,58.80463510248585,58.23763486614007,58.766197204589844,1981900,0.0,0.0,PEG
2024-01-02 00:00:00-05:00,58.487499311789854,59.40046625906869,58.362566066543906,59.1409912109375,2341500,0.0,0.0,PEG
2024-01-03 00:00:00-05:00,59.208266572475466,59.42930007472133,58.8046374674256,59.40047073364258,2830600,0.0,0.0,PEG
2024-01-04 00:00:00-05:00,59.36203150534597,59.78487774376986,58.968014609135864,59.38125228881836,2649200,0.0,0.0,PEG
2024-01-05 00:00:00-05:00,59.16981911513196,59.48695649937673,58.82385239267914,59.32358169555664,2706000,0.0,0.0,PEG
2024-01-08 00:00:00-05:00,59.36202562330086,59.880975727665174,59.064109007983,59.75604248046875,2010800,0.0,0.0,PEG
2024-01-09 00:00:00-05:00,59.47735086331667,59.611892677840636,59.06411319528479,59.41007995605469,1657300,0.0,0.0,PEG
2024-01-10 00:00:00-05:00,59.32358681819233,59.775266041062906,58.94879072516756,59.59267044067383,1976100,0.0,0.0,PEG
2024-01-11 00:00:00-05:00,59.36202649447123,59.390855834251475,57.54570476852985,57.95894241333008,2635400,0.0,0.0,PEG
2024-01-12 00:00:00-05:00,58.42984325251316,58.59321807786674,57.747521941070154,57.96855545043945,4836300,0.0,0.0,PEG
2024-01-16 00:00:00-05:00,57.73791273837647,57.8724545542319,56.863383603337134,57.05558776855469,2842100,0.0,0.0,PEG
2024-01-17 00:00:00-05:00,56.700006012964266,57.439989582204696,56.05612634842402,56.51741409301758,2479800,0.0,0.0,PEG
2024-01-18 00:00:00-05:00,56.16183825761228,56.315600847666396,55.55640012139321,56.056129455566406,2698300,0.0,0.0,PEG
2024-01-19 00:00:00-05:00,56.33481850771821,56.35403928865846,55.71015962411095,56.267547607421875,2802600,0.0,0.0,PEG
2024-01-22 00:00:00-05:00,55.940809466925906,56.5078097527957,55.7197759542634,55.767826080322266,2285200,0.0,0.0,PEG
2024-01-23 00:00:00-05:00,55.633285481485345,55.96964370325598,55.479522875129824,55.88315200805664,2034700,0.0,0.0,PEG
2024-01-24 00:00:00-05:00,56.15223027908952,56.2002804016043,54.63382147889468,54.75875473022461,2664000,0.0,0.0,PEG
2024-01-25 00:00:00-05:00,55.11433152314795,55.34497724982744,54.69148530122326,55.22965621948242,3079300,0.0,0.0,PEG
2024-01-26 00:00:00-05:00,55.46029367406857,55.61405625708807,55.1143269457774,55.421852111816406,1678000,0.0,0.0,PEG
2024-01-29 00:00:00-05:00,55.383420746726046,55.940808801156635,55.0182331942435,55.758216857910156,1992700,0.0,0.0,PEG
2024-01-30 00:00:00-05:00,55.63327750100858,56.2387192805546,55.35458167134574,55.979244232177734,1874800,0.0,0.0,PEG
2024-01-31 00:00:00-05:00,56.4117105246684,56.69040639325424,55.44108109710795,55.72938919067383,2787200,0.0,0.0,PEG
2024-02-01 00:00:00-05:00,55.43146449082914,56.72883605957031,55.104718542747705,56.72883605957031,2304100,0.0,0.0,PEG
2024-02-02 00:00:00-05:00,56.20989780345729,56.421319095195216,55.364201638536485,55.93120193481445,3219500,0.0,0.0,PEG
2024-02-05 00:00:00-05:00,55.441081108443996,56.56547314200763,55.00862629998614,55.93120193481445,4118300,0.0,0.0,PEG
2024-02-06 00:00:00-05:00,55.796655946648336,56.95948579534239,55.67172269313899,56.680789947509766,3858200,0.0,0.0,PEG
2024-02-07 00:00:00-05:00,56.82494230657722,56.95948411439089,56.277162851341956,56.709617614746094,3738800,0.0,0.0,PEG
2024-02-08 00:00:00-05:00,56.38287752724661,56.49820223109242,55.28731850263928,55.93120193481445,2792900,0.0,0.0,PEG
2024-02-09 00:00:00-05:00,55.767820195875295,56.33482042191699,55.575619711920204,56.142616271972656,1436500,0.0,0.0,PEG
2024-02-12 00:00:00-05:00,56.13301316963038,57.055588779839425,55.940809001006095,57.01715087890625,1975400,0.0,0.0,PEG
2024-02-13 00:00:00-05:00,56.70000601360482,57.03636051508649,55.16238019827559,56.267547607421875,2325600,0.0,0.0,PEG
2024-02-14 00:00:00-05:00,56.315606188520796,56.87299792157214,56.171455808793134,56.478981018066406,2788300,0.0,0.0,PEG
2024-02-15 00:00:00-05:00,56.76727727562192,57.52648163064861,56.66156481277147,57.276615142822266,2639700,0.0,0.0,PEG
2024-02-16 00:00:00-05:00,56.98831704849729,57.75713004591246,56.71923341589936,57.4592170715332,2411600,0.0,0.0,PEG
2024-02-20 00:00:00-05:00,57.536096972339486,58.22803050822795,57.257404779041806,57.76674270629883,2225300,0.0,0.0,PEG
2024-02-21 00:00:00-05:00,58.16075459946116,58.77580494915713,57.853229424613176,58.75658416748047,2725900,0.0,0.0,PEG
2024-02-22 00:00:00-05:00,58.189584934560266,58.2952974025959,57.747517946401516,58.0166015625,3221200,0.0,0.0,PEG
2024-02-23 00:00:00-05:00,58.256856908796564,58.622044441631296,58.01660262829808,58.38179016113281,2624900,0.0,0.0,PEG
2024-02-26 00:00:00-05:00,58.20880973863279,58.20880973863279,56.978708933198234,57.3150634765625,3174800,0.0,0.0,PEG
2024-02-27 00:00:00-05:00,57.6514183697523,59.66955284583206,57.343889520093434,59.17943572998047,4075600,0.0,0.0,PEG
2024-02-28 00:00:00-05:00,59.18904833187489,60.246165764712025,58.96801482013585,60.188507080078125,3925500,0.0,0.0,PEG
2024-02-29 00:00:00-05:00,60.41914380400311,60.65939807802283,59.70799320585873,59.96746826171875,4493900,0.0,0.0,PEG
2024-03-01 00:00:00-05:00,59.8137092590332,60.08279288895125,59.08333416927062,59.8137092590332,4148200,0.0,0.0,PEG
2024-03-04 00:00:00-05:00,59.61189063975805,61.04380775821306,59.57345274120072,60.890045166015625,3236800,0.0,0.0,PEG
2024-03-05 00:00:00-05:00,61.25523362041926,62.72558499360216,61.10147102590444,61.7069091796875,3883600,0.0,0.0,PEG
2024-03-06 00:00:00-05:00,62.120143070391975,62.43728046445407,61.7261298827214,62.36039733886719,3038800,0.0,0.0,PEG
2024-03-07 00:00:00-05:00,63.2721863957782,63.41767836708253,62.60289372615644,63.30128479003906,3531200,0.6,0.0,PEG
2024-03-08 00:00:00-05:00,63.53408710308243,63.6213822965252,62.205203533115935,62.33130645751953,3429800,0.0,0.0,PEG
2024-03-11 00:00:00-04:00,62.38950272790235,63.281888121923075,62.01120875868907,63.00059127807617,2571500,0.0,0.0,PEG
2024-03-12 00:00:00-04:00,62.583493685806175,62.80659372277611,61.70081027088634,62.08880615234375,2146300,0.0,0.0,PEG
2024-03-13 00:00:00-04:00,62.321598982293914,62.68049645769987,61.9433050435389,62.01120376586914,2515800,0.0,0.0,PEG
2024-03-14 00:00:00-04:00,62.253704432539365,62.253704432539365,61.49711650431878,62.06940841674805,2298900,0.0,0.0,PEG
2024-03-15 00:00:00-04:00,61.88511137784964,62.67080143743835,61.681415188394396,61.8657112121582,5536400,0.0,0.0,PEG
2024-03-18 00:00:00-04:00,61.58441424751087,62.12760775263288,61.40981646730033,62.10820388793945,2856400,0.0,0.0,PEG
2024-03-19 00:00:00-04:00,62.379797743399536,62.49619872838821,61.788109387287136,62.147003173828125,2319000,0.0,0.0,PEG
2024-03-20 00:00:00-04:00,61.89480371475118,62.593191070350194,61.63290706882554,61.9724006652832,3396000,0.0,0.0,PEG
2024-03-21 00:00:00-04:00,62.2730962596712,62.53499661557056,61.76870681188842,61.92390441894531,2588300,0.0,0.0,PEG
2024-03-22 00:00:00-04:00,62.399195047095496,63.39827934521827,62.3409908605178,63.078182220458984,3913500,0.0,0.0,PEG
2024-03-25 00:00:00-04:00,63.16549138515149,63.398285954515735,62.59319579330722,63.3594856262207,3792300,0.0,0.0,PEG
2024-03-26 00:00:00-04:00,63.41767456437744,64.193666233362,63.17517809287039,63.54377746582031,3871700,0.0,0.0,PEG
2024-03-27 00:00:00-04:00,64.22277803270727,64.64957427978516,63.88328438180739,64.64957427978516,3376600,0.0,0.0,PEG
2024-03-28 00:00:00-04:00,64.67866816120697,65.00845985607512,64.43617165601354,64.77566528320312,3051400,0.0,0.0,PEG
2024-04-01 00:00:00-04:00,64.53317063255751,64.72717228253107,63.80568109607071,64.6398696899414,2973200,0.0,0.0,PEG
2024-04-02 00:00:00-04:00,64.48467208737873,65.48375647636037,64.3585691719966,64.42646789550781,3831800,0.0,0.0,PEG
2024-04-03 00:00:00-04:00,64.42647157517361,64.86296973730944,64.03847567563274,64.6398696899414,3777000,0.0,0.0,PEG
2024-04-04 00:00:00-04:00,65.13455682636972,65.22185200807189,63.81537536656436,64.12577056884766,2550400,0.0,0.0,PEG
2024-04-05 00:00:00-04:00,63.8250767394618,64.65926522587414,63.47588121489825,64.5234603881836,1891900,0.0,0.0,PEG
2024-04-08 00:00:00-04:00,64.48466896841876,65.12485584478792,64.19367022435657,64.78536224365234,1852100,0.0,0.0,PEG
2024-04-09 00:00:00-04:00,65.06666610247757,65.38676327552955,64.63986987174161,65.18305969238281,2886600,0.0,0.0,PEG
2024-04-10 00:00:00-04:00,64.15487380030636,64.68836906339867,63.873576970712776,64.57196807861328,3182100,0.0,0.0,PEG
2024-04-11 00:00:00-04:00,64.97935204019359,64.97935204019359,64.01906809094284,64.45555877685547,1883600,0.0,0.0,PEG
2024-04-12 00:00:00-04:00,64.47497262103538,64.85326658083707,63.825083756802314,63.892982482910156,2017000,0.0,0.0,PEG
2024-04-15 00:00:00-04:00,64.42647193864784,64.54287292928868,63.01029318767931,63.24308776855469,1734900,0.0,0.0,PEG
2024-04-16 00:00:00-04:00,63.078186036509116,63.116986363106506,62.108200072791234,62.3506965637207,2226200,0.0,0.0,PEG
2024-04-17 00:00:00-04:00,62.806587351113585,63.330380627881915,62.467093764431844,63.078182220458984,2147300,0.0,0.0,PEG
2024-04-18 00:00:00-04:00,63.27218674148047,63.53407969166463,62.86478701838604,63.14608383178711,2150600,0.0,0.0,PEG
2024-04-19 00:00:00-04:00,63.31098162626973,63.941473993030684,63.30128709476678,63.766876220703125,2954800,0.0,0.0,PEG
2024-04-22 00:00:00-04:00,63.80566889373767,65.05695154524574,63.66016953418467,64.70775604248047,2685100,0.0,0.0,PEG
2024-04-23 00:00:00-04:00,64.53316983635193,65.2024625697921,64.30037525966212,64.49436950683594,2178800,0.0,0.0,PEG
2024-04-24 00:00:00-04:00,63.94147158553768,65.31884984848044,63.398281825595284,65.212158203125,3465800,0.0,0.0,PEG
2024-04-25 00:00:00-04:00,64.99876923068915,66.25974669323809,64.60107138607475,66.04634857177734,2527200,0.0,0.0,PEG
2024-04-26 00:00:00-04:00,66.08513999214551,66.33733841081177,65.6292528127947,65.7844467163086,2973100,0.0,0.0,PEG
2024-04-29 00:00:00-04:00,66.06575776387467,66.80294931551589,66.02695742953492,66.57984924316406,2912300,0.0,0.0,PEG
2024-04-30 00:00:00-04:00,65.51285818016156,67.69532677517567,64.57197053513492,67.00663757324219,4890600,0.0,0.0,PEG
2024-05-01 00:00:00-04:00,66.8029323266121,68.34520637225876,66.24033872237152,67.71471405029297,4809900,0.0,0.0,PEG
2024-05-02 00:00:00-04:00,67.81172722884851,68.10271859897524,67.38493100550859,67.91841888427734,3572800,0.0,0.0,PEG
2024-05-03 00:00:00-04:00,68.36460841739614,68.42280520235498,67.61771514186772,68.33550262451172,2393500,0.0,0.0,PEG
2024-05-06 00:00:00-04:00,68.52951381159606,69.26670525910892,68.17061631995293,69.19879913330078,2064500,0.0,0.0,PEG
2024-05-07 00:00:00-04:00,69.82928223814028,70.05238224930334,69.36369315457267,69.81958770751953,3912900,0.0,0.0,PEG
2024-05-08 00:00:00-04:00,69.64500280454646,70.74108439978949,69.34430209049073,70.38218688964844,3921700,0.0,0.0,PEG
2024-05-09 00:00:00-04:00,70.38218199183905,71.43947058305406,70.20758421532675,71.3909683227539,2294400,0.0,0.0,PEG
2024-05-10 00:00:00-04:00,71.52676540784309,72.12815939064357,71.2745743766996,71.78866577148438,3060700,0.0,0.0,PEG
2024-05-13 00:00:00-04:00,71.79836265183607,72.25425726979415,71.18727411735962,71.28427124023438,2838600,0.0,0.0,PEG
2024-05-14 00:00:00-04:00,71.60437220799268,71.73046773438443,70.97387977522098,71.52677154541016,1880000,0.0,0.0,PEG
2024-05-15 00:00:00-04:00,72.2251560335904,72.477354463475,71.87596048464428,72.2154541015625,2344000,0.0,0.0,PEG
2024-05-16 00:00:00-04:00,72.28335433935533,72.8653518667295,71.84686359423068,71.99236297607422,2090000,0.0,0.0,PEG
2024-05-17 00:00:00-04:00,72.15725788323294,72.4967515028472,71.59466422764025,72.3027572631836,1906700,0.0,0.0,PEG
2024-05-20 00:00:00-04:00,72.30275854824446,72.36095534109671,71.85656586876311,72.07965850830078,2125400,0.0,0.0,PEG
2024-05-21 00:00:00-04:00,72.08935719324197,72.91384378993517,72.02145847117089,72.89444732666016,1640300,0.0,0.0,PEG
2024-05-22 00:00:00-04:00,72.39975334588667,72.79745115202768,71.92446228523528,72.09906005859375,2520100,0.0,0.0,PEG
2024-05-23 00:00:00-04:00,71.92446603249459,72.08936188247817,71.09997938217055,71.34247589111328,2147400,0.0,0.0,PEG
2024-05-24 00:00:00-04:00,71.68196679744781,72.81684864004214,71.2648725219124,72.78775024414062,3021600,0.0,0.0,PEG
2024-05-28 00:00:00-04:00,72.81684865865745,73.1175419502578,72.17666174744284,72.3027572631836,2042400,0.0,0.0,PEG
2024-05-29 00:00:00-04:00,71.72077046475232,72.10875896204499,70.96418253446289,71.00297546386719,2268300,0.0,0.0,PEG
2024-05-30 00:00:00-04:00,71.25517511136987,71.97296272397662,71.01267859626158,71.6916732788086,2423000,0.0,0.0,PEG
2024-05-31 00:00:00-04:00,71.98266368597254,73.5443418142424,71.80806590143285,73.48614501953125,6511800,0.0,0.0,PEG
2024-06-03 00:00:00-04:00,73.24364486640444,73.51523976209583,72.2251566071558,72.3027572631836,2980400,0.0,0.0,PEG
2024-06-04 00:00:00-04:00,72.15725928010075,72.64225228905445,71.45886816314244,72.10875701904297,2758000,0.0,0.0,PEG
2024-06-05 00:00:00-04:00,71.8856620603291,72.96234709750809,71.61406716814083,72.61315155029297,2424400,0.0,0.0,PEG
2024-06-06 00:00:00-04:00,72.44825363081299,72.5549526783133,71.74986255641295,72.20575714111328,1596800,0.0,0.0,PEG
2024-06-07 00:00:00-04:00,71.57015002579338,71.93195635401587,70.9345344338771,71.26700592041016,1929600,0.6,0.0,PEG
2024-06-10 00:00:00-04:00,71.22788669611757,72.02974545114137,71.03231612108785,71.81461334228516,1853400,0.0,0.0,PEG
2024-06-11 00:00:00-04:00,71.18877249861643,72.13729791348062,70.89540920046802,72.03951263427734,2687700,0.0,0.0,PEG
2024-06-12 00:00:00-04:00,72.87070980147107,72.87070980147107,71.19855665253527,71.42346954345703,2121200,0.0,0.0,PEG
2024-06-13 00:00:00-04:00,71.39412822105004,71.87328134103936,70.86607872817771,71.5896987915039,2397300,0.0,0.0,PEG
2024-06-14 00:00:00-04:00,71.24744257762886,71.42345906540727,70.29890969685289,71.03231048583984,2507100,0.0,0.0,PEG
2024-06-17 00:00:00-04:00,71.1692143903258,72.44044546274165,70.89541261116891,71.45279693603516,3219900,0.0,0.0,PEG
2024-06-18 00:00:00-04:00,71.04208825692484,71.75592748354254,70.65093969384777,71.66792297363281,2546300,0.0,0.0,PEG
2024-06-20 00:00:00-04:00,71.78527946070481,72.30354820593982,71.29634555606208,71.9515151977539,1895000,0.0,0.0,PEG
2024-06-21 00:00:00-04:00,72.20575917497787,72.44045283288077,71.3550189118339,71.39413452148438,4594000,0.0,0.0,PEG
2024-06-24 00:00:00-04:00,71.42345867771655,73.32052442897111,71.42345867771655,73.09561157226562,2183400,0.0,0.0,PEG
2024-06-25 00:00:00-04:00,72.94893696220812,72.94893696220812,71.86350309881952,71.94173431396484,1656400,0.0,0.0,PEG
2024-06-26 00:00:00-04:00,71.77549538869657,72.38176862779203,71.33545041845677,71.49191284179688,5257200,0.0,0.0,PEG
2024-06-27 00:00:00-04:00,71.58969824345476,71.83416518492012,71.2083304116119,71.50169372558594,4359500,0.0,0.0,PEG
2024-06-28 00:00:00-04:00,71.67771412642416,72.16664803598901,71.38435079646949,72.06885528564453,5941300,0.0,0.0,PEG
2024-07-01 00:00:00-04:00,72.69468960961039,73.39875562838792,71.93195390944786,72.00040435791016,4075400,0.0,0.0,PEG
2024-07-02 00:00:00-04:00,71.78527946070481,72.25465183125982,71.49191613370344,71.9515151977539,2209000,0.0,0.0,PEG
2024-07-03 00:00:00-04:00,72.13730776043458,72.63602245114745,71.77550143194098,72.3524398803711,1687100,0.0,0.0,PEG
2024-07-05 00:00:00-04:00,72.4795604342955,72.56756495088072,72.10796591394308,72.4306640625,2004200,0.0,0.0,PEG
2024-07-08 00:00:00-04:00,72.43066002933867,73.21295717127254,72.36220958895983,72.93914794921875,1874500,0.0,0.0,PEG
2024-07-09 00:00:00-04:00,73.01739371715219,74.24950935022657,72.99783964194654,73.90725708007812,2918900,0.0,0.0,PEG
2024-07-10 00:00:00-04:00,74.31794943798594,74.71887879890744,73.63344499316743,74.60153198242188,2461900,0.0,0.0,PEG
2024-07-11 00:00:00-04:00,74.95357424800123,75.74564484082775,74.60154121551393,74.83622741699219,2567500,0.0,0.0,PEG
2024-07-12 00:00:00-04:00,75.18825102555347,75.49138764199091,74.5037465818112,74.59175109863281,3037400,0.0,0.0,PEG
2024-07-15 00:00:00-04:00,74.19083237783332,74.3179525055355,72.72403068364511,72.89026641845703,2434900,0.0,0.0,PEG
2024-07-16 00:00:00-04:00,73.2325186549931,73.47698560402446,72.80225443732535,72.89026641845703,2488600,0.0,0.0,PEG
2024-07-17 00:00:00-04:00,72.97826759192307,74.69931692311945,72.63601537108428,73.48676300048828,3060900,0.0,0.0,PEG
2024-07-18 00:00:00-04:00,73.09562116821066,74.11260461885921,72.08841848493033,72.29376983642578,2814800,0.0,0.0,PEG
2024-07-19 00:00:00-04:00,72.82182424386194,73.01739484108857,72.13731223248858,72.9880599975586,2242400,0.0,0.0,PEG
2024-07-22 00:00:00-04:00,73.0369493133716,74.27883815278568,73.0369493133716,74.14193725585938,1696700,0.0,0.0,PEG
2024-07-23 00:00:00-04:00,74.14193557953719,74.39618329402586,73.30096868283854,73.91702270507812,2136500,0.0,0.0,PEG
2024-07-24 00:00:00-04:00,74.30816620233998,74.90466611037779,73.6432158520948,74.26905059814453,2485000,0.0,0.0,PEG
2024-07-25 00:00:00-04:00,74.56240940479108,74.72864511719719,72.19597144765343,72.59689331054688,3312600,0.0,0.0,PEG
2024-07-26 00:00:00-04:00,72.88048822879735,74.51352571554611,72.55779005413504,74.3277359008789,2624600,0.0,0.0,PEG
2024-07-29 00:00:00-04:00,74.46463563022628,75.60873918364429,74.03437140410422,75.23715209960938,3690400,0.0,0.0,PEG
2024-07-30 00:00:00-04:00,75.28603316119944,76.5963797765569,74.6797599536725,76.273681640625,2767100,0.0,0.0,PEG
2024-07-31 00:00:00-04:00,78.7183557291189,79.20728961563516,77.5155750856517,78.00450897216797,6495700,0.0,0.0,PEG
2024-08-01 00:00:00-04:00,78.22942943034874,78.69880928956833,77.38846246712932,77.9849624633789,2676000,0.0,0.0,PEG
2024-08-02 00:00:00-04:00,78.99215872143903,80.07759256296882,75.9021003908204,77.08531951904297,5215400,0.0,0.0,PEG
2024-08-05 00:00:00-04:00,77.10487052751823,77.10487052751823,75.17846986802779,75.58917999267578,2944600,0.0,0.0,PEG
2024-08-06 00:00:00-04:00,75.68697291427496,77.38846088055088,75.66741137941615,76.68439483642578,3670100,0.0,0.0,PEG
2024-08-07 00:00:00-04:00,77.00709687292407,78.20009690070529,76.32259232938074,77.22222900390625,2616500,0.0,0.0,PEG
2024-08-08 00:00:00-04:00,76.88974511734202,78.12186067738493,76.59638924340575,77.60359191894531,2769400,0.0,0.0,PEG
2024-08-09 00:00:00-04:00,77.60358777647973,78.160972113799,76.35191820920411,78.09252166748047,2090400,0.0,0.0,PEG
2024-08-12 00:00:00-04:00,78.21964633062903,78.74769585880506,77.74049317860506,78.72814178466797,2974600,0.0,0.0,PEG
2024-08-13 00:00:00-04:00,79.109506882052,79.12906095550618,78.05340786258388,78.3565444946289,3837400,0.0,0.0,PEG
2024-08-14 00:00:00-04:00,78.1805307218153,79.08017480345198,77.97517937094788,78.72814178466797,1821800,0.0,0.0,PEG
2024-08-15 00:00:00-04:00,78.48367405194203,78.90415751687352,77.7502731801224,78.62057495117188,2153800,0.0,0.0,PEG
2024-08-16 00:00:00-04:00,78.86503559294621,79.11928329710129,78.21963929636924,78.8161392211914,2132300,0.0,0.0,PEG
2024-08-19 00:00:00-04:00,78.93348796765684,79.13883930507964,78.41521924075087,79.0899429321289,2115600,0.0,0.0,PEG
2024-08-20 00:00:00-04:00,79.21707450648165,79.31485979676795,78.41522318927089,78.5716781616211,1998100,0.0,0.0,PEG
2024-08-21 00:00:00-04:00,78.54234102926803,79.52998959158761,78.36632452767186,79.31485748291016,1714600,0.0,0.0,PEG
2024-08-22 00:00:00-04:00,79.3833079301676,79.73534093335995,78.92370887263654,79.31485748291016,1282500,0.0,0.0,PEG
2024-08-23 00:00:00-04:00,79.63755516307785,79.76467528991687,78.93348916096197,79.24640655517578,1315000,0.0,0.0,PEG
2024-08-26 00:00:00-04:00,79.51042757569965,79.73534044991857,79.04105521464851,79.24640655517578,1981000,0.0,0.0,PEG
2024-08-27 00:00:00-04:00,79.0410519688294,79.6473251986688,78.66945744933933,78.80635833740234,2201900,0.0,0.0,PEG
2024-08-28 00:00:00-04:00,78.93348543465571,79.60821656492045,78.56189091744842,78.73790740966797,2001200,0.0,0.0,PEG
2024-08-29 00:00:00-04:00,78.90414997786532,78.97260042094004,78.12185280512094,78.6303482055664,2149000,0.0,0.0,PEG
2024-08-30 00:00:00-04:00,78.58145412924806,79.08016877794917,78.18052476486075,78.96282196044922,4437700,0.0,0.0,PEG
2024-09-03 00:00:00-04:00,78.93349116161222,79.29529747814716,78.26854074948662,78.464111328125,3984600,0.0,0.0,PEG
2024-09-04 00:00:00-04:00,78.67924103360531,79.50065385194037,78.57167498048358,79.197509765625,2787000,0.0,0.0,PEG
2024-09-05 00:00:00-04:00,79.82334399945098,79.8429055329048,78.933488201318,79.10950469970703,1871000,0.0,0.0,PEG
2024-09-06 00:00:00-04:00,79.31486474323289,79.51043533600223,78.12186472993615,78.17076110839844,2197200,0.0,0.0,PEG
2024-09-09 00:00:00-04:00,78.36780420367884,79.26438944503002,77.75693856009549,79.23483276367188,3383700,0.6,0.0,PEG
2024-09-10 00:00:00-04:00,79.44173920335486,79.86540252054155,78.89984915753112,79.4614486694336,1936400,0.0,0.0,PEG
2024-09-11 00:00:00-04:00,79.35306929426912,81.12653787952492,78.61412217117282,80.98860168457031,4477800,0.0,0.0,PEG
2024-09-12 00:00:00-04:00,81.15610291409803,82.22018106942136,80.96890056889312,82.08224487304688,2950700,0.0,0.0,PEG
2024-09-13 00:00:00-04:00,81.79651696718179,82.93942545991113,81.45167647953375,82.91972351074219,2694800,0.0,0.0,PEG
2024-09-16 00:00:00-04:00,83.34337383684162,83.86556941749923,83.07735619726293,83.52072143554688,2081100,0.0,0.0,PEG
2024-09-17 00:00:00-04:00,83.49117045831828,83.84586567995707,82.95912762586008,83.4813232421875,2768300,0.0,0.0,PEG
2024-09-18 00:00:00-04:00,83.69807852739123,84.05277376503169,82.60443613082631,82.99854278564453,2359900,0.0,0.0,PEG
2024-09-19 00:00:00-04:00,82.73251520883294,83.34337330954082,81.14624156293831,82.2103271484375,3235400,0.0,0.0,PEG
2024-09-20 00:00:00-04:00,83.08721813389356,85.55037526450613,82.939427202665,85.48140716552734,6091700,0.0,0.0,PEG
2024-09-23 00:00:00-04:00,85.8755142190309,87.17606088951334,85.57993235516528,86.60460662841797,4008800,0.0,0.0,PEG
2024-09-24 00:00:00-04:00,86.21049470517244,87.56030744266138,85.80653335041379,86.42725372314453,2848600,0.0,0.0,PEG
2024-09-25 00:00:00-04:00,87.0282680180686,87.25487426061758,85.99373903455349,86.93959045410156,2648000,0.0,0.0,PEG
2024-09-26 00:00:00-04:00,86.63415419975982,87.21545561607633,85.95432049454509,86.13166809082031,2910800,0.0,0.0,PEG
2024-09-27 00:00:00-04:00,86.42725951732703,87.19576334750685,86.23020243461484,86.94944763183594,1963800,0.0,0.0,PEG
2024-09-30 00:00:00-04:00,87.17605654919339,88.1021984770741,86.28931851870448,87.89529418945312,2827800,0.0,0.0,PEG
2024-10-01 00:00:00-04:00,87.93470628513921,89.69832762695465,87.57015633729176,89.39289855957031,2926200,0.0,0.0,PEG
2024-10-02 00:00:00-04:00,88.66380229041305,89.85596944391908,88.51601135864837,89.6884765625,1885000,0.0,0.0,PEG
2024-10-03 00:00:00-04:00,90.12199482850414,90.84123250538322,89.86582438066272,90.25007629394531,1935100,0.0,0.0,PEG
2024-10-04 00:00:00-04:00,89.44215804114833,90.81167276639405,89.44215804114833,90.67373657226562,1904900,0.0,0.0,PEG
2024-10-07 00:00:00-04:00,90.49639025014707,90.53580166573839,88.55542125478834,88.6539535522461,3449700,0.0,0.0,PEG
2024-10-08 00:00:00-04:00,89.30422262203783,90.29934018856508,88.79188925610867,89.64906311035156,3368100,0.0,0.0,PEG
2024-10-09 00:00:00-04:00,89.36333565995182,89.89537849010195,88.18102327092409,88.71306610107422,2359400,0.0,0.0,PEG
2024-10-10 00:00:00-04:00,88.88055593368767,89.41259874561396,87.29428223061817,87.39280700683594,2488600,0.0,0.0,PEG
2024-10-11 00:00:00-04:00,85.74742837030153,87.02827313791394,83.9443954721417,86.36814880371094,3781500,0.0,0.0,PEG
2024-10-14 00:00:00-04:00,86.68342836124249,87.96426554883837,86.23020083787648,87.84603881835938,2304600,0.0,0.0,PEG
2024-10-15 00:00:00-04:00,88.55541924173461,88.70321016760273,86.68342590393428,86.87062072753906,3724200,0.0,0.0,PEG
2024-10-16 00:00:00-04:00,87.31398999213883,89.03819985165767,87.04796483288777,88.88055419921875,2174500,0.0,0.0,PEG
2024-10-17 00:00:00-04:00,88.65395455826594,89.12687651681053,88.33867074691653,88.3780746459961,1655800,0.0,0.0,PEG
2024-10-18 00:00:00-04:00,88.47660623994342,88.76232584926919,87.7869177402,88.43719482421875,1581100,0.0,0.0,PEG
2024-10-21 00:00:00-04:00,88.7918897446969,89.31407784658238,88.36822642330623,88.84114837646484,1772600,0.0,0.0,PEG
2024-10-22 00:00:00-04:00,88.25984953912919,89.04805532352893,87.75736337158894,88.4470443725586,2405700,0.0,0.0,PEG
2024-10-23 00:00:00-04:00,88.37807154533962,89.5111252865791,88.37807154533962,89.39289855957031,1838400,0.0,0.0,PEG
2024-10-24 00:00:00-04:00,89.65891926323098,89.92493692501158,88.8608587609302,89.15643310546875,1466300,0.0,0.0,PEG
2024-10-25 00:00:00-04:00,89.64906297220983,89.68847438752194,88.24999155494486,88.3091049194336,1951700,0.0,0.0,PEG
2024-10-28 00:00:00-04:00,88.79188903976844,89.51112669693342,88.63424337866118,89.08746337890625,1574700,0.0,0.0,PEG
2024-10-29 00:00:00-04:00,88.18101970972994,88.59482827748208,86.81150503291316,86.86077117919922,2969600,0.0,0.0,PEG
2024-10-30 00:00:00-04:00,87.58986600479321,87.6686888342864,86.77209606195862,87.05782318115234,2399200,0.0,0.0,PEG
2024-10-31 00:00:00-04:00,87.41252005817971,88.47660572568428,86.9888567378006,88.09235382080078,2940500,0.0,0.0,PEG
2024-11-01 00:00:00-04:00,88.0923504321588,88.23028662260798,85.94447723050338,86.0232925415039,2517400,0.0,0.0,PEG
2024-11-04 00:00:00-05:00,82.9591239974236,83.77689391804344,79.80628607293075,80.66346740722656,5443900,0.0,0.0,PEG
2024-11-05 00:00:00-05:00,80.97875431368614,82.73252094643568,80.87037480114913,82.54531860351562,2693100,0.0,0.0,PEG
2024-11-06 00:00:00-05:00,82.84090004991923,83.3039747799346,81.1659487388645,82.57487487792969,2757400,0.0,0.0,PEG
2024-11-07 00:00:00-05:00,82.67340182529104,83.68822126569135,82.41723140286355,82.98868560791016,2625700,0.0,0.0,PEG
2024-11-08 00:00:00-05:00,83.50102872811094,85.18582734377577,83.44191536098701,84.55525970458984,2639200,0.0,0.0,PEG
2024-11-11 00:00:00-05:00,84.80156832153321,86.72282776175004,84.52569594211322,86.64401245117188,2452000,0.0,0.0,PEG
2024-11-12 00:00:00-05:00,86.47651764742184,86.8706242935954,85.00847809530839,85.45185089111328,2528900,0.0,0.0,PEG
2024-11-13 00:00:00-05:00,86.04300597739532,86.6932755456681,85.38288167593326,85.72772216796875,2372200,0.0,0.0,PEG
2024-11-14 00:00:00-05:00,86.31887590933869,86.51592546575114,85.1562654858043,85.71786499023438,1669500,0.0,0.0,PEG
2024-11-15 00:00:00-05:00,85.65875120869892,87.737656341628,85.30405599532038,87.67853546142578,2473600,0.0,0.0,PEG
2024-11-18 00:00:00-05:00,87.36325108122394,88.8805567023675,87.21546015713982,88.11205291748047,2444700,0.0,0.0,PEG
2024-11-19 00:00:00-05:00,87.69825090584368,88.78203856862648,87.23517615031012,88.7623291015625,2318800,0.0,0.0,PEG
2024-11-20 00:00:00-05:00,88.8608587609302,89.49142638296324,88.11205689090635,89.15643310546875,1641000,0.0,0.0,PEG
2024-11-21 00:00:00-05:00,89.41260226879278,91.04814218289664,89.02835036453155,90.98902130126953,2162800,0.0,0.0,PEG
2024-11-22 00:00:00-05:00,91.41268145997499,91.62944047887495,90.54565290133375,91.03828430175781,1784900,0.0,0.0,PEG
2024-11-25 00:00:00-05:00,91.422540787604,91.73782459904314,90.04317129369818,91.6491470336914,5326600,0.0,0.0,PEG
2024-11-26 00:00:00-05:00,91.68855195794347,93.27482563607886,91.60973664838329,93.1171875,2657700,0.0,0.0,PEG
2024-11-27 00:00:00-05:00,93.30438371703296,93.81672458013468,92.6245574997429,92.81175231933594,2502000,0.0,0.0,PEG
2024-11-29 00:00:00-05:00,93.13689218641242,93.52114408078998,92.53588127121496,92.91028594970703,1190100,0.0,0.0,PEG
2024-12-02 00:00:00-05:00,93.49158561489759,93.59011039058298,90.83137908659948,90.91019439697266,2078900,0.0,0.0,PEG
2024-12-03 00:00:00-05:00,91.82648829875359,91.98413395205338,89.80670410531977,89.81655883789062,2458400,0.0,0.0,PEG
2024-12-04 00:00:00-05:00,89.92494028156123,90.50624929301536,89.46187303947043,90.44713592529297,1725800,0.0,0.0,PEG
2024-12-05 00:00:00-05:00,90.37816119541995,90.89049455100987,90.09243407745218,90.17124938964844,2066500,0.0,0.0,PEG
2024-12-06 00:00:00-05:00,89.95449730508263,90.26978110271156,88.33866690261445,88.67365264892578,1646800,0.0,0.0,PEG
2024-12-09 00:00:00-05:00,88.4963095096726,88.66380239128223,86.57504994542322,86.60460662841797,2639300,0.0,0.0,PEG
2024-12-10 00:00:00-05:00,86.42603592255158,86.42603592255158,84.66020840912245,85.69192504882812,3115500,0.6,0.0,PEG
2024-12-11 00:00:00-05:00,85.969699949856,85.969699949856,84.62053263549242,84.87845611572266,3585600,0.0,0.0,PEG
2024-12-12 00:00:00-05:00,85.65224313728453,86.26730716610616,84.86854265210192,85.26535034179688,2129700,0.0,0.0,PEG
2024-12-13 00:00:00-05:00,85.47368348135231,86.36650834409177,85.31495435194527,86.11849975585938,2143200,0.0,0.0,PEG
2024-12-16 00:00:00-05:00,86.17803089201962,86.2871552813059,85.23559367260376,85.36456298828125,1984900,0.0,0.0,PEG
2024-12-17 00:00:00-05:00,84.76933288574219,85.60264568236254,84.29316063220614,84.76933288574219,1810800,0.0,0.0,PEG
2024-12-18 00:00:00-05:00,84.65029476295724,84.82886125262777,82.26941075689058,82.31901550292969,2963200,0.0,0.0,PEG
2024-12-19 00:00:00-05:00,82.32893232980771,83.52929303963933,82.32893232980771,82.52734375,2844400,0.0,0.0,PEG
2024-12-20 00:00:00-05:00,81.71387142789675,84.50148550534269,81.4757777365473,84.38243865966797,5833000,0.0,0.0,PEG
2024-12-23 00:00:00-05:00,84.3725275629378,84.59076877023158,83.13248458034684,84.55109405517578,1953600,0.0,0.0,PEG
2024-12-24 00:00:00-05:00,84.41219982671059,85.15622559465908,84.2634007280181,85.10662841796875,600800,0.0,0.0,PEG
2024-12-26 00:00:00-05:00,84.80901364960071,85.04710734072661,84.12451510132253,84.71973419189453,943300,0.0,0.0,PEG
2024-12-27 00:00:00-05:00,84.04515269528879,84.4618053125237,83.53921304943408,84.25347900390625,1356000,0.0,0.0,PEG
2024-12-30 00:00:00-05:00,83.59873061935632,84.06498797079246,82.93406942708926,83.7971420288086,1247000,0.0,0.0,PEG
2024-12-31 00:00:00-05:00,83.86659083246714,84.27332100926225,83.33089133706565,83.81698608398438,1784600,0.0,0.0,PEG
2025-01-02 00:00:00-05:00,84.47173151796403,84.66021290918493,83.72770571052799,84.42212677001953,1860900,0.0,0.0,PEG
2025-01-03 00:00:00-05:00,84.68997786216559,86.06890504677861,84.14435592496403,85.5629653930664,1685000,0.0,0.0,PEG
2025-01-06 00:00:00-05:00,84.87845740887687,85.27527266655085,83.70785656148045,85.01734161376953,2532900,0.0,0.0,PEG
2025-01-07 00:00:00-05:00,85.6423298473691,85.86057862196257,84.4221242296972,84.72966003417969,1439800,0.0,0.0,PEG
2025-01-08 00:00:00-05:00,84.6205376755286,85.04711277192733,83.41025449185675,84.60069274902344,2174600,0.0,0.0,PEG
2025-01-10 00:00:00-05:00,84.24355771848467,84.88838157909689,83.38049265195258,83.5590591430664,2524900,0.0,0.0,PEG
2025-01-13 00:00:00-05:00,83.46976989042365,83.82690286314094,82.5868599213785,83.44001007080078,1984500,0.0,0.0,PEG
2025-01-14 00:00:00-05:00,83.74753728664555,84.94789793153548,83.56897080244417,84.38243865966797,1497200,0.0,0.0,PEG
2025-01-15 00:00:00-05:00,85.84073287440981,86.49547919192412,85.32487833190712,85.58280181884766,1834800,0.0,0.0,PEG
2025-01-16 00:00:00-05:00,85.52328518085666,87.78512241417745,85.35464114840877,87.77520751953125,1820800,0.0,0.0,PEG
2025-01-17 00:00:00-05:00,87.59664112529025,88.08273586528271,86.78317321466898,87.43791198730469,2714200,0.0,0.0,PEG
2025-01-21 00:00:00-05:00,88.19185387063239,89.90806903127589,87.99344246251492,89.66998291015625,2396000,0.0,0.0,PEG
2025-01-22 00:00:00-05:00,89.86839391655631,90.25529430108493,87.3684705238807,87.50735473632812,2388700,0.0,0.0,PEG
2025-01-23 00:00:00-05:00,87.87440434149853,88.24145220625388,86.98157191478569,87.46766662597656,1593200,0.0,0.0,PEG
2025-01-24 00:00:00-05:00,86.97165489284866,87.63631613096184,86.44587786662115,87.3486328125,2211300,0.0,0.0,PEG
2025-01-27 00:00:00-05:00,84.57092837160887,84.90821641780661,79.56115187463978,81.43609619140625,5554800,0.0,0.0,PEG
2025-01-28 00:00:00-05:00,82.1206067642301,82.52734450286847,80.01749867135848,81.0888900756836,3509500,0.0,0.0,PEG
2025-01-29 00:00:00-05:00,80.79127848820177,82.1007635048017,80.51351008598682,81.04920196533203,2915600,0.0,0.0,PEG
2025-01-30 00:00:00-05:00,82.0412429728756,83.70786109037917,81.16825541365826,83.16224670410156,2923200,0.0,0.0,PEG
2025-01-31 00:00:00-05:00,83.2912024730283,83.94594877189836,82.47773461507002,82.87454986572266,1854400,0.0,0.0,PEG
2025-02-03 00:00:00-05:00,81.85275506375622,83.09279798195617,81.3368929713571,82.80510711669922,2065500,0.0,0.0,PEG
2025-02-04 00:00:00-05:00,82.3388567160397,83.32096867090844,81.72379265201117,82.73567199707031,1574300,0.0,0.0,PEG
2025-02-05 00:00:00-05:00,83.28128518359428,84.1245204818436,82.84479519252208,83.43009185791016,1572300,0.0,0.0,PEG
2025-02-06 00:00:00-05:00,84.05507460680943,84.16419142321767,82.63646517004402,83.26144409179688,1607800,0.0,0.0,PEG
2025-02-07 00:00:00-05:00,83.25152329804925,84.04515382897284,82.88447542160998,82.9737548828125,1545100,0.0,0.0,PEG
2025-02-10 00:00:00-05:00,82.97375501560701,83.46977220607268,82.25948905035699,83.22176361083984,1536500,0.0,0.0,PEG
2025-02-11 00:00:00-05:00,82.87455087548838,83.19200156615412,82.00156336831297,83.10271453857422,2341500,0.0,0.0,PEG
2025-02-12 00:00:00-05:00,81.68410757449607,83.58881934460186,81.68410757449607,83.13248443603516,1704700,0.0,0.0,PEG
2025-02-13 00:00:00-05:00,83.58881566191727,83.76738214597812,82.44797465645185,83.21183776855469,2132600,0.0,0.0,PEG
2025-02-14 00:00:00-05:00,83.53921142557087,83.82690229434223,83.01343443281064,83.03327178955078,1665300,0.0,0.0,PEG
2025-02-18 00:00:00-05:00,83.51937904188043,84.56101062674267,83.03327673365618,84.2634048461914,2637600,0.0,0.0,PEG
2025-02-19 00:00:00-05:00,84.09475247405926,85.57288917447954,84.03523283221908,85.1165542602539,2514300,0.0,0.0,PEG
2025-02-20 00:00:00-05:00,84.96774911943525,85.49352614816416,83.66817888971943,83.99555206298828,2213100,0.0,0.0,PEG
2025-02-21 00:00:00-05:00,83.72770391281274,84.1741163602407,82.67614231421828,83.29120635986328,4699100,0.0,0.0,PEG
2025-02-24 00:00:00-05:00,83.00351267187395,84.00546948970428,82.54717777677833,83.68801879882812,2279800,0.0,0.0,PEG
2025-02-25 00:00:00-05:00,84.63044997554361,85.34471593539426,79.87860441856868,82.56702423095703,3853400,0.0,0.0,PEG
2025-02-26 00:00:00-05:00,82.10076515618222,84.21379560292293,81.93211356405546,82.2694091796875,3602300,0.0,0.0,PEG
2025-02-27 00:00:00-05:00,82.25949230643866,82.76543197995436,79.95797275432167,80.05717468261719,4382800,0.0,0.0,PEG
2025-02-28 00:00:00-05:00,81.1384948582612,81.56506995497247,79.22386815469041,80.50359344482422,6051800,0.0,0.0,PEG
2025-03-03 00:00:00-05:00,80.65239921808913,82.06108624037402,80.05717252709842,81.10873413085938,3706000,0.0,0.0,PEG
2025-03-04 00:00:00-05:00,81.03928879386096,81.92219876336198,79.79924585145824,80.76152038574219,3373600,0.0,0.0,PEG
2025-03-05 00:00:00-05:00,80.32502298642524,81.96188118694076,80.1861387821266,81.00952911376953,4955900,0.0,0.0,PEG
2025-03-06 00:00:00-05:00,79.84884709682166,80.13653798235346,76.86282898876551,77.57708740234375,3705100,0.0,0.0,PEG
2025-03-07 00:00:00-05:00,77.30923556901257,78.57903829927302,76.93226524866064,78.45999145507812,4392000,0.0,0.0,PEG
2025-03-10 00:00:00-04:00,78.12000274658203,78.66999816894531,76.9000015258789,78.58999633789062,6025300,0.63,0.0,PEG
2025-03-11 00:00:00-04:00,78.66999816894531,79.83999633789062,78.0199966430664,78.55000305175781,3927700,0.0,0.0,PEG
2025-03-12 00:00:00-04:00,79.0999984741211,80.52999877929688,78.43000030517578,79.56999969482422,3191300,0.0,0.0,PEG
2025-03-13 00:00:00-04:00,79.55999755859375,80.5,78.94999694824219,79.73999786376953,2395100,0.0,0.0,PEG
2025-03-14 00:00:00-04:00,80.20999908447266,81.63999938964844,79.83000183105469,81.52999877929688,2287000,0.0,0.0,PEG
2025-03-17 00:00:00-04:00,81.36000061035156,82.83999633789062,80.9000015258789,82.2300033569336,2031000,0.0,0.0,PEG
2025-03-18 00:00:00-04:00,81.52999877929688,82.37000274658203,81.41999816894531,82.16999816894531,3348600,0.0,0.0,PEG
2025-03-19 00:00:00-04:00,82.02999877929688,83.5,81.94000244140625,83.12999725341797,3738400,0.0,0.0,PEG
2025-03-20 00:00:00-04:00,82.95999908447266,83.69000244140625,82.70999908447266,83.30000305175781,3100300,0.0,0.0,PEG
2025-03-21 00:00:00-04:00,82.9000015258789,83.20999908447266,82.30999755859375,82.9800033569336,5339700,0.0,0.0,PEG
2025-03-24 00:00:00-04:00,83.47000122070312,84.55999755859375,83.25,83.33000183105469,2446300,0.0,0.0,PEG
2025-03-25 00:00:00-04:00,83.27999877929688,83.77999877929688,80.7300033569336,81.41999816894531,2615200,0.0,0.0,PEG
2025-03-26 00:00:00-04:00,81.44000244140625,81.87000274658203,81.05999755859375,81.52999877929688,2168500,0.0,0.0,PEG
2025-03-27 00:00:00-04:00,81.7699966430664,81.7699966430664,80.5199966430664,80.70999908447266,2519300,0.0,0.0,PEG
2025-03-28 00:00:00-04:00,81.26000213623047,82.4000015258789,80.76000213623047,81.62999725341797,1907300,0.0,0.0,PEG
2025-03-31 00:00:00-04:00,81.4000015258789,82.70999908447266,81.0999984741211,82.30000305175781,3169900,0.0,0.0,PEG
2025-04-01 00:00:00-04:00,82.2300033569336,83.37999725341797,82.08000183105469,83.26000213623047,2208200,0.0,0.0,PEG
2025-04-02 00:00:00-04:00,82.58999633789062,83.97000122070312,82.2699966430664,83.79000091552734,2352100,0.0,0.0,PEG
2025-04-03 00:00:00-04:00,82.75,83.52999877929688,81.3499984741211,81.55000305175781,2666600,0.0,0.0,PEG
2025-04-04 00:00:00-04:00,81.30999755859375,82.36000061035156,76.91000366210938,77.7300033569336,4819800,0.0,0.0,PEG
2025-04-07 00:00:00-04:00,76.61000061035156,79.0,74.66999816894531,77.12999725341797,4481400,0.0,0.0,PEG
2025-04-08 00:00:00-04:00,79.19999694824219,79.93000030517578,76.58999633789062,77.69999694824219,4259900,0.0,0.0,PEG
2025-04-09 00:00:00-04:00,77.51000213623047,82.12999725341797,75.16999816894531,81.83000183105469,5342700,0.0,0.0,PEG
2025-04-10 00:00:00-04:00,81.16000366210938,81.93000030517578,79.29000091552734,81.2300033569336,4349100,0.0,0.0,PEG
2025-04-11 00:00:00-04:00,81.06999969482422,82.47000122070312,79.98999786376953,82.13999938964844,2495300,0.0,0.0,PEG
2025-04-14 00:00:00-04:00,83.0,84.04000091552734,82.5,83.66999816894531,2202400,0.0,0.0,PEG
2025-04-15 00:00:00-04:00,84.16000366210938,84.5,83.38999938964844,83.52999877929688,1651100,0.0,0.0,PEG
2025-04-16 00:00:00-04:00,83.62000274658203,84.0199966430664,82.55999755859375,83.02999877929688,1989600,0.0,0.0,PEG
2025-04-17 00:00:00-04:00,83.52999877929688,84.76000213623047,83.26000213623047,83.36000061035156,2125200,0.0,0.0,PEG
2025-04-21 00:00:00-04:00,83.0,83.2300033569336,79.2699966430664,80.25,1985000,0.0,0.0,PEG
2025-04-22 00:00:00-04:00,81.3499984741211,82.62000274658203,80.87999725341797,82.0,1839900,0.0,0.0,PEG
2025-04-23 00:00:00-04:00,83.23999786376953,83.93000030517578,81.18000030517578,81.83999633789062,2946600,0.0,0.0,PEG
2025-04-24 00:00:00-04:00,81.86000061035156,82.52999877929688,81.08000183105469,81.72000122070312,2634500,0.0,0.0,PEG
2025-04-25 00:00:00-04:00,81.5999984741211,81.98999786376953,80.47000122070312,81.02999877929688,2886100,0.0,0.0,PEG
2025-04-28 00:00:00-04:00,80.81999969482422,81.33999633789062,80.2699966430664,80.9000015258789,3615000,0.0,0.0,PEG
2025-04-29 00:00:00-04:00,80.4000015258789,81.69000244140625,80.4000015258789,81.61000061035156,3076500,0.0,0.0,PEG
2025-04-30 00:00:00-04:00,80.66000366210938,80.70999908447266,77.75,79.93000030517578,4465600,0.0,0.0,PEG
2025-05-01 00:00:00-04:00,79.63999938964844,80.58999633789062,78.48999786376953,78.66000366210938,4684500,0.0,0.0,PEG
2025-05-02 00:00:00-04:00,79.44000244140625,79.83999633789062,78.27999877929688,79.4800033569336,2203300,0.0,0.0,PEG
2025-05-05 00:00:00-04:00,79.04000091552734,79.1500015258789,78.12999725341797,78.3499984741211,3537900,0.0,0.0,PEG
2025-05-06 00:00:00-04:00,78.01000213623047,80.4800033569336,77.94999694824219,79.69999694824219,2910400,0.0,0.0,PEG
2025-05-07 00:00:00-04:00,79.37999725341797,80.48999786376953,78.77999877929688,79.79000091552734,2510400,0.0,0.0,PEG
2025-05-08 00:00:00-04:00,79.5199966430664,80.30999755859375,78.86000061035156,79.4800033569336,3549400,0.0,0.0,PEG
2025-05-09 00:00:00-04:00,79.72000122070312,80.0,78.6500015258789,78.94000244140625,1793000,0.0,0.0,PEG
2025-05-12 00:00:00-04:00,79.01000213623047,79.54000091552734,78.44999694824219,79.01000213623047,3377800,0.0,0.0,PEG
2025-05-13 00:00:00-04:00,78.87999725341797,79.45999908447266,77.37999725341797,77.58999633789062,2767500,0.0,0.0,PEG
2025-05-14 00:00:00-04:00,77.6500015258789,77.6500015258789,76.0,77.29000091552734,3171100,0.0,0.0,PEG
2025-05-15 00:00:00-04:00,77.6500015258789,78.68000030517578,77.58000183105469,78.44000244140625,3689500,0.0,0.0,PEG
2025-05-16 00:00:00-04:00,78.66000366210938,79.33999633789062,78.12000274658203,79.29000091552734,3990100,0.0,0.0,PEG
2025-05-19 00:00:00-04:00,78.72000122070312,79.80000305175781,78.37999725341797,79.7699966430664,3011700,0.0,0.0,PEG
2025-05-20 00:00:00-04:00,79.19000244140625,79.8499984741211,78.83000183105469,79.37000274658203,2810500,0.0,0.0,PEG
2025-05-21 00:00:00-04:00,78.98999786376953,79.3499984741211,77.73999786376953,77.88999938964844,3480200,0.0,0.0,PEG
2025-05-22 00:00:00-04:00,77.55999755859375,78.05000305175781,76.73999786376953,77.37000274658203,3150500,0.0,0.0,PEG
2025-05-23 00:00:00-04:00,77.77999877929688,79.11000061035156,77.22000122070312,78.95999908447266,2572100,0.0,0.0,PEG
2025-05-27 00:00:00-04:00,79.72000122070312,79.80999755859375,79.01000213623047,79.5999984741211,2953100,0.0,0.0,PEG
2025-05-28 00:00:00-04:00,79.38999938964844,79.8499984741211,77.80999755859375,78.08999633789062,2192900,0.0,0.0,PEG
2025-05-29 00:00:00-04:00,78.08999633789062,79.58000183105469,77.77999877929688,79.55000305175781,2544000,0.0,0.0,PEG
2025-05-30 00:00:00-04:00,79.62999725341797,81.37999725341797,79.30000305175781,81.02999877929688,12247500,0.0,0.0,PEG
2025-06-02 00:00:00-04:00,80.75,82.69999694824219,80.33000183105469,81.9000015258789,3701800,0.0,0.0,PEG
